comparison,condition,target,trial,generation,max_fitness,mean_fitness,diversity,stagnant_streak
A_init_method,slerp_prompt,tense orchestral strings with brass fanfare,0,0,0.5753172636032104,0.4154576013485591,0.14516671895980834,0
A_init_method,slerp_prompt,tense orchestral strings with brass fanfare,0,1,0.6842422485351562,0.5885341167449951,0.0323591669400533,0
A_init_method,slerp_prompt,tense orchestral strings with brass fanfare,0,2,0.7488365173339844,0.6761602262655894,0.03361191749572754,0
A_init_method,slerp_prompt,tense orchestral strings with brass fanfare,0,3,0.7512059807777405,0.7356563111146291,0.013818140824635823,1
A_init_method,slerp_prompt,tense orchestral strings with brass fanfare,0,4,0.7759888172149658,0.7432586153348287,0.04435654083887736,2
A_init_method,slerp_prompt,tense orchestral strings with brass fanfare,0,5,0.7759888172149658,0.7345619897047678,0.04852667252222697,3
A_init_method,slerp_prompt,tense orchestral strings with brass fanfare,0,6,0.8013631105422974,0.7358556886514028,0.07847390174865723,4
A_init_method,slerp_prompt,tense orchestral strings with brass fanfare,0,7,0.8126142024993896,0.7811027268568674,0.04010969400405884,5
A_init_method,slerp_random,tense orchestral strings with brass fanfare,0,0,0.18192534148693085,0.1603028749426206,0.3473855217297872,0
A_init_method,slerp_random,tense orchestral strings with brass fanfare,0,1,0.34411734342575073,0.24732263137896857,0.098726220925649,0
A_init_method,slerp_random,tense orchestral strings with brass fanfare,0,2,0.5529046058654785,0.4245858391125997,0.0538626750310262,0
A_init_method,slerp_random,tense orchestral strings with brass fanfare,0,3,0.559850811958313,0.5321387747923533,0.024523818492889406,0
A_init_method,slerp_random,tense orchestral strings with brass fanfare,0,4,0.6498039364814758,0.5645147760709127,0.09938019116719564,1
A_init_method,slerp_random,tense orchestral strings with brass fanfare,0,5,0.6656531095504761,0.6271527210871378,0.051890762646993,2
A_init_method,slerp_random,tense orchestral strings with brass fanfare,0,6,0.6959645748138428,0.6611049671967825,0.048418951034545896,3
A_init_method,slerp_random,tense orchestral strings with brass fanfare,0,7,0.8357555270195007,0.7262005309263865,0.040756221612294516,0
A_init_method,gaussian,tense orchestral strings with brass fanfare,0,0,0.1283380091190338,0.09353590508302052,0.8421467880407969,0
A_init_method,gaussian,tense orchestral strings with brass fanfare,0,1,0.24294467270374298,0.1826266571879387,0.16046257813771567,1
A_init_method,gaussian,tense orchestral strings with brass fanfare,0,2,0.3819260895252228,0.28930046906073886,0.01819204886754354,0
A_init_method,gaussian,tense orchestral strings with brass fanfare,0,3,0.42424672842025757,0.36798443893591565,0.012003592650095622,0
A_init_method,gaussian,tense orchestral strings with brass fanfare,0,4,0.49190136790275574,0.43759524325529736,0.059864850838979085,0
A_init_method,gaussian,tense orchestral strings with brass fanfare,0,5,0.5317870378494263,0.49840515355269116,0.04053499301274618,0
A_init_method,gaussian,tense orchestral strings with brass fanfare,0,6,0.6002891659736633,0.5514854788780212,0.053404951095581056,0
A_init_method,gaussian,tense orchestral strings with brass fanfare,0,7,0.8149101734161377,0.6577619314193726,0.054798654715220135,0
A_init_method,slerp_prompt,tense orchestral strings with brass fanfare,1,0,0.587583065032959,0.41404779503742856,0.18014899889628092,0
A_init_method,slerp_prompt,tense orchestral strings with brass fanfare,1,1,0.7365347146987915,0.61920166015625,0.03445443312327067,0
A_init_method,slerp_prompt,tense orchestral strings with brass fanfare,1,2,0.7469534873962402,0.6707194447517395,0.07680501143137614,0
A_init_method,slerp_prompt,tense orchestral strings with brass fanfare,1,3,0.8296003937721252,0.7597381075223287,0.02047720750172933,0
A_init_method,slerp_prompt,tense orchestral strings with brass fanfare,1,4,0.857692539691925,0.798325260480245,0.045735299587249756,0
A_init_method,slerp_prompt,tense orchestral strings with brass fanfare,1,5,0.8605092167854309,0.8443697094917297,0.030247859160105386,0
A_init_method,slerp_prompt,tense orchestral strings with brass fanfare,1,6,0.8677526712417603,0.8531451026598612,0.041292440891265866,1
A_init_method,slerp_prompt,tense orchestral strings with brass fanfare,1,7,0.8812274932861328,0.8624468346436819,0.01490080753962199,2
A_init_method,slerp_random,tense orchestral strings with brass fanfare,1,0,0.19325976073741913,0.14977268129587173,0.3512834906578064,0
A_init_method,slerp_random,tense orchestral strings with brass fanfare,1,1,0.29342302680015564,0.24337723602851233,0.08473234971364339,0
A_init_method,slerp_random,tense orchestral strings with brass fanfare,1,2,0.607234001159668,0.36576440433661145,0.07244650522867839,0
A_init_method,slerp_random,tense orchestral strings with brass fanfare,1,3,0.6363322734832764,0.5608291625976562,0.038377042611440024,0
A_init_method,slerp_random,tense orchestral strings with brass fanfare,1,4,0.7342493534088135,0.6764871974786123,0.04802272319793701,0
A_init_method,slerp_random,tense orchestral strings with brass fanfare,1,5,0.7342493534088135,0.7199267546335856,0.03578545252482097,1
A_init_method,slerp_random,tense orchestral strings with brass fanfare,1,6,0.7342493534088135,0.7204614579677582,0.03161988258361816,2
A_init_method,slerp_random,tense orchestral strings with brass fanfare,1,7,0.7345210313796997,0.7290480732917786,0.010815028349558513,3
A_init_method,gaussian,tense orchestral strings with brass fanfare,1,0,0.1427285522222519,0.07684274374817808,0.8485096832116444,0
A_init_method,gaussian,tense orchestral strings with brass fanfare,1,1,0.20393365621566772,0.17614434659481049,0.12147732973098754,1
A_init_method,gaussian,tense orchestral strings with brass fanfare,1,2,0.46253448724746704,0.2563805828491847,0.03335930506388347,0
A_init_method,gaussian,tense orchestral strings with brass fanfare,1,3,0.5401127338409424,0.4028953065474828,0.03360658884048462,0
A_init_method,gaussian,tense orchestral strings with brass fanfare,1,4,0.6277267932891846,0.5707824230194092,0.04029287894566854,0
A_init_method,gaussian,tense orchestral strings with brass fanfare,1,5,0.6471991539001465,0.6359802881876627,0.04056404034296671,0
A_init_method,gaussian,tense orchestral strings with brass fanfare,1,6,0.6564111709594727,0.644080400466919,0.036442418893178306,1
A_init_method,gaussian,tense orchestral strings with brass fanfare,1,7,0.6678780913352966,0.6579229434331259,0.00898307164510091,2
A_init_method,slerp_prompt,tense orchestral strings with brass fanfare,2,0,0.5633947253227234,0.32665111869573593,0.19019757906595866,0
A_init_method,slerp_prompt,tense orchestral strings with brass fanfare,2,1,0.7089824676513672,0.565104141831398,0.08369027376174927,0
A_init_method,slerp_prompt,tense orchestral strings with brass fanfare,2,2,0.7302983999252319,0.6766585807005564,0.05966491301854451,0
A_init_method,slerp_prompt,tense orchestral strings with brass fanfare,2,3,0.7388489246368408,0.7088609139124552,0.04679435888926188,1
A_init_method,slerp_prompt,tense orchestral strings with brass fanfare,2,4,0.7484018802642822,0.7196414271990458,0.04232241312662761,2
A_init_method,slerp_prompt,tense orchestral strings with brass fanfare,2,5,0.7864300608634949,0.723391185204188,0.06626318693161011,3
A_init_method,slerp_prompt,tense orchestral strings with brass fanfare,2,6,0.7864300608634949,0.7652068833510081,0.07637701431910197,4
A_init_method,slerp_prompt,tense orchestral strings with brass fanfare,2,7,0.7884594202041626,0.7781280179818472,0.026515487829844156,5
A_init_method,slerp_random,tense orchestral strings with brass fanfare,2,0,0.20803968608379364,0.15491766606767973,0.3499557852745056,0
A_init_method,slerp_random,tense orchestral strings with brass fanfare,2,1,0.3729104697704315,0.2577831620971362,0.10439623196919759,0
A_init_method,slerp_random,tense orchestral strings with brass fanfare,2,2,0.5585180521011353,0.41369857390721637,0.07023877302805583,0
A_init_method,slerp_random,tense orchestral strings with brass fanfare,2,3,0.5971941947937012,0.5349276661872864,0.07339520454406738,0
A_init_method,slerp_random,tense orchestral strings with brass fanfare,2,4,0.6602054834365845,0.6125644048055013,0.035206154982248945,0
A_init_method,slerp_random,tense orchestral strings with brass fanfare,2,5,0.7158200144767761,0.6538944939772288,0.09391643206278483,0
A_init_method,slerp_random,tense orchestral strings with brass fanfare,2,6,0.7404175996780396,0.7052801052729288,0.05190138022104899,1
A_init_method,slerp_random,tense orchestral strings with brass fanfare,2,7,0.7404175996780396,0.7288269599278768,0.02224933306376139,2
A_init_method,gaussian,tense orchestral strings with brass fanfare,2,0,0.16670869290828705,0.0851362010774513,0.8541709363460541,0
A_init_method,gaussian,tense orchestral strings with brass fanfare,2,1,0.24308449029922485,0.20350276430447897,0.14028918345769245,0
A_init_method,gaussian,tense orchestral strings with brass fanfare,2,2,0.35770419239997864,0.2871156632900238,0.0382851243019104,0
A_init_method,gaussian,tense orchestral strings with brass fanfare,2,3,0.39960575103759766,0.36507855355739594,0.029242956638336183,1
A_init_method,gaussian,tense orchestral strings with brass fanfare,2,4,0.490075021982193,0.42723862330118817,0.021252707640329997,0
A_init_method,gaussian,tense orchestral strings with brass fanfare,2,5,0.5466235876083374,0.5046653350194296,0.05550842682520549,1
A_init_method,gaussian,tense orchestral strings with brass fanfare,2,6,0.6475508809089661,0.5713460445404053,0.03837581078211467,0
A_init_method,gaussian,tense orchestral strings with brass fanfare,2,7,0.6830435395240784,0.6417394677797953,0.03188839753468831,0
A_init_method,slerp_prompt,tense orchestral strings with brass fanfare,3,0,0.43691927194595337,0.30800168712933856,0.17997931241989135,0
A_init_method,slerp_prompt,tense orchestral strings with brass fanfare,3,1,0.5425915122032166,0.4594096839427948,0.04840970436731974,0
A_init_method,slerp_prompt,tense orchestral strings with brass fanfare,3,2,0.6240838766098022,0.5667358338832855,0.042331878344217935,0
A_init_method,slerp_prompt,tense orchestral strings with brass fanfare,3,3,0.8037832379341125,0.6693178216616312,0.05026543140411377,0
A_init_method,slerp_prompt,tense orchestral strings with brass fanfare,3,4,0.8037832379341125,0.7752216657002767,0.03365702629089355,1
A_init_method,slerp_prompt,tense orchestral strings with brass fanfare,3,5,0.8037832379341125,0.7855782012144724,0.04544246196746826,2
A_init_method,slerp_prompt,tense orchestral strings with brass fanfare,3,6,0.8038688898086548,0.7988993724187216,0.0477652907371521,3
A_init_method,slerp_prompt,tense orchestral strings with brass fanfare,3,7,0.8038688898086548,0.7841774821281433,0.035644805431365965,4
A_init_method,slerp_random,tense orchestral strings with brass fanfare,3,0,0.18508732318878174,0.15602295597394308,0.34571498235066733,0
A_init_method,slerp_random,tense orchestral strings with brass fanfare,3,1,0.37680765986442566,0.24026534954706827,0.0972845713297526,0
A_init_method,slerp_random,tense orchestral strings with brass fanfare,3,2,0.594853937625885,0.40087508658568066,0.09485918283462524,0
A_init_method,slerp_random,tense orchestral strings with brass fanfare,3,3,0.7797164916992188,0.5937508742014567,0.05262072881062826,0
A_init_method,slerp_random,tense orchestral strings with brass fanfare,3,4,0.8534705638885498,0.7487255533536276,0.0443374236424764,0
A_init_method,slerp_random,tense orchestral strings with brass fanfare,3,5,0.8534705638885498,0.8259732723236084,0.044712336858113606,1
A_init_method,slerp_random,tense orchestral strings with brass fanfare,3,6,0.8635671138763428,0.8360127011934916,0.03233670790990194,2
A_init_method,slerp_random,tense orchestral strings with brass fanfare,3,7,0.8635671138763428,0.8490258753299713,0.023060401280721027,3
A_init_method,gaussian,tense orchestral strings with brass fanfare,3,0,0.1342800259590149,0.08480276415745418,0.8359567239880562,0
A_init_method,gaussian,tense orchestral strings with brass fanfare,3,1,0.24313640594482422,0.1777626077334086,0.11528225342432658,1
A_init_method,gaussian,tense orchestral strings with brass fanfare,3,2,0.4004928469657898,0.2657196447253227,0.02264194885889689,0
A_init_method,gaussian,tense orchestral strings with brass fanfare,3,3,0.6117442846298218,0.40662047266960144,0.02895987033843994,0
A_init_method,gaussian,tense orchestral strings with brass fanfare,3,4,0.7464364767074585,0.5791839063167572,0.03248074452082316,0
A_init_method,gaussian,tense orchestral strings with brass fanfare,3,5,0.7530086040496826,0.7170302669207255,0.04199782609939575,0
A_init_method,gaussian,tense orchestral strings with brass fanfare,3,6,0.8003243207931519,0.7623431384563446,0.04320680300394694,1
A_init_method,gaussian,tense orchestral strings with brass fanfare,3,7,0.8003243207931519,0.786461591720581,0.020381975173950195,2
A_init_method,slerp_prompt,tense orchestral strings with brass fanfare,4,0,0.4780197739601135,0.38517773151397705,0.1417518456776937,0
A_init_method,slerp_prompt,tense orchestral strings with brass fanfare,4,1,0.7630501389503479,0.5388932675123215,0.06710958480834961,0
A_init_method,slerp_prompt,tense orchestral strings with brass fanfare,4,2,0.7700303792953491,0.7143405179182688,0.06605285406112671,0
A_init_method,slerp_prompt,tense orchestral strings with brass fanfare,4,3,0.7952584624290466,0.7594864865144094,0.0651355504989624,1
A_init_method,slerp_prompt,tense orchestral strings with brass fanfare,4,4,0.823716402053833,0.7907558083534241,0.031206794579823813,0
A_init_method,slerp_prompt,tense orchestral strings with brass fanfare,4,5,0.8237271904945374,0.818120022614797,0.02668065627415975,1
A_init_method,slerp_prompt,tense orchestral strings with brass fanfare,4,6,0.8297098875045776,0.8081970910231272,0.04558576345443725,2
A_init_method,slerp_prompt,tense orchestral strings with brass fanfare,4,7,0.8720842599868774,0.8410536547501882,0.03735838731129964,0
A_init_method,slerp_random,tense orchestral strings with brass fanfare,4,0,0.15872319042682648,0.1228342739244302,0.3386685927708944,0
A_init_method,slerp_random,tense orchestral strings with brass fanfare,4,1,0.5845832824707031,0.24763096868991852,0.12170785665512085,0
A_init_method,slerp_random,tense orchestral strings with brass fanfare,4,2,0.7029823064804077,0.5759809166193008,0.0727100650469462,0
A_init_method,slerp_random,tense orchestral strings with brass fanfare,4,3,0.7343159914016724,0.7115088303883871,0.09728651841481527,0
A_init_method,slerp_random,tense orchestral strings with brass fanfare,4,4,0.7666103839874268,0.7301406562328339,0.07974965174992879,1
A_init_method,slerp_random,tense orchestral strings with brass fanfare,4,5,0.8453912734985352,0.7797232965628306,0.027531695365905762,0
A_init_method,slerp_random,tense orchestral strings with brass fanfare,4,6,0.8453912734985352,0.8145679434140524,0.03831920226414998,1
A_init_method,slerp_random,tense orchestral strings with brass fanfare,4,7,0.8453912734985352,0.8049928943316141,0.06919858853022258,2
A_init_method,gaussian,tense orchestral strings with brass fanfare,4,0,0.09573453664779663,0.0364657260167102,0.8169855594635009,0
A_init_method,gaussian,tense orchestral strings with brass fanfare,4,1,0.3557293117046356,0.14267542213201523,0.17188675403594972,0
A_init_method,gaussian,tense orchestral strings with brass fanfare,4,2,0.5258385539054871,0.3559560378392537,0.062355939547220865,0
A_init_method,gaussian,tense orchestral strings with brass fanfare,4,3,0.668386697769165,0.5251973420381546,0.07660550276438395,0
A_init_method,gaussian,tense orchestral strings with brass fanfare,4,4,0.668386697769165,0.6362200677394867,0.08345274130503337,0
A_init_method,gaussian,tense orchestral strings with brass fanfare,4,5,0.7977402806282043,0.6968388656775156,0.03155881563822428,0
A_init_method,gaussian,tense orchestral strings with brass fanfare,4,6,0.7977402806282043,0.762872447570165,0.037319493293762204,1
A_init_method,gaussian,tense orchestral strings with brass fanfare,4,7,0.7977402806282043,0.7650949060916901,0.06191914478937785,2
A_init_method,slerp_prompt,tense orchestral strings with brass fanfare,5,0,0.43691927194595337,0.3163535272081693,0.1617883563041687,0
A_init_method,slerp_prompt,tense orchestral strings with brass fanfare,5,1,0.6040058732032776,0.49651506046454114,0.08406755129496256,0
A_init_method,slerp_prompt,tense orchestral strings with brass fanfare,5,2,0.6822116374969482,0.6079068879286448,0.037544870376586915,0
A_init_method,slerp_prompt,tense orchestral strings with brass fanfare,5,3,0.6822116374969482,0.6659552852312723,0.03944461743036906,1
A_init_method,slerp_prompt,tense orchestral strings with brass fanfare,5,4,0.6822116374969482,0.6532733142375946,0.06397105852762858,2
A_init_method,slerp_prompt,tense orchestral strings with brass fanfare,5,5,0.7371971607208252,0.6910573343435923,0.024487721920013427,0
A_init_method,slerp_prompt,tense orchestral strings with brass fanfare,5,6,0.7371971607208252,0.7073826094468435,0.028349558512369793,1
A_init_method,slerp_prompt,tense orchestral strings with brass fanfare,5,7,0.7655490636825562,0.7329404950141907,0.01840253671010335,2
A_init_method,slerp_random,tense orchestral strings with brass fanfare,5,0,0.18601514399051666,0.15451272949576378,0.3364909211794535,0
A_init_method,slerp_random,tense orchestral strings with brass fanfare,5,1,0.6584359407424927,0.3137352193395297,0.12221771876017253,0
A_init_method,slerp_random,tense orchestral strings with brass fanfare,5,2,0.6762693524360657,0.583487073580424,0.06859034299850464,0
A_init_method,slerp_random,tense orchestral strings with brass fanfare,5,3,0.7193916440010071,0.6901884575684866,0.06841333309809366,0
A_init_method,slerp_random,tense orchestral strings with brass fanfare,5,4,0.739043116569519,0.7005739708741506,0.08836549917856852,1
A_init_method,slerp_random,tense orchestral strings with brass fanfare,5,5,0.7781062722206116,0.7443098624547323,0.028023246924082437,0
A_init_method,slerp_random,tense orchestral strings with brass fanfare,5,6,0.7781062722206116,0.7530417342980703,0.031541248162587486,1
A_init_method,slerp_random,tense orchestral strings with brass fanfare,5,7,0.7980079650878906,0.7773779133955637,0.02251662810643514,2
A_init_method,gaussian,tense orchestral strings with brass fanfare,5,0,0.13510137796401978,0.08725598345821102,0.8100187579790751,0
A_init_method,gaussian,tense orchestral strings with brass fanfare,5,1,0.4165205657482147,0.21900191654761633,0.11665653785069784,0
A_init_method,gaussian,tense orchestral strings with brass fanfare,5,2,0.5524566173553467,0.38900433480739594,0.05693650245666504,0
A_init_method,gaussian,tense orchestral strings with brass fanfare,5,3,0.6579384207725525,0.5261315008004507,0.05787130196889242,0
A_init_method,gaussian,tense orchestral strings with brass fanfare,5,4,0.6579384207725525,0.6172345678011576,0.0640936295191447,0
A_init_method,gaussian,tense orchestral strings with brass fanfare,5,5,0.7056060433387756,0.6717056930065155,0.021595215797424315,0
A_init_method,gaussian,tense orchestral strings with brass fanfare,5,6,0.7056060433387756,0.6929438511530558,0.02283680041631063,1
A_init_method,gaussian,tense orchestral strings with brass fanfare,5,7,0.7366066575050354,0.7165277798970541,0.01848237117131551,2
A_init_method,slerp_prompt,tense orchestral strings with brass fanfare,6,0,0.587583065032959,0.3810511951645215,0.16376998821894329,0
A_init_method,slerp_prompt,tense orchestral strings with brass fanfare,6,1,0.7057471871376038,0.5846652487913767,0.06042777299880982,0
A_init_method,slerp_prompt,tense orchestral strings with brass fanfare,6,2,0.7712253928184509,0.7044421335061392,0.04777246316274007,0
A_init_method,slerp_prompt,tense orchestral strings with brass fanfare,6,3,0.793859601020813,0.7501678268114725,0.048677575588226316,0
A_init_method,slerp_prompt,tense orchestral strings with brass fanfare,6,4,0.8568906188011169,0.8040554821491241,0.04821127653121948,0
A_init_method,slerp_prompt,tense orchestral strings with brass fanfare,6,5,0.8775948882102966,0.8195701837539673,0.09070274829864503,1
A_init_method,slerp_prompt,tense orchestral strings with brass fanfare,6,6,0.8787621855735779,0.8579317728678385,0.04268222649892171,2
A_init_method,slerp_prompt,tense orchestral strings with brass fanfare,6,7,0.8787621855735779,0.8724022408326467,0.013728344440460205,3
A_init_method,slerp_random,tense orchestral strings with brass fanfare,6,0,0.1905534416437149,0.1552195226152738,0.33366742928822835,0
A_init_method,slerp_random,tense orchestral strings with brass fanfare,6,1,0.35230401158332825,0.2575490822394689,0.12717080116271973,0
A_init_method,slerp_random,tense orchestral strings with brass fanfare,6,2,0.5087599754333496,0.4057721098264058,0.08180749416351318,0
A_init_method,slerp_random,tense orchestral strings with brass fanfare,6,3,0.6838459968566895,0.5307278682788213,0.07676276763280233,0
A_init_method,slerp_random,tense orchestral strings with brass fanfare,6,4,0.7471472024917603,0.655263215303421,0.0675126552581787,0
A_init_method,slerp_random,tense orchestral strings with brass fanfare,6,5,0.8646328449249268,0.7507437864939371,0.07510016361872356,0
A_init_method,slerp_random,tense orchestral strings with brass fanfare,6,6,0.8646328449249268,0.8468436598777771,0.04822405179341634,0
A_init_method,slerp_random,tense orchestral strings with brass fanfare,6,7,0.8772454261779785,0.8631043235460917,0.0243428905804952,1
A_init_method,gaussian,tense orchestral strings with brass fanfare,6,0,0.14687831699848175,0.08819977194070816,0.8161423405011495,0
A_init_method,gaussian,tense orchestral strings with brass fanfare,6,1,0.2657943069934845,0.20508578916390738,0.1166778842608134,0
A_init_method,gaussian,tense orchestral strings with brass fanfare,6,2,0.37387192249298096,0.30478139221668243,0.08182843526204427,0
A_init_method,gaussian,tense orchestral strings with brass fanfare,6,3,0.5741544961929321,0.4149489204088847,0.05218559900919596,0
A_init_method,gaussian,tense orchestral strings with brass fanfare,6,4,0.6931538581848145,0.549281636873881,0.0581209659576416,0
A_init_method,gaussian,tense orchestral strings with brass fanfare,6,5,0.8449385166168213,0.6879438062508901,0.06907960176467895,0
A_init_method,gaussian,tense orchestral strings with brass fanfare,6,6,0.8449385166168213,0.8138348857561747,0.048080837726593016,0
A_init_method,gaussian,tense orchestral strings with brass fanfare,6,7,0.846511960029602,0.8379680713017782,0.01962704658508301,1
A_init_method,slerp_prompt,tense orchestral strings with brass fanfare,7,0,0.4518498182296753,0.33960651109615964,0.17381986776987712,0
A_init_method,slerp_prompt,tense orchestral strings with brass fanfare,7,1,0.5618705153465271,0.47598839302857715,0.039015611012776695,0
A_init_method,slerp_prompt,tense orchestral strings with brass fanfare,7,2,0.603344738483429,0.5729723374048868,0.04609237511952718,0
A_init_method,slerp_prompt,tense orchestral strings with brass fanfare,7,3,0.6686065793037415,0.6241925855477651,0.0532163143157959,0
A_init_method,slerp_prompt,tense orchestral strings with brass fanfare,7,4,0.7422857284545898,0.6643033425013224,0.04305884043375651,1
A_init_method,slerp_prompt,tense orchestral strings with brass fanfare,7,5,0.7422857284545898,0.7025309602419535,0.07634895245234172,2
A_init_method,slerp_prompt,tense orchestral strings with brass fanfare,7,6,0.7696181535720825,0.7165364722410837,0.06929331223169963,3
A_init_method,slerp_prompt,tense orchestral strings with brass fanfare,7,7,0.7696181535720825,0.737856388092041,0.034981481234232586,4
A_init_method,slerp_random,tense orchestral strings with brass fanfare,7,0,0.20493781566619873,0.1580823560555776,0.3393743356068929,0
A_init_method,slerp_random,tense orchestral strings with brass fanfare,7,1,0.4643971025943756,0.26953856895367306,0.0956273873647054,0
A_init_method,slerp_random,tense orchestral strings with brass fanfare,7,2,0.6592470407485962,0.4926454375187556,0.08514256874720255,0
A_init_method,slerp_random,tense orchestral strings with brass fanfare,7,3,0.6592470407485962,0.605870525042216,0.07861409584681193,0
A_init_method,slerp_random,tense orchestral strings with brass fanfare,7,4,0.7292993068695068,0.6838157673676809,0.047435061136881514,0
A_init_method,slerp_random,tense orchestral strings with brass fanfare,7,5,0.8564960956573486,0.7535174985726675,0.05316104094187419,0
A_init_method,slerp_random,tense orchestral strings with brass fanfare,7,6,0.8564960956573486,0.8012516796588898,0.07772502104441324,0
A_init_method,slerp_random,tense orchestral strings with brass fanfare,7,7,0.8567347526550293,0.8288103838761648,0.04063998858133952,1
A_init_method,gaussian,tense orchestral strings with brass fanfare,7,0,0.1612359881401062,0.08896440081298351,0.8249371608098348,0
A_init_method,gaussian,tense orchestral strings with brass fanfare,7,1,0.32968470454216003,0.2034161612391472,0.1593143304189046,0
A_init_method,gaussian,tense orchestral strings with brass fanfare,7,2,0.5337555408477783,0.36255109310150146,0.06471749544143676,0
A_init_method,gaussian,tense orchestral strings with brass fanfare,7,3,0.5337555408477783,0.4776371320088704,0.054161099592844646,0
A_init_method,gaussian,tense orchestral strings with brass fanfare,7,4,0.6224913001060486,0.5622418224811554,0.026311302185058595,0
A_init_method,gaussian,tense orchestral strings with brass fanfare,7,5,0.8112121820449829,0.649281919002533,0.04415913820266724,0
A_init_method,gaussian,tense orchestral strings with brass fanfare,7,6,0.8112121820449829,0.7449157039324442,0.07178342739741007,0
A_init_method,gaussian,tense orchestral strings with brass fanfare,7,7,0.8112121820449829,0.7939956684907278,0.0348066250483195,1
A_init_method,slerp_prompt,tense orchestral strings with brass fanfare,8,0,0.5339860916137695,0.3646731823682785,0.19242678880691527,0
A_init_method,slerp_prompt,tense orchestral strings with brass fanfare,8,1,0.6002641320228577,0.5352968275547028,0.05455285310745239,1
A_init_method,slerp_prompt,tense orchestral strings with brass fanfare,8,2,0.6727725267410278,0.6172634859879812,0.0853033979733785,0
A_init_method,slerp_prompt,tense orchestral strings with brass fanfare,8,3,0.776760995388031,0.6996816297372183,0.05818096796671549,1
A_init_method,slerp_prompt,tense orchestral strings with brass fanfare,8,4,0.776760995388031,0.7496605118115743,0.04222768545150757,0
A_init_method,slerp_prompt,tense orchestral strings with brass fanfare,8,5,0.7772794365882874,0.7485612432161967,0.06205128828684489,1
A_init_method,slerp_prompt,tense orchestral strings with brass fanfare,8,6,0.7815703749656677,0.763291577498118,0.0361196756362915,2
A_init_method,slerp_prompt,tense orchestral strings with brass fanfare,8,7,0.7827256917953491,0.7734593550364176,0.014656972885131837,3
A_init_method,slerp_random,tense orchestral strings with brass fanfare,8,0,0.16775256395339966,0.14551894118388495,0.34526925086975097,0
A_init_method,slerp_random,tense orchestral strings with brass fanfare,8,1,0.4303573966026306,0.24661839256683984,0.10610053936640422,0
A_init_method,slerp_random,tense orchestral strings with brass fanfare,8,2,0.5953936576843262,0.4791187196969986,0.07099452416102091,0
A_init_method,slerp_random,tense orchestral strings with brass fanfare,8,3,0.6230519413948059,0.5908676385879517,0.04743537108103434,0
A_init_method,slerp_random,tense orchestral strings with brass fanfare,8,4,0.6663196086883545,0.63462762037913,0.05066918929417928,0
A_init_method,slerp_random,tense orchestral strings with brass fanfare,8,5,0.6890338063240051,0.6575447122255961,0.05626426537831624,1
A_init_method,slerp_random,tense orchestral strings with brass fanfare,8,6,0.6901683807373047,0.6795461773872375,0.0401812473932902,0
A_init_method,slerp_random,tense orchestral strings with brass fanfare,8,7,0.7135917544364929,0.6888277928034464,0.014671464761098226,1
A_init_method,gaussian,tense orchestral strings with brass fanfare,8,0,0.110833078622818,0.07079684485991795,0.840555535753568,0
A_init_method,gaussian,tense orchestral strings with brass fanfare,8,1,0.2372877150774002,0.15775496264298758,0.13769214153289794,0
A_init_method,gaussian,tense orchestral strings with brass fanfare,8,2,0.4361368417739868,0.2913973703980446,0.056833151976267496,0
A_init_method,gaussian,tense orchestral strings with brass fanfare,8,3,0.5183672308921814,0.4138717104991277,0.044444628556569415,0
A_init_method,gaussian,tense orchestral strings with brass fanfare,8,4,0.6166938543319702,0.5122081687053045,0.039078164100646975,0
A_init_method,gaussian,tense orchestral strings with brass fanfare,8,5,0.623852550983429,0.5926844477653503,0.05061370134353638,0
A_init_method,gaussian,tense orchestral strings with brass fanfare,8,6,0.64702308177948,0.6326211293538412,0.029417367776234944,0
A_init_method,gaussian,tense orchestral strings with brass fanfare,8,7,0.6913537383079529,0.6526191532611847,0.01502474546432495,1
A_init_method,slerp_prompt,tense orchestral strings with brass fanfare,9,0,0.5339860916137695,0.35259584834178287,0.17811226447423298,0
A_init_method,slerp_prompt,tense orchestral strings with brass fanfare,9,1,0.5725257396697998,0.5114651620388031,0.048590552806854245,0
A_init_method,slerp_prompt,tense orchestral strings with brass fanfare,9,2,0.6805202960968018,0.5803651014963785,0.03173027435938517,0
A_init_method,slerp_prompt,tense orchestral strings with brass fanfare,9,3,0.6805202960968018,0.6513367692629496,0.036573612689971925,0
A_init_method,slerp_prompt,tense orchestral strings with brass fanfare,9,4,0.7341423034667969,0.6911197304725647,0.02639708121617635,0
A_init_method,slerp_prompt,tense orchestral strings with brass fanfare,9,5,0.7341423034667969,0.7022988299528757,0.06031207243601481,1
A_init_method,slerp_prompt,tense orchestral strings with brass fanfare,9,6,0.7669618725776672,0.7299783627192179,0.02455135186513265,2
A_init_method,slerp_prompt,tense orchestral strings with brass fanfare,9,7,0.7669618725776672,0.7390367786089579,0.041707301139831544,3
A_init_method,slerp_random,tense orchestral strings with brass fanfare,9,0,0.1947501301765442,0.14998102312286696,0.3471014181772868,0
A_init_method,slerp_random,tense orchestral strings with brass fanfare,9,1,0.4393688440322876,0.2786536862452825,0.10397631724675496,0
A_init_method,slerp_random,tense orchestral strings with brass fanfare,9,2,0.6214878559112549,0.47002793351809186,0.06135966777801514,0
A_init_method,slerp_random,tense orchestral strings with brass fanfare,9,3,0.6737539172172546,0.610378364721934,0.0464173674583435,0
A_init_method,slerp_random,tense orchestral strings with brass fanfare,9,4,0.6811192631721497,0.6725790699323019,0.03395403623580932,0
A_init_method,slerp_random,tense orchestral strings with brass fanfare,9,5,0.7206746935844421,0.6783612370491028,0.058716169993082684,1
A_init_method,slerp_random,tense orchestral strings with brass fanfare,9,6,0.8401879668235779,0.759488453467687,0.03157731294631958,0
A_init_method,slerp_random,tense orchestral strings with brass fanfare,9,7,0.8401879668235779,0.8183496594429016,0.035403859615325925,1
A_init_method,gaussian,tense orchestral strings with brass fanfare,9,0,0.15264639258384705,0.0800555224219958,0.837171811858813,0
A_init_method,gaussian,tense orchestral strings with brass fanfare,9,1,0.29015466570854187,0.20819337417682013,0.1443093736966451,0
A_init_method,gaussian,tense orchestral strings with brass fanfare,9,2,0.4542156755924225,0.3270256618658702,0.057592507203420004,0
A_init_method,gaussian,tense orchestral strings with brass fanfare,9,3,0.5839744210243225,0.44919487337271374,0.03747994502385457,0
A_init_method,gaussian,tense orchestral strings with brass fanfare,9,4,0.6158063411712646,0.5582510630289713,0.03177244265874227,0
A_init_method,gaussian,tense orchestral strings with brass fanfare,9,5,0.6621053218841553,0.616915633281072,0.04899595181147257,1
A_init_method,gaussian,tense orchestral strings with brass fanfare,9,6,0.803195059299469,0.7023203074932098,0.026205607255299888,0
A_init_method,gaussian,tense orchestral strings with brass fanfare,9,7,0.803195059299469,0.7776107688744863,0.028235411643981932,1
A_init_method,slerp_prompt,energetic electronic dance music with heavy bass,0,0,0.476001501083374,0.45089418689409894,0.19913322528203328,0
A_init_method,slerp_prompt,energetic electronic dance music with heavy bass,0,1,0.7520618438720703,0.557464137673378,0.06598079601923625,0
A_init_method,slerp_prompt,energetic electronic dance music with heavy bass,0,2,0.7520618438720703,0.6603009502092997,0.12282721598943075,0
A_init_method,slerp_prompt,energetic electronic dance music with heavy bass,0,3,0.7520618438720703,0.7142590284347534,0.049075607458750406,1
A_init_method,slerp_prompt,energetic electronic dance music with heavy bass,0,4,0.7947055101394653,0.7268882294495901,0.06987289587656657,2
A_init_method,slerp_prompt,energetic electronic dance music with heavy bass,0,5,0.7949697971343994,0.7798287272453308,0.05053368806838989,3
A_init_method,slerp_prompt,energetic electronic dance music with heavy bass,0,6,0.7957086563110352,0.7762954334417979,0.02321439584096273,4
A_init_method,slerp_prompt,energetic electronic dance music with heavy bass,0,7,0.7957086563110352,0.751210480928421,0.07155079841613769,5
A_init_method,slerp_random,energetic electronic dance music with heavy bass,0,0,0.33960598707199097,0.31476400792598724,0.3486094911893209,0
A_init_method,slerp_random,energetic electronic dance music with heavy bass,0,1,0.45035961270332336,0.3996407737334569,0.12290778557459513,0
A_init_method,slerp_random,energetic electronic dance music with heavy bass,0,2,0.6172286868095398,0.49503831068674725,0.09356165726979573,0
A_init_method,slerp_random,energetic electronic dance music with heavy bass,0,3,0.6275294423103333,0.6134787996610006,0.0464153250058492,0
A_init_method,slerp_random,energetic electronic dance music with heavy bass,0,4,0.6436907052993774,0.6208766996860504,0.08198947509129842,1
A_init_method,slerp_random,energetic electronic dance music with heavy bass,0,5,0.6436907052993774,0.6364679833253225,0.044713521003723146,0
A_init_method,slerp_random,energetic electronic dance music with heavy bass,0,6,0.7496970891952515,0.6669771869977316,0.03679025967915853,1
A_init_method,slerp_random,energetic electronic dance music with heavy bass,0,7,0.7496970891952515,0.6900739272435507,0.04140365123748779,2
A_init_method,gaussian,energetic electronic dance music with heavy bass,0,0,0.19560617208480835,0.14823186645905176,0.8397911171118418,0
A_init_method,gaussian,energetic electronic dance music with heavy bass,0,1,0.290799617767334,0.259315458436807,0.1703890601793925,0
A_init_method,gaussian,energetic electronic dance music with heavy bass,0,2,0.3977072238922119,0.3331870585680008,0.04071526924769084,1
A_init_method,gaussian,energetic electronic dance music with heavy bass,0,3,0.4627682566642761,0.4103793799877167,0.015686070919036864,0
A_init_method,gaussian,energetic electronic dance music with heavy bass,0,4,0.5140770673751831,0.4584878832101822,0.043685348828633626,0
A_init_method,gaussian,energetic electronic dance music with heavy bass,0,5,0.5489323139190674,0.5157331824302673,0.04088780482610067,0
A_init_method,gaussian,energetic electronic dance music with heavy bass,0,6,0.6371390223503113,0.5578556954860687,0.037575602531433105,0
A_init_method,gaussian,energetic electronic dance music with heavy bass,0,7,0.6371390223503113,0.5917888581752777,0.02828120787938436,1
A_init_method,slerp_prompt,energetic electronic dance music with heavy bass,1,0,0.5169587731361389,0.44140661756197613,0.16327974796295167,0
A_init_method,slerp_prompt,energetic electronic dance music with heavy bass,1,1,0.5169587731361389,0.4975879490375519,0.0688041885693868,1
A_init_method,slerp_prompt,energetic electronic dance music with heavy bass,1,2,0.5195595026016235,0.5120219886302948,0.08488160769144694,2
A_init_method,slerp_prompt,energetic electronic dance music with heavy bass,1,3,0.5752498507499695,0.5164248247941335,0.06692118644714355,0
A_init_method,slerp_prompt,energetic electronic dance music with heavy bass,1,4,0.5752498507499695,0.553988109032313,0.04658651351928711,1
A_init_method,slerp_prompt,energetic electronic dance music with heavy bass,1,5,0.7872442007064819,0.6006248195966085,0.04186082681020101,0
A_init_method,slerp_prompt,energetic electronic dance music with heavy bass,1,6,0.7872442007064819,0.7098016738891602,0.0667677919069926,0
A_init_method,slerp_prompt,energetic electronic dance music with heavy bass,1,7,0.7950098514556885,0.7680949370066324,0.04605954885482788,1
A_init_method,slerp_random,energetic electronic dance music with heavy bass,1,0,0.35809603333473206,0.3246436764796575,0.35323052008946737,0
A_init_method,slerp_random,energetic electronic dance music with heavy bass,1,1,0.457718163728714,0.3947463681300481,0.13563139438629152,0
A_init_method,slerp_random,energetic electronic dance music with heavy bass,1,2,0.4698253870010376,0.4379058728615443,0.07326874732971192,0
A_init_method,slerp_random,energetic electronic dance music with heavy bass,1,3,0.5090982913970947,0.4899321397145589,0.08592813014984131,0
A_init_method,slerp_random,energetic electronic dance music with heavy bass,1,4,0.5527624487876892,0.5207078059514364,0.030008176962534588,0
A_init_method,slerp_random,energetic electronic dance music with heavy bass,1,5,0.5586066246032715,0.5390857458114624,0.028719115257263183,1
A_init_method,slerp_random,energetic electronic dance music with heavy bass,1,6,0.6473084092140198,0.5597513616085052,0.046836169560750325,2
A_init_method,slerp_random,energetic electronic dance music with heavy bass,1,7,0.6473084092140198,0.6062976121902466,0.045928927262624104,0
A_init_method,gaussian,energetic electronic dance music with heavy bass,1,0,0.19547097384929657,0.15935610855619112,0.8608757776518663,0
A_init_method,gaussian,energetic electronic dance music with heavy bass,1,1,0.2969576418399811,0.2502823968728383,0.1386531392733256,1
A_init_method,gaussian,energetic electronic dance music with heavy bass,1,2,0.3283901810646057,0.3013607660929362,0.03049994707107544,0
A_init_method,gaussian,energetic electronic dance music with heavy bass,1,3,0.3943096995353699,0.36325692633787793,0.05966980854670207,0
A_init_method,gaussian,energetic electronic dance music with heavy bass,1,4,0.5011308193206787,0.41398097078005475,0.04246880610783895,0
A_init_method,gaussian,energetic electronic dance music with heavy bass,1,5,0.5011308193206787,0.4676496038834254,0.02898294528325399,0
A_init_method,gaussian,energetic electronic dance music with heavy bass,1,6,0.5915933847427368,0.5083743234475454,0.03319603602091471,1
A_init_method,gaussian,energetic electronic dance music with heavy bass,1,7,0.5915933847427368,0.5572678248087565,0.04499510129292806,0
A_init_method,slerp_prompt,energetic electronic dance music with heavy bass,2,0,0.5902228951454163,0.4813916136821111,0.19016027450561523,0
A_init_method,slerp_prompt,energetic electronic dance music with heavy bass,2,1,0.6076138615608215,0.5803903738657633,0.08251541058222453,1
A_init_method,slerp_prompt,energetic electronic dance music with heavy bass,2,2,0.6946516633033752,0.6322026252746582,0.052007750670115156,0
A_init_method,slerp_prompt,energetic electronic dance music with heavy bass,2,3,0.8172450661659241,0.7181202073891958,0.04602806568145752,0
A_init_method,slerp_prompt,energetic electronic dance music with heavy bass,2,4,0.8172450661659241,0.7488553524017334,0.06864458719889323,1
A_init_method,slerp_prompt,energetic electronic dance music with heavy bass,2,5,0.8172450661659241,0.7694964408874512,0.06733439763387045,2
A_init_method,slerp_prompt,energetic electronic dance music with heavy bass,2,6,0.8172450661659241,0.7893755237261454,0.04542026122411092,3
A_init_method,slerp_prompt,energetic electronic dance music with heavy bass,2,7,0.8713629841804504,0.7893554369608561,0.09280979235967,4
A_init_method,slerp_random,energetic electronic dance music with heavy bass,2,0,0.3604028522968292,0.33247912923494977,0.3507321119308472,0
A_init_method,slerp_random,energetic electronic dance music with heavy bass,2,1,0.46085354685783386,0.3961459199587504,0.1712921659151713,0
A_init_method,slerp_random,energetic electronic dance music with heavy bass,2,2,0.5566966533660889,0.4678645332654317,0.07379859288533529,1
A_init_method,slerp_random,energetic electronic dance music with heavy bass,2,3,0.5748345255851746,0.5358162025610606,0.053252641359965006,0
A_init_method,slerp_random,energetic electronic dance music with heavy bass,2,4,0.6454445719718933,0.5850495398044586,0.07296390136082967,1
A_init_method,slerp_random,energetic electronic dance music with heavy bass,2,5,0.6454445719718933,0.6221625109513601,0.03921736478805542,0
A_init_method,slerp_random,energetic electronic dance music with heavy bass,2,6,0.6454445719718933,0.6230366031328837,0.06366270780563354,0
A_init_method,slerp_random,energetic electronic dance music with heavy bass,2,7,0.851801335811615,0.6852480173110962,0.07972135543823242,0
A_init_method,gaussian,energetic electronic dance music with heavy bass,2,0,0.2217239886522293,0.16858955721060434,0.8410638769467672,0
A_init_method,gaussian,energetic electronic dance music with heavy bass,2,1,0.29624032974243164,0.2664816156029701,0.19692699909210204,1
A_init_method,gaussian,energetic electronic dance music with heavy bass,2,2,0.35941702127456665,0.32382574677467346,0.032000474135080975,0
A_init_method,gaussian,energetic electronic dance music with heavy bass,2,3,0.4224545657634735,0.37854055563608807,0.024469916025797525,0
A_init_method,gaussian,energetic electronic dance music with heavy bass,2,4,0.4779565632343292,0.43810881674289703,0.030847012996673584,0
A_init_method,gaussian,energetic electronic dance music with heavy bass,2,5,0.5139442086219788,0.4818702886501948,0.029168808460235597,0
A_init_method,gaussian,energetic electronic dance music with heavy bass,2,6,0.5314805507659912,0.5031129469474157,0.052033865451812746,0
A_init_method,gaussian,energetic electronic dance music with heavy bass,2,7,0.8348730206489563,0.5871733526388804,0.0641374429066976,0
A_init_method,slerp_prompt,energetic electronic dance music with heavy bass,3,0,0.684195876121521,0.5101453016201655,0.14942976633707683,0
A_init_method,slerp_prompt,energetic electronic dance music with heavy bass,3,1,0.684195876121521,0.6582287748654684,0.0709322174390157,0
A_init_method,slerp_prompt,energetic electronic dance music with heavy bass,3,2,0.744076132774353,0.6880242129166921,0.06851819753646851,1
A_init_method,slerp_prompt,energetic electronic dance music with heavy bass,3,3,0.7851060628890991,0.7381676038106283,0.06352311372756958,2
A_init_method,slerp_prompt,energetic electronic dance music with heavy bass,3,4,0.7949300408363342,0.7735195954640707,0.02455663283665975,0
A_init_method,slerp_prompt,energetic electronic dance music with heavy bass,3,5,0.8773941993713379,0.7958850264549255,0.04397639036178589,1
A_init_method,slerp_prompt,energetic electronic dance music with heavy bass,3,6,0.8773941993713379,0.8419305880864462,0.029613947868347167,2
A_init_method,slerp_prompt,energetic electronic dance music with heavy bass,3,7,0.8897514939308167,0.8597198824087778,0.03485475381215413,3
A_init_method,slerp_random,energetic electronic dance music with heavy bass,3,0,0.36963438987731934,0.3475513656934102,0.337763237953186,0
A_init_method,slerp_random,energetic electronic dance music with heavy bass,3,1,0.5102121829986572,0.4479369322458903,0.11287326018015544,0
A_init_method,slerp_random,energetic electronic dance music with heavy bass,3,2,0.5721198320388794,0.5300880968570709,0.05364311933517456,0
A_init_method,slerp_random,energetic electronic dance music with heavy bass,3,3,0.7103003263473511,0.573355903228124,0.07403978904088339,0
A_init_method,slerp_random,energetic electronic dance music with heavy bass,3,4,0.7103003263473511,0.6625469923019409,0.0133919358253479,0
A_init_method,slerp_random,energetic electronic dance music with heavy bass,3,5,0.7103003263473511,0.6658501724402109,0.06477397282918294,1
A_init_method,slerp_random,energetic electronic dance music with heavy bass,3,6,0.7103003263473511,0.6986487209796906,0.01867549419403076,2
A_init_method,slerp_random,energetic electronic dance music with heavy bass,3,7,0.7210047841072083,0.7044047216574351,0.028136825561523436,3
A_init_method,gaussian,energetic electronic dance music with heavy bass,3,0,0.24579232931137085,0.2012105956673622,0.8241278772552808,0
A_init_method,gaussian,energetic electronic dance music with heavy bass,3,1,0.354526549577713,0.3184789568185806,0.1774003267288208,0
A_init_method,gaussian,energetic electronic dance music with heavy bass,3,2,0.4578092098236084,0.3992164383331935,0.07079207499821981,0
A_init_method,gaussian,energetic electronic dance music with heavy bass,3,3,0.5467997193336487,0.46655094623565674,0.048250834147135414,0
A_init_method,gaussian,energetic electronic dance music with heavy bass,3,4,0.5851474404335022,0.5403356750806173,0.016705902417500813,0
A_init_method,gaussian,energetic electronic dance music with heavy bass,3,5,0.5851474404335022,0.5727344751358032,0.045404640833536784,1
A_init_method,gaussian,energetic electronic dance music with heavy bass,3,6,0.587364912033081,0.5860693752765656,0.01631778081258138,2
A_init_method,gaussian,energetic electronic dance music with heavy bass,3,7,0.6085940003395081,0.5988856355349222,0.01468049685160319,3
A_init_method,slerp_prompt,energetic electronic dance music with heavy bass,4,0,0.7163895964622498,0.4696059823036194,0.17496372858683268,0
A_init_method,slerp_prompt,energetic electronic dance music with heavy bass,4,1,0.7163895964622498,0.6463717023531595,0.03555636803309123,0
A_init_method,slerp_prompt,energetic electronic dance music with heavy bass,4,2,0.7163895964622498,0.6870003541310629,0.05832682053248087,1
A_init_method,slerp_prompt,energetic electronic dance music with heavy bass,4,3,0.7853040099143982,0.7120702465375265,0.05954414208730062,2
A_init_method,slerp_prompt,energetic electronic dance music with heavy bass,4,4,0.7853040099143982,0.7448462049166361,0.04965614477793376,3
A_init_method,slerp_prompt,energetic electronic dance music with heavy bass,4,5,0.7853040099143982,0.7509143849213918,0.07334924936294555,4
A_init_method,slerp_prompt,energetic electronic dance music with heavy bass,4,6,0.7853040099143982,0.7746747533480326,0.01491323709487915,5
A_init_method,slerp_prompt,energetic electronic dance music with heavy bass,4,7,0.8362482786178589,0.7877646485964457,0.018569223086039224,6
A_init_method,slerp_random,energetic electronic dance music with heavy bass,4,0,0.3468067944049835,0.325643594066302,0.3380102554957072,0
A_init_method,slerp_random,energetic electronic dance music with heavy bass,4,1,0.3877570629119873,0.36438683172067005,0.06851847569147745,0
A_init_method,slerp_random,energetic electronic dance music with heavy bass,4,2,0.478471964597702,0.3905022193988164,0.121930464108785,0
A_init_method,slerp_random,energetic electronic dance music with heavy bass,4,3,0.49324750900268555,0.46243450542291004,0.0742657740910848,0
A_init_method,slerp_random,energetic electronic dance music with heavy bass,4,4,0.6279374361038208,0.5198407073815664,0.03775025208791097,0
A_init_method,slerp_random,energetic electronic dance music with heavy bass,4,5,0.6279374361038208,0.5840390920639038,0.04833623965581258,1
A_init_method,slerp_random,energetic electronic dance music with heavy bass,4,6,0.6279374361038208,0.6040955583254496,0.03535967270533244,2
A_init_method,slerp_random,energetic electronic dance music with heavy bass,4,7,0.6379117965698242,0.6222408513228098,0.021831985314687094,3
A_init_method,gaussian,energetic electronic dance music with heavy bass,4,0,0.20425017178058624,0.16888851672410965,0.8233369087179502,0
A_init_method,gaussian,energetic electronic dance music with heavy bass,4,1,0.256570965051651,0.24253258854150772,0.12459829250971476,0
A_init_method,gaussian,energetic electronic dance music with heavy bass,4,2,0.32252591848373413,0.27442388733228046,0.07611378033955891,1
A_init_method,gaussian,energetic electronic dance music with heavy bass,4,3,0.3510212302207947,0.32853956520557404,0.029586795965830484,0
A_init_method,gaussian,energetic electronic dance music with heavy bass,4,4,0.4599619209766388,0.3834006041288376,0.016677053769429524,0
A_init_method,gaussian,energetic electronic dance music with heavy bass,4,5,0.4599619209766388,0.4439517756303151,0.028518076737721762,1
A_init_method,gaussian,energetic electronic dance music with heavy bass,4,6,0.46266284584999084,0.4540727585554123,0.01550071636835734,2
A_init_method,gaussian,energetic electronic dance music with heavy bass,4,7,0.5273319482803345,0.47370344897111255,0.01359399954477946,0
A_init_method,slerp_prompt,energetic electronic dance music with heavy bass,5,0,0.7163895964622498,0.49512482186158496,0.16733685731887818,0
A_init_method,slerp_prompt,energetic electronic dance music with heavy bass,5,1,0.7163895964622498,0.6487810711065928,0.04281308650970459,0
A_init_method,slerp_prompt,energetic electronic dance music with heavy bass,5,2,0.7163895964622498,0.6921913822491964,0.027800345420837404,0
A_init_method,slerp_prompt,energetic electronic dance music with heavy bass,5,3,0.7400075197219849,0.6949057479699453,0.06392654180526733,1
A_init_method,slerp_prompt,energetic electronic dance music with heavy bass,5,4,0.7400075197219849,0.7123729586601257,0.03805259068806966,2
A_init_method,slerp_prompt,energetic electronic dance music with heavy bass,5,5,0.8166558146476746,0.7183419764041901,0.09395027955373128,3
A_init_method,slerp_prompt,energetic electronic dance music with heavy bass,5,6,0.8395705819129944,0.7816432217756907,0.05708927313486735,4
A_init_method,slerp_prompt,energetic electronic dance music with heavy bass,5,7,0.8687524199485779,0.8323366542657217,0.017408955097198486,5
A_init_method,slerp_random,energetic electronic dance music with heavy bass,5,0,0.35192203521728516,0.32888529698054,0.3373480955759684,0
A_init_method,slerp_random,energetic electronic dance music with heavy bass,5,1,0.4044426381587982,0.3821715960899989,0.11797484556833902,0
A_init_method,slerp_random,energetic electronic dance music with heavy bass,5,2,0.45454901456832886,0.4166600654522578,0.060937031110127764,1
A_init_method,slerp_random,energetic electronic dance music with heavy bass,5,3,0.4781521260738373,0.4532412886619568,0.02945226033528646,0
A_init_method,slerp_random,energetic electronic dance music with heavy bass,5,4,0.5006564855575562,0.47845625380675,0.06375789244969686,0
A_init_method,slerp_random,energetic electronic dance music with heavy bass,5,5,0.6686604022979736,0.5262560546398163,0.11389506260553996,0
A_init_method,slerp_random,energetic electronic dance music with heavy bass,5,6,0.7184815406799316,0.628772129615148,0.05740033785502116,0
A_init_method,slerp_random,energetic electronic dance music with heavy bass,5,7,0.7847636938095093,0.7198591729005178,0.017847124735514322,1
A_init_method,gaussian,energetic electronic dance music with heavy bass,5,0,0.22182156145572662,0.17220903187990189,0.816559587419033,0
A_init_method,gaussian,energetic electronic dance music with heavy bass,5,1,0.2805732488632202,0.2616295590996742,0.14909382263819376,1
A_init_method,gaussian,energetic electronic dance music with heavy bass,5,2,0.3266236484050751,0.29794275263945263,0.019081683953603108,0
A_init_method,gaussian,energetic electronic dance music with heavy bass,5,3,0.394054114818573,0.33700517813364667,0.02812925577163696,0
A_init_method,gaussian,energetic electronic dance music with heavy bass,5,4,0.44158437848091125,0.3813030868768692,0.04145475228627523,0
A_init_method,gaussian,energetic electronic dance music with heavy bass,5,5,0.5561563372612,0.45496584475040436,0.08356096347173055,1
A_init_method,gaussian,energetic electronic dance music with heavy bass,5,6,0.6240999102592468,0.5468513170878092,0.04408673842748006,0
A_init_method,gaussian,energetic electronic dance music with heavy bass,5,7,0.7115086317062378,0.6447171270847321,0.02003984053929647,0
A_init_method,slerp_prompt,energetic electronic dance music with heavy bass,6,0,0.684195876121521,0.471833939353625,0.17819379568099974,0
A_init_method,slerp_prompt,energetic electronic dance music with heavy bass,6,1,0.684195876121521,0.6201450725396475,0.07394696871439616,0
A_init_method,slerp_prompt,energetic electronic dance music with heavy bass,6,2,0.684195876121521,0.6600359678268433,0.062313552697499594,1
A_init_method,slerp_prompt,energetic electronic dance music with heavy bass,6,3,0.6885019540786743,0.6308655391136805,0.12023419936498006,2
A_init_method,slerp_prompt,energetic electronic dance music with heavy bass,6,4,0.6885132193565369,0.687973270813624,0.0385000467300415,3
A_init_method,slerp_prompt,energetic electronic dance music with heavy bass,6,5,0.6885132193565369,0.6842483679453532,0.03752010265986125,4
A_init_method,slerp_prompt,energetic electronic dance music with heavy bass,6,6,0.7072402238845825,0.6769086817900339,0.045620652039845784,0
A_init_method,slerp_prompt,energetic electronic dance music with heavy bass,6,7,0.7072402238845825,0.6866949299971262,0.034413623809814456,1
A_init_method,slerp_random,energetic electronic dance music with heavy bass,6,0,0.3960609436035156,0.3392733832200368,0.36060357093811035,0
A_init_method,slerp_random,energetic electronic dance music with heavy bass,6,1,0.7561659812927246,0.4799131751060486,0.08978439569473266,0
A_init_method,slerp_random,energetic electronic dance music with heavy bass,6,2,0.7561659812927246,0.7000265022118887,0.06813615957895915,0
A_init_method,slerp_random,energetic electronic dance music with heavy bass,6,3,0.7561659812927246,0.7151151895523071,0.10047494570414225,1
A_init_method,slerp_random,energetic electronic dance music with heavy bass,6,4,0.8385236263275146,0.7684059937795004,0.01646058956782023,0
A_init_method,slerp_random,energetic electronic dance music with heavy bass,6,5,0.8385236263275146,0.7983507116635641,0.04714062213897705,1
A_init_method,slerp_random,energetic electronic dance music with heavy bass,6,6,0.8908176422119141,0.8161409298578898,0.06796266635258992,2
A_init_method,slerp_random,energetic electronic dance music with heavy bass,6,7,0.8908176422119141,0.846929520368576,0.04778577486673991,3
A_init_method,gaussian,energetic electronic dance music with heavy bass,6,0,0.2739606499671936,0.18128652125597,0.8627502905825774,0
A_init_method,gaussian,energetic electronic dance music with heavy bass,6,1,0.515906035900116,0.33969055612881977,0.09286831617355347,0
A_init_method,gaussian,energetic electronic dance music with heavy bass,6,2,0.5643918514251709,0.4950896700223287,0.049314483006795244,0
A_init_method,gaussian,energetic electronic dance music with heavy bass,6,3,0.5643918514251709,0.5439949780702591,0.08331861495971679,1
A_init_method,gaussian,energetic electronic dance music with heavy bass,6,4,0.7276345491409302,0.5941949586073557,0.027307375272115072,0
A_init_method,gaussian,energetic electronic dance music with heavy bass,6,5,0.7276345491409302,0.6676109035809835,0.03268166780471802,0
A_init_method,gaussian,energetic electronic dance music with heavy bass,6,6,0.8020018339157104,0.7295531233151754,0.043961707750956217,1
A_init_method,gaussian,energetic electronic dance music with heavy bass,6,7,0.8020018339157104,0.760619709889094,0.034674429893493654,2
A_init_method,slerp_prompt,energetic electronic dance music with heavy bass,7,0,0.4771408140659332,0.42298782368501026,0.20270884037017822,0
A_init_method,slerp_prompt,energetic electronic dance music with heavy bass,7,1,0.4914918541908264,0.4807871828476588,0.0829810619354248,0
A_init_method,slerp_prompt,energetic electronic dance music with heavy bass,7,2,0.5019590854644775,0.48587506512800854,0.09113864501317342,0
A_init_method,slerp_prompt,energetic electronic dance music with heavy bass,7,3,0.5364432334899902,0.4968997488419215,0.07941308418909708,1
A_init_method,slerp_prompt,energetic electronic dance music with heavy bass,7,4,0.7649664878845215,0.5687203903992971,0.05308430592219035,0
A_init_method,slerp_prompt,energetic electronic dance music with heavy bass,7,5,0.7649664878845215,0.6689727902412415,0.06856728394826253,0
A_init_method,slerp_prompt,energetic electronic dance music with heavy bass,7,6,0.7649664878845215,0.6913179755210876,0.1218918760617574,1
A_init_method,slerp_prompt,energetic electronic dance music with heavy bass,7,7,0.7649664878845215,0.7203326324621836,0.060514716307322185,2
A_init_method,slerp_random,energetic electronic dance music with heavy bass,7,0,0.38899579644203186,0.34122302134831745,0.33807512919108074,0
A_init_method,slerp_random,energetic electronic dance music with heavy bass,7,1,0.4636654257774353,0.4226854741573334,0.08085515101750691,0
A_init_method,slerp_random,energetic electronic dance music with heavy bass,7,2,0.4934368431568146,0.4730706761280696,0.08348180452982584,0
A_init_method,slerp_random,energetic electronic dance music with heavy bass,7,3,0.561108410358429,0.5188211848338445,0.058978744347890216,0
A_init_method,slerp_random,energetic electronic dance music with heavy bass,7,4,0.5629844069480896,0.5446953276793162,0.04371743599573771,0
A_init_method,slerp_random,energetic electronic dance music with heavy bass,7,5,0.5634807348251343,0.5454440414905548,0.08100939591725667,1
A_init_method,slerp_random,energetic electronic dance music with heavy bass,7,6,0.5709392428398132,0.5531765520572662,0.04389769236246745,2
A_init_method,slerp_random,energetic electronic dance music with heavy bass,7,7,0.5769561529159546,0.5525074452161789,0.07996653318405152,3
A_init_method,gaussian,energetic electronic dance music with heavy bass,7,0,0.2721274495124817,0.18951339274644852,0.8328648428122203,0
A_init_method,gaussian,energetic electronic dance music with heavy bass,7,1,0.3432973325252533,0.31307201087474823,0.09761101404825846,0
A_init_method,gaussian,energetic electronic dance music with heavy bass,7,2,0.4205069839954376,0.3584016611178716,0.028503104050954183,0
A_init_method,gaussian,energetic electronic dance music with heavy bass,7,3,0.5118264555931091,0.42047932744026184,0.03434690237045288,0
A_init_method,gaussian,energetic electronic dance music with heavy bass,7,4,0.5118264555931091,0.4831770956516266,0.03563983043034871,0
A_init_method,gaussian,energetic electronic dance music with heavy bass,7,5,0.5160657167434692,0.5115848084290823,0.060268835226694746,1
A_init_method,gaussian,energetic electronic dance music with heavy bass,7,6,0.5332692861557007,0.5143611629803976,0.027615634600321452,2
A_init_method,gaussian,energetic electronic dance music with heavy bass,7,7,0.5379146933555603,0.5223228285710017,0.0661887526512146,3
A_init_method,slerp_prompt,energetic electronic dance music with heavy bass,8,0,0.5146639347076416,0.45977652072906494,0.1594581445058187,0
A_init_method,slerp_prompt,energetic electronic dance music with heavy bass,8,1,0.5198591947555542,0.5072911580403646,0.04528112808863322,1
A_init_method,slerp_prompt,energetic electronic dance music with heavy bass,8,2,0.5253874063491821,0.5211659868558248,0.0244895339012146,0
A_init_method,slerp_prompt,energetic electronic dance music with heavy bass,8,3,0.6082304120063782,0.5365735590457916,0.042511828740437824,1
A_init_method,slerp_prompt,energetic electronic dance music with heavy bass,8,4,0.6958615779876709,0.6090243061383566,0.03168689012527466,0
A_init_method,slerp_prompt,energetic electronic dance music with heavy bass,8,5,0.6958615779876709,0.6586341261863708,0.07498371601104736,0
A_init_method,slerp_prompt,energetic electronic dance music with heavy bass,8,6,0.6958615779876709,0.6767865518728892,0.07290413379669189,1
A_init_method,slerp_prompt,energetic electronic dance music with heavy bass,8,7,0.7013124823570251,0.667846143245697,0.09458240667978922,2
A_init_method,slerp_random,energetic electronic dance music with heavy bass,8,0,0.33542999625205994,0.3131145437558492,0.35639426310857136,0
A_init_method,slerp_random,energetic electronic dance music with heavy bass,8,1,0.5685884952545166,0.41057076553503674,0.1093291997909546,0
A_init_method,slerp_random,energetic electronic dance music with heavy bass,8,2,0.5685884952545166,0.543325404326121,0.06138010025024414,0
A_init_method,slerp_random,energetic electronic dance music with heavy bass,8,3,0.6925536394119263,0.6060677667458853,0.05922464529673258,1
A_init_method,slerp_random,energetic electronic dance music with heavy bass,8,4,0.845629096031189,0.6845032970110575,0.02855852444966634,0
A_init_method,slerp_random,energetic electronic dance music with heavy bass,8,5,0.845629096031189,0.7511894504229227,0.060347076257069907,1
A_init_method,slerp_random,energetic electronic dance music with heavy bass,8,6,0.845629096031189,0.7922854423522949,0.04914217789967855,2
A_init_method,slerp_random,energetic electronic dance music with heavy bass,8,7,0.845629096031189,0.8088943759600321,0.061615327994028725,3
A_init_method,gaussian,energetic electronic dance music with heavy bass,8,0,0.17117388546466827,0.14038272947072983,0.8554836322863897,0
A_init_method,gaussian,energetic electronic dance music with heavy bass,8,1,0.32324910163879395,0.23767449706792831,0.12742190361022948,0
A_init_method,gaussian,energetic electronic dance music with heavy bass,8,2,0.36183422803878784,0.3265955199797948,0.036684489250183104,0
A_init_method,gaussian,energetic electronic dance music with heavy bass,8,3,0.43707025051116943,0.38877396782239276,0.021645053227742513,0
A_init_method,gaussian,energetic electronic dance music with heavy bass,8,4,0.624675989151001,0.4650479306777318,0.022729281584421793,0
A_init_method,gaussian,energetic electronic dance music with heavy bass,8,5,0.624675989151001,0.5497229645649592,0.04871871868769328,0
A_init_method,gaussian,energetic electronic dance music with heavy bass,8,6,0.6303890347480774,0.6235191921393076,0.03908149003982544,1
A_init_method,gaussian,energetic electronic dance music with heavy bass,8,7,0.6407579779624939,0.6293579538663229,0.044170574347178145,2
A_init_method,slerp_prompt,energetic electronic dance music with heavy bass,9,0,0.684195876121521,0.5434387475252151,0.13732279141743978,0
A_init_method,slerp_prompt,energetic electronic dance music with heavy bass,9,1,0.6901429891586304,0.6561603446801504,0.10063769817352294,0
A_init_method,slerp_prompt,energetic electronic dance music with heavy bass,9,2,0.6978392004966736,0.6724990506966909,0.060974276065826415,1
A_init_method,slerp_prompt,energetic electronic dance music with heavy bass,9,3,0.7168565392494202,0.6775729060173035,0.08790016174316406,0
A_init_method,slerp_prompt,energetic electronic dance music with heavy bass,9,4,0.7168565392494202,0.7074958682060242,0.03269448280334473,1
A_init_method,slerp_prompt,energetic electronic dance music with heavy bass,9,5,0.7168565392494202,0.7083551386992136,0.020468751589457195,2
A_init_method,slerp_prompt,energetic electronic dance music with heavy bass,9,6,0.7285053133964539,0.7030660708745321,0.02869000832239787,3
A_init_method,slerp_prompt,energetic electronic dance music with heavy bass,9,7,0.7285053133964539,0.7001339296499888,0.04550737937291463,4
A_init_method,slerp_random,energetic electronic dance music with heavy bass,9,0,0.3555748462677002,0.3250370919704437,0.34132320086161294,0
A_init_method,slerp_random,energetic electronic dance music with heavy bass,9,1,0.5313608646392822,0.43350503345330554,0.15423728624979655,0
A_init_method,slerp_random,energetic electronic dance music with heavy bass,9,2,0.5875470638275146,0.5635786056518555,0.09678144454956054,1
A_init_method,slerp_random,energetic electronic dance music with heavy bass,9,3,0.5891577005386353,0.5810377299785614,0.052207541465759275,2
A_init_method,slerp_random,energetic electronic dance music with heavy bass,9,4,0.5919671058654785,0.5761282841364542,0.05102178653081258,3
A_init_method,slerp_random,energetic electronic dance music with heavy bass,9,5,0.5919671058654785,0.582634856303533,0.03024462064107259,4
A_init_method,slerp_random,energetic electronic dance music with heavy bass,9,6,0.5919671058654785,0.5702017843723297,0.04085224469502767,5
A_init_method,slerp_random,energetic electronic dance music with heavy bass,9,7,0.5976253151893616,0.5735498617092768,0.06787887414296469,6
A_init_method,gaussian,energetic electronic dance music with heavy bass,9,0,0.20809578895568848,0.1652621515095234,0.8343302379051845,0
A_init_method,gaussian,energetic electronic dance music with heavy bass,9,1,0.35577601194381714,0.2942170848449071,0.16461998621622723,0
A_init_method,gaussian,energetic electronic dance music with heavy bass,9,2,0.40884095430374146,0.39287319282690686,0.07678557236989339,1
A_init_method,gaussian,energetic electronic dance music with heavy bass,9,3,0.48371970653533936,0.42864957948525745,0.028963414827982585,0
A_init_method,gaussian,energetic electronic dance music with heavy bass,9,4,0.48371970653533936,0.4645315607388814,0.04588460922241211,0
A_init_method,gaussian,energetic electronic dance music with heavy bass,9,5,0.4924505650997162,0.48467353483041126,0.0325233777364095,1
A_init_method,gaussian,energetic electronic dance music with heavy bass,9,6,0.49276161193847656,0.48279451827208203,0.023155069351196288,2
A_init_method,gaussian,energetic electronic dance music with heavy bass,9,7,0.5141035914421082,0.4864080548286438,0.044133158524831136,3
A_init_method,slerp_prompt,gentle acoustic guitar ballad,0,0,0.4355940520763397,0.3262626727422078,0.19419458707173665,0
A_init_method,slerp_prompt,gentle acoustic guitar ballad,0,1,0.46063315868377686,0.44305968781312305,0.08303724527359009,1
A_init_method,slerp_prompt,gentle acoustic guitar ballad,0,2,0.555167019367218,0.48418134947617847,0.05798434416453044,0
A_init_method,slerp_prompt,gentle acoustic guitar ballad,0,3,0.6104137897491455,0.5533773799737295,0.042942877610524496,0
A_init_method,slerp_prompt,gentle acoustic guitar ballad,0,4,0.612251877784729,0.5842955708503723,0.045985066890716554,1
A_init_method,slerp_prompt,gentle acoustic guitar ballad,0,5,0.6292005181312561,0.6081344783306122,0.057501415411631264,0
A_init_method,slerp_prompt,gentle acoustic guitar ballad,0,6,0.6432065963745117,0.6268511513868967,0.0578428069750468,1
A_init_method,slerp_prompt,gentle acoustic guitar ballad,0,7,0.6456046104431152,0.626707911491394,0.06702227592468261,2
A_init_method,slerp_random,gentle acoustic guitar ballad,0,0,0.22522133588790894,0.20243837187687555,0.33730574051539103,0
A_init_method,slerp_random,gentle acoustic guitar ballad,0,1,0.3997341990470886,0.2868829717238744,0.11771442890167236,0
A_init_method,slerp_random,gentle acoustic guitar ballad,0,2,0.5453547239303589,0.4130188177029292,0.07567391792933147,0
A_init_method,slerp_random,gentle acoustic guitar ballad,0,3,0.5453547239303589,0.5128855605920156,0.034780049324035646,0
A_init_method,slerp_random,gentle acoustic guitar ballad,0,4,0.5453547239303589,0.5310188333193461,0.04838276704152425,1
A_init_method,slerp_random,gentle acoustic guitar ballad,0,5,0.5777517557144165,0.5512666602929434,0.03763265212376912,0
A_init_method,slerp_random,gentle acoustic guitar ballad,0,6,0.5806556344032288,0.5632456143697103,0.04335885842641195,1
A_init_method,slerp_random,gentle acoustic guitar ballad,0,7,0.5806556344032288,0.5736520787080129,0.0263301690419515,2
A_init_method,gaussian,gentle acoustic guitar ballad,0,0,0.15309341251850128,0.11851791168252628,0.8158168107271194,0
A_init_method,gaussian,gentle acoustic guitar ballad,0,1,0.26858386397361755,0.20700529714425406,0.13435953855514526,0
A_init_method,gaussian,gentle acoustic guitar ballad,0,2,0.4111020565032959,0.28914038091897964,0.04009621540705363,0
A_init_method,gaussian,gentle acoustic guitar ballad,0,3,0.4320702850818634,0.383981188138326,0.0245603879292806,0
A_init_method,gaussian,gentle acoustic guitar ballad,0,4,0.4524690508842468,0.43744268516699475,0.03849318822224935,0
A_init_method,gaussian,gentle acoustic guitar ballad,0,5,0.5014687180519104,0.47986018657684326,0.03251450061798096,0
A_init_method,gaussian,gentle acoustic guitar ballad,0,6,0.528998076915741,0.4979531466960907,0.03119100332260132,1
A_init_method,gaussian,gentle acoustic guitar ballad,0,7,0.5439106822013855,0.5224720537662506,0.03139027754465739,0
A_init_method,slerp_prompt,gentle acoustic guitar ballad,1,0,0.444576621055603,0.33603020509084064,0.16467599471410116,0
A_init_method,slerp_prompt,gentle acoustic guitar ballad,1,1,0.45852506160736084,0.4476166019837062,0.0724160393079122,0
A_init_method,slerp_prompt,gentle acoustic guitar ballad,1,2,0.47811272740364075,0.47068580985069275,0.048768699169158936,1
A_init_method,slerp_prompt,gentle acoustic guitar ballad,1,3,0.524414598941803,0.4853371133406957,0.028322048981984458,2
A_init_method,slerp_prompt,gentle acoustic guitar ballad,1,4,0.524414598941803,0.5021613488594691,0.0348730723063151,3
A_init_method,slerp_prompt,gentle acoustic guitar ballad,1,5,0.524414598941803,0.49663014709949493,0.05712156693140666,4
A_init_method,slerp_prompt,gentle acoustic guitar ballad,1,6,0.524414598941803,0.5135445793469747,0.06047658125559489,5
A_init_method,slerp_prompt,gentle acoustic guitar ballad,1,7,0.5591974258422852,0.5282574196656545,0.06199889977773031,0
A_init_method,slerp_random,gentle acoustic guitar ballad,1,0,0.22178694605827332,0.18803547571102777,0.3603223045667013,0
A_init_method,slerp_random,gentle acoustic guitar ballad,1,1,0.2793198823928833,0.2430175244808197,0.08561228513717652,0
A_init_method,slerp_random,gentle acoustic guitar ballad,1,2,0.39892318844795227,0.2970954328775406,0.07138076225916544,0
A_init_method,slerp_random,gentle acoustic guitar ballad,1,3,0.39892318844795227,0.3725189020236333,0.037472697099049886,0
A_init_method,slerp_random,gentle acoustic guitar ballad,1,4,0.4279800057411194,0.40459418296813965,0.03401207129160563,0
A_init_method,slerp_random,gentle acoustic guitar ballad,1,5,0.4304537773132324,0.42803796629110974,0.059312176704406736,0
A_init_method,slerp_random,gentle acoustic guitar ballad,1,6,0.5376573801040649,0.45216813186804455,0.0665394902229309,0
A_init_method,slerp_random,gentle acoustic guitar ballad,1,7,0.5376573801040649,0.5119907806317011,0.06612355709075927,0
A_init_method,gaussian,gentle acoustic guitar ballad,1,0,0.14374005794525146,0.0908914611985286,0.868245001633962,0
A_init_method,gaussian,gentle acoustic guitar ballad,1,1,0.18438991904258728,0.17569280167420706,0.14460136890411376,0
A_init_method,gaussian,gentle acoustic guitar ballad,1,2,0.3043074905872345,0.21411908169587454,0.05317469835281372,0
A_init_method,gaussian,gentle acoustic guitar ballad,1,3,0.3321198523044586,0.2773627017935117,0.027416268984476726,0
A_init_method,gaussian,gentle acoustic guitar ballad,1,4,0.3657464385032654,0.3346770852804184,0.02647380034128825,0
A_init_method,gaussian,gentle acoustic guitar ballad,1,5,0.43048056960105896,0.37477659185727435,0.0368263562520345,0
A_init_method,gaussian,gentle acoustic guitar ballad,1,6,0.5335409641265869,0.4288789580265681,0.05247440735499064,0
A_init_method,gaussian,gentle acoustic guitar ballad,1,7,0.5473421812057495,0.5065189550320307,0.06143282254536946,0
A_init_method,slerp_prompt,gentle acoustic guitar ballad,2,0,0.4350135624408722,0.3589030057191849,0.14063740173975628,0
A_init_method,slerp_prompt,gentle acoustic guitar ballad,2,1,0.5048545598983765,0.44858109951019287,0.0483518918355306,0
A_init_method,slerp_prompt,gentle acoustic guitar ballad,2,2,0.5328942537307739,0.49441884954770404,0.054828580220540366,0
A_init_method,slerp_prompt,gentle acoustic guitar ballad,2,3,0.537909746170044,0.5185682127873102,0.05949572722117106,1
A_init_method,slerp_prompt,gentle acoustic guitar ballad,2,4,0.6323243975639343,0.5478705664475759,0.05691253741582235,0
A_init_method,slerp_prompt,gentle acoustic guitar ballad,2,5,0.6323243975639343,0.6051852305730184,0.04645970662434896,0
A_init_method,slerp_prompt,gentle acoustic guitar ballad,2,6,0.6362013816833496,0.6202639838059744,0.05916923681894938,1
A_init_method,slerp_prompt,gentle acoustic guitar ballad,2,7,0.6362013816833496,0.626240869363149,0.029060256481170655,2
A_init_method,slerp_random,gentle acoustic guitar ballad,2,0,0.2078622430562973,0.1868921493490537,0.34387788772583006,0
A_init_method,slerp_random,gentle acoustic guitar ballad,2,1,0.26843446493148804,0.2394409254193306,0.10618566274642945,0
A_init_method,slerp_random,gentle acoustic guitar ballad,2,2,0.4029722511768341,0.28834884862105054,0.04550450642903646,0
A_init_method,slerp_random,gentle acoustic guitar ballad,2,3,0.4029722511768341,0.36891954640547436,0.07840137481689453,0
A_init_method,slerp_random,gentle acoustic guitar ballad,2,4,0.49057725071907043,0.4140181839466095,0.06468248764673869,0
A_init_method,slerp_random,gentle acoustic guitar ballad,2,5,0.5688629150390625,0.48915662864844006,0.048801120122273764,0
A_init_method,slerp_random,gentle acoustic guitar ballad,2,6,0.5688629150390625,0.5392238448063532,0.08590244849522909,0
A_init_method,slerp_random,gentle acoustic guitar ballad,2,7,0.5999996662139893,0.5623151610294977,0.04881829023361206,0
A_init_method,gaussian,gentle acoustic guitar ballad,2,0,0.12215746939182281,0.09120582044124603,0.8425615752736727,0
A_init_method,gaussian,gentle acoustic guitar ballad,2,1,0.17677129805088043,0.15657276660203934,0.18255549271901447,1
A_init_method,gaussian,gentle acoustic guitar ballad,2,2,0.29987746477127075,0.19631471236546835,0.02006287177403768,0
A_init_method,gaussian,gentle acoustic guitar ballad,2,3,0.33754777908325195,0.26727483173211414,0.04397529363632202,0
A_init_method,gaussian,gentle acoustic guitar ballad,2,4,0.3841174244880676,0.33836079637209576,0.04867138465245565,1
A_init_method,gaussian,gentle acoustic guitar ballad,2,5,0.4765215814113617,0.40042058130105335,0.02851036787033081,0
A_init_method,gaussian,gentle acoustic guitar ballad,2,6,0.47738927602767944,0.4624874492486318,0.06379903157552083,0
A_init_method,gaussian,gentle acoustic guitar ballad,2,7,0.5384023189544678,0.4933746059735616,0.07644129196802775,0
A_init_method,slerp_prompt,gentle acoustic guitar ballad,3,0,0.45425593852996826,0.37016768256823224,0.17441027959187824,0
A_init_method,slerp_prompt,gentle acoustic guitar ballad,3,1,0.5219832062721252,0.4725122352441152,0.07066658337910971,0
A_init_method,slerp_prompt,gentle acoustic guitar ballad,3,2,0.5221071243286133,0.5043738981088003,0.06736989021301269,0
A_init_method,slerp_prompt,gentle acoustic guitar ballad,3,3,0.5376409292221069,0.5094707757234573,0.07499315738677978,1
A_init_method,slerp_prompt,gentle acoustic guitar ballad,3,4,0.5376409292221069,0.5124750832716624,0.07113328774770102,2
A_init_method,slerp_prompt,gentle acoustic guitar ballad,3,5,0.5378444194793701,0.5195731371641159,0.037885113557179766,3
A_init_method,slerp_prompt,gentle acoustic guitar ballad,3,6,0.5606249570846558,0.5191420714060465,0.0681680679321289,4
A_init_method,slerp_prompt,gentle acoustic guitar ballad,3,7,0.6367471218109131,0.5612324873606364,0.05374001264572144,0
A_init_method,slerp_random,gentle acoustic guitar ballad,3,0,0.23654726147651672,0.21049384276072183,0.33506385087966917,0
A_init_method,slerp_random,gentle acoustic guitar ballad,3,1,0.3224911093711853,0.27349602182706195,0.09595251480738322,0
A_init_method,slerp_random,gentle acoustic guitar ballad,3,2,0.37837931513786316,0.3430918703476588,0.07769099076588949,0
A_init_method,slerp_random,gentle acoustic guitar ballad,3,3,0.4667346775531769,0.40771035353342694,0.07078622976938884,0
A_init_method,slerp_random,gentle acoustic guitar ballad,3,4,0.5267729163169861,0.4850902557373047,0.07690979242324829,0
A_init_method,slerp_random,gentle acoustic guitar ballad,3,5,0.5811780095100403,0.539272795120875,0.04603607654571533,1
A_init_method,slerp_random,gentle acoustic guitar ballad,3,6,0.5811780095100403,0.5656895140806834,0.06044748624165853,0
A_init_method,slerp_random,gentle acoustic guitar ballad,3,7,0.600483238697052,0.5730908711751302,0.07506232659022014,1
A_init_method,gaussian,gentle acoustic guitar ballad,3,0,0.1630176305770874,0.12728088473280272,0.8202733069658279,0
A_init_method,gaussian,gentle acoustic guitar ballad,3,1,0.237809956073761,0.2107608045140902,0.13489553133646648,0
A_init_method,gaussian,gentle acoustic guitar ballad,3,2,0.29938510060310364,0.2595616752902667,0.029913449287414552,0
A_init_method,gaussian,gentle acoustic guitar ballad,3,3,0.34611576795578003,0.3202672153711319,0.036432719230651854,0
A_init_method,gaussian,gentle acoustic guitar ballad,3,4,0.4489103853702545,0.38278009990851086,0.044000705083211265,0
A_init_method,gaussian,gentle acoustic guitar ballad,3,5,0.4932582974433899,0.4563340147336324,0.028781282901763915,0
A_init_method,gaussian,gentle acoustic guitar ballad,3,6,0.5698858499526978,0.49172307054201764,0.06562026739120483,0
A_init_method,gaussian,gentle acoustic guitar ballad,3,7,0.5698858499526978,0.5441922942797343,0.055677024523417155,0
A_init_method,slerp_prompt,gentle acoustic guitar ballad,4,0,0.41001254320144653,0.3305454303820928,0.11671565771102906,0
A_init_method,slerp_prompt,gentle acoustic guitar ballad,4,1,0.45646634697914124,0.41530266404151917,0.07367644309997559,0
A_init_method,slerp_prompt,gentle acoustic guitar ballad,4,2,0.45646634697914124,0.44038768112659454,0.06628314256668091,1
A_init_method,slerp_prompt,gentle acoustic guitar ballad,4,3,0.5314164161682129,0.46845657130082446,0.026577309767405192,0
A_init_method,slerp_prompt,gentle acoustic guitar ballad,4,4,0.5314164161682129,0.5028052578369776,0.0346406896909078,1
A_init_method,slerp_prompt,gentle acoustic guitar ballad,4,5,0.570160984992981,0.5226731499036154,0.049412107467651366,2
A_init_method,slerp_prompt,gentle acoustic guitar ballad,4,6,0.5880406498908997,0.5610848466555277,0.024230130513509116,3
A_init_method,slerp_prompt,gentle acoustic guitar ballad,4,7,0.5979353785514832,0.575430283943812,0.0450253963470459,0
A_init_method,slerp_random,gentle acoustic guitar ballad,4,0,0.21491816639900208,0.18869157135486603,0.33701133330663047,0
A_init_method,slerp_random,gentle acoustic guitar ballad,4,1,0.2775092124938965,0.2532839278380076,0.07082093556722005,0
A_init_method,slerp_random,gentle acoustic guitar ballad,4,2,0.34947454929351807,0.2893575777610143,0.07813568909962972,1
A_init_method,slerp_random,gentle acoustic guitar ballad,4,3,0.4265916347503662,0.3591807186603546,0.03064318895339966,0
A_init_method,slerp_random,gentle acoustic guitar ballad,4,4,0.5110164880752563,0.44413429498672485,0.034623368581136064,0
A_init_method,slerp_random,gentle acoustic guitar ballad,4,5,0.5282627940177917,0.504300499955813,0.04835927486419678,0
A_init_method,slerp_random,gentle acoustic guitar ballad,4,6,0.5282627940177917,0.5186276733875275,0.0274255633354187,1
A_init_method,slerp_random,gentle acoustic guitar ballad,4,7,0.5391821265220642,0.5251803000768026,0.037954588731129967,2
A_init_method,gaussian,gentle acoustic guitar ballad,4,0,0.14281196892261505,0.09570737245182197,0.8209431633353234,0
A_init_method,gaussian,gentle acoustic guitar ballad,4,1,0.19750890135765076,0.1815284863114357,0.10466821591059366,1
A_init_method,gaussian,gentle acoustic guitar ballad,4,2,0.2363826334476471,0.20932707687218985,0.029549590746561685,0
A_init_method,gaussian,gentle acoustic guitar ballad,4,3,0.31663668155670166,0.26241810123125714,0.021885486443837483,0
A_init_method,gaussian,gentle acoustic guitar ballad,4,4,0.4208468794822693,0.3362295726935069,0.028427422046661377,0
A_init_method,gaussian,gentle acoustic guitar ballad,4,5,0.42348623275756836,0.41041406989097595,0.03567576011021932,1
A_init_method,gaussian,gentle acoustic guitar ballad,4,6,0.4390438497066498,0.4254339536031087,0.015311821301778158,0
A_init_method,gaussian,gentle acoustic guitar ballad,4,7,0.4722643196582794,0.44927988449732464,0.028427223364512127,0
A_init_method,slerp_prompt,gentle acoustic guitar ballad,5,0,0.3331156075000763,0.29269759108622867,0.15416093667348227,0
A_init_method,slerp_prompt,gentle acoustic guitar ballad,5,1,0.5084595084190369,0.37201421956221264,0.09054532051086425,0
A_init_method,slerp_prompt,gentle acoustic guitar ballad,5,2,0.5524049401283264,0.48807481427987415,0.07977073192596436,0
A_init_method,slerp_prompt,gentle acoustic guitar ballad,5,3,0.5524049401283264,0.5256360769271851,0.05116382439931234,1
A_init_method,slerp_prompt,gentle acoustic guitar ballad,5,4,0.5524049401283264,0.5383477012316386,0.0380661408106486,2
A_init_method,slerp_prompt,gentle acoustic guitar ballad,5,5,0.5524049401283264,0.530365581313769,0.03399893840154012,3
A_init_method,slerp_prompt,gentle acoustic guitar ballad,5,6,0.5849056243896484,0.5608882009983063,0.02677421967188517,0
A_init_method,slerp_prompt,gentle acoustic guitar ballad,5,7,0.5867594480514526,0.5655171374479929,0.04126537243525187,1
A_init_method,slerp_random,gentle acoustic guitar ballad,5,0,0.1989380419254303,0.174785278737545,0.33694094022115073,0
A_init_method,slerp_random,gentle acoustic guitar ballad,5,1,0.4370473325252533,0.25209368765354156,0.1494144399960836,0
A_init_method,slerp_random,gentle acoustic guitar ballad,5,2,0.4693664312362671,0.39383792380491894,0.08078548510869345,0
A_init_method,slerp_random,gentle acoustic guitar ballad,5,3,0.4693664312362671,0.44800318280855816,0.09595495065053304,0
A_init_method,slerp_random,gentle acoustic guitar ballad,5,4,0.4991268217563629,0.4728734443585078,0.02777994473775228,0
A_init_method,slerp_random,gentle acoustic guitar ballad,5,5,0.5595818758010864,0.5019907206296921,0.05840002298355103,0
A_init_method,slerp_random,gentle acoustic guitar ballad,5,6,0.6301332712173462,0.5575501322746277,0.03672735691070557,0
A_init_method,slerp_random,gentle acoustic guitar ballad,5,7,0.6301332712173462,0.6116348703702291,0.02933288812637329,1
A_init_method,gaussian,gentle acoustic guitar ballad,5,0,0.11050287634134293,0.07527432776987553,0.8202633728583654,0
A_init_method,gaussian,gentle acoustic guitar ballad,5,1,0.2907579243183136,0.16250316177805266,0.1598771015803019,0
A_init_method,gaussian,gentle acoustic guitar ballad,5,2,0.36647287011146545,0.26746831089258194,0.10138943592707315,0
A_init_method,gaussian,gentle acoustic guitar ballad,5,3,0.36647287011146545,0.3382616937160492,0.08009874820709229,0
A_init_method,gaussian,gentle acoustic guitar ballad,5,4,0.4393564462661743,0.38688941796620685,0.03828608989715576,0
A_init_method,gaussian,gentle acoustic guitar ballad,5,5,0.49425092339515686,0.4425955166419347,0.03942586978276571,0
A_init_method,gaussian,gentle acoustic guitar ballad,5,6,0.5941658616065979,0.5097529838482538,0.03256659507751465,0
A_init_method,gaussian,gentle acoustic guitar ballad,5,7,0.5941658616065979,0.5752116143703461,0.02280604044596354,1
A_init_method,slerp_prompt,gentle acoustic guitar ballad,6,0,0.45425593852996826,0.3671700333555539,0.16300171613693237,0
A_init_method,slerp_prompt,gentle acoustic guitar ballad,6,1,0.527505099773407,0.4745624711116155,0.058098800977071124,0
A_init_method,slerp_prompt,gentle acoustic guitar ballad,6,2,0.5662595629692078,0.5079631159702936,0.06325729290644327,1
A_init_method,slerp_prompt,gentle acoustic guitar ballad,6,3,0.6012908220291138,0.572864423195521,0.06441612243652343,0
A_init_method,slerp_prompt,gentle acoustic guitar ballad,6,4,0.6116530895233154,0.6005397935708364,0.0234036127726237,1
A_init_method,slerp_prompt,gentle acoustic guitar ballad,6,5,0.6116530895233154,0.579352080821991,0.09399652481079102,2
A_init_method,slerp_prompt,gentle acoustic guitar ballad,6,6,0.6293264031410217,0.590553472439448,0.04371223052342733,3
A_init_method,slerp_prompt,gentle acoustic guitar ballad,6,7,0.6332305669784546,0.6073277095953623,0.07378101746241252,4
A_init_method,slerp_random,gentle acoustic guitar ballad,6,0,0.21393641829490662,0.19295495996872583,0.35175592501958214,0
A_init_method,slerp_random,gentle acoustic guitar ballad,6,1,0.3569948375225067,0.27103561411301297,0.08011352221171061,0
A_init_method,slerp_random,gentle acoustic guitar ballad,6,2,0.45791637897491455,0.40129805107911426,0.05130833387374878,0
A_init_method,slerp_random,gentle acoustic guitar ballad,6,3,0.47612929344177246,0.4538337488969167,0.0790276328722636,1
A_init_method,slerp_random,gentle acoustic guitar ballad,6,4,0.4919121563434601,0.47741739451885223,0.015706793467203776,0
A_init_method,slerp_random,gentle acoustic guitar ballad,6,5,0.5257980823516846,0.4738180885712306,0.06884338458379109,1
A_init_method,slerp_random,gentle acoustic guitar ballad,6,6,0.5571721196174622,0.5039446751276652,0.052190057436625165,2
A_init_method,slerp_random,gentle acoustic guitar ballad,6,7,0.5571721196174622,0.5355751613775889,0.024316879113515218,3
A_init_method,gaussian,gentle acoustic guitar ballad,6,0,0.13341733813285828,0.10127026898165543,0.8488890106479327,0
A_init_method,gaussian,gentle acoustic guitar ballad,6,1,0.2246239334344864,0.18443793803453445,0.12255374193191529,0
A_init_method,gaussian,gentle acoustic guitar ballad,6,2,0.30637168884277344,0.2638789390524228,0.0443602999051412,0
A_init_method,gaussian,gentle acoustic guitar ballad,6,3,0.34564101696014404,0.3216361304124196,0.0439481774965922,0
A_init_method,gaussian,gentle acoustic guitar ballad,6,4,0.40377184748649597,0.3568880409002304,0.025276148319244386,0
A_init_method,gaussian,gentle acoustic guitar ballad,6,5,0.43117234110832214,0.3884791284799576,0.07133963108062744,1
A_init_method,gaussian,gentle acoustic guitar ballad,6,6,0.47301942110061646,0.4246798853079478,0.032141828536987306,2
A_init_method,gaussian,gentle acoustic guitar ballad,6,7,0.4906112551689148,0.460135355591774,0.025543169180552164,0
A_init_method,slerp_prompt,gentle acoustic guitar ballad,7,0,0.42757129669189453,0.34784336884816486,0.13542999823888144,0
A_init_method,slerp_prompt,gentle acoustic guitar ballad,7,1,0.4713202714920044,0.4412265568971634,0.05743634303410848,0
A_init_method,slerp_prompt,gentle acoustic guitar ballad,7,2,0.4945283532142639,0.4632066587607066,0.03066862424214681,1
A_init_method,slerp_prompt,gentle acoustic guitar ballad,7,3,0.5315885543823242,0.48332445820172626,0.07294380267461141,2
A_init_method,slerp_prompt,gentle acoustic guitar ballad,7,4,0.5490027070045471,0.5218062003453573,0.026228984196980793,0
A_init_method,slerp_prompt,gentle acoustic guitar ballad,7,5,0.5493496060371399,0.5368797580401102,0.06814082066218058,1
A_init_method,slerp_prompt,gentle acoustic guitar ballad,7,6,0.5770113468170166,0.5430826048056284,0.04869720141092936,2
A_init_method,slerp_prompt,gentle acoustic guitar ballad,7,7,0.5770113468170166,0.5495126297076544,0.05512361526489258,3
A_init_method,slerp_random,gentle acoustic guitar ballad,7,0,0.20581772923469543,0.17383377254009247,0.3430057366689046,0
A_init_method,slerp_random,gentle acoustic guitar ballad,7,1,0.3330581784248352,0.2658806691567103,0.10917646090189616,0
A_init_method,slerp_random,gentle acoustic guitar ballad,7,2,0.4115563631057739,0.3666071444749832,0.05649986267089844,0
A_init_method,slerp_random,gentle acoustic guitar ballad,7,3,0.4844001531600952,0.4330183764298757,0.06034000714619955,0
A_init_method,slerp_random,gentle acoustic guitar ballad,7,4,0.5006925463676453,0.4758717616399129,0.0642497698465983,0
A_init_method,slerp_random,gentle acoustic guitar ballad,7,5,0.58909010887146,0.524273524681727,0.10258357127507528,0
A_init_method,slerp_random,gentle acoustic guitar ballad,7,6,0.6026861667633057,0.5745159834623337,0.08000371456146241,1
A_init_method,slerp_random,gentle acoustic guitar ballad,7,7,0.6086181402206421,0.5759808967510859,0.06036413510640462,2
A_init_method,gaussian,gentle acoustic guitar ballad,7,0,0.12249550968408585,0.06952092424035072,0.8329133301973343,0
A_init_method,gaussian,gentle acoustic guitar ballad,7,1,0.22889769077301025,0.1719022604326407,0.18300991455713908,0
A_init_method,gaussian,gentle acoustic guitar ballad,7,2,0.279222697019577,0.25700875371694565,0.0789992888768514,1
A_init_method,gaussian,gentle acoustic guitar ballad,7,3,0.3413861393928528,0.3047695457935333,0.029939572016398113,0
A_init_method,gaussian,gentle acoustic guitar ballad,7,4,0.41229555010795593,0.3523563990990321,0.03876360257466634,0
A_init_method,gaussian,gentle acoustic guitar ballad,7,5,0.5564423203468323,0.4266980489095052,0.07734314997990926,0
A_init_method,gaussian,gentle acoustic guitar ballad,7,6,0.5564423203468323,0.5099963545799255,0.06716131369272868,0
A_init_method,gaussian,gentle acoustic guitar ballad,7,7,0.5600953698158264,0.5376676072676977,0.058819226423899335,1
A_init_method,slerp_prompt,gentle acoustic guitar ballad,8,0,0.45425593852996826,0.3303426553805669,0.13018714984258015,0
A_init_method,slerp_prompt,gentle acoustic guitar ballad,8,1,0.47673624753952026,0.4501230965058009,0.04540990988413493,0
A_init_method,slerp_prompt,gentle acoustic guitar ballad,8,2,0.5442493557929993,0.4855018804470698,0.059448238213857016,0
A_init_method,slerp_prompt,gentle acoustic guitar ballad,8,3,0.5442493557929993,0.5132938623428345,0.09311458269755045,0
A_init_method,slerp_prompt,gentle acoustic guitar ballad,8,4,0.5658445954322815,0.5306332757075628,0.03474514484405518,1
A_init_method,slerp_prompt,gentle acoustic guitar ballad,8,5,0.5658445954322815,0.5402675668398539,0.057120354970296223,2
A_init_method,slerp_prompt,gentle acoustic guitar ballad,8,6,0.567294716835022,0.5476486186186472,0.02317210833231608,3
A_init_method,slerp_prompt,gentle acoustic guitar ballad,8,7,0.5688357949256897,0.5546619792779287,0.030107704798380534,4
A_init_method,slerp_random,gentle acoustic guitar ballad,8,0,0.21042625606060028,0.1937289610505104,0.3499979575475057,0
A_init_method,slerp_random,gentle acoustic guitar ballad,8,1,0.40086570382118225,0.25983689973751706,0.08963749806086223,0
A_init_method,slerp_random,gentle acoustic guitar ballad,8,2,0.45557546615600586,0.3735754042863846,0.09176961183547974,0
A_init_method,slerp_random,gentle acoustic guitar ballad,8,3,0.49161598086357117,0.4531958003838857,0.07328745126724243,0
A_init_method,slerp_random,gentle acoustic guitar ballad,8,4,0.578621506690979,0.5105812003215154,0.06041775544484456,0
A_init_method,slerp_random,gentle acoustic guitar ballad,8,5,0.578621506690979,0.5568400422732035,0.0382864514986674,0
A_init_method,slerp_random,gentle acoustic guitar ballad,8,6,0.5791503190994263,0.558134655157725,0.02435978651046753,1
A_init_method,slerp_random,gentle acoustic guitar ballad,8,7,0.5791503190994263,0.5558747549851736,0.030422337849934897,2
A_init_method,gaussian,gentle acoustic guitar ballad,8,0,0.11805374920368195,0.10025217880805333,0.8416897381345431,0
A_init_method,gaussian,gentle acoustic guitar ballad,8,1,0.22395335137844086,0.1595163196325302,0.14973883231480917,0
A_init_method,gaussian,gentle acoustic guitar ballad,8,2,0.30632561445236206,0.23057877769072851,0.06817179918289185,0
A_init_method,gaussian,gentle acoustic guitar ballad,8,3,0.4318833351135254,0.30934765934944153,0.059317922592163085,0
A_init_method,gaussian,gentle acoustic guitar ballad,8,4,0.498203843832016,0.41702285408973694,0.05904010931650797,0
A_init_method,gaussian,gentle acoustic guitar ballad,8,5,0.50019371509552,0.490786333878835,0.042560942967732746,1
A_init_method,gaussian,gentle acoustic guitar ballad,8,6,0.50019371509552,0.48949645459651947,0.017822694778442384,2
A_init_method,gaussian,gentle acoustic guitar ballad,8,7,0.50019371509552,0.48775556186834973,0.020893518129984537,3
A_init_method,slerp_prompt,gentle acoustic guitar ballad,9,0,0.45425593852996826,0.3605151077111562,0.1541235327720642,0
A_init_method,slerp_prompt,gentle acoustic guitar ballad,9,1,0.4679547846317291,0.4599691132704417,0.05990791320800781,1
A_init_method,slerp_prompt,gentle acoustic guitar ballad,9,2,0.48073238134384155,0.46426498889923096,0.05608983437220256,0
A_init_method,slerp_prompt,gentle acoustic guitar ballad,9,3,0.5275995135307312,0.48928319414456684,0.05686173439025879,1
A_init_method,slerp_prompt,gentle acoustic guitar ballad,9,4,0.5275995135307312,0.5048417697350184,0.03868493636449178,2
A_init_method,slerp_prompt,gentle acoustic guitar ballad,9,5,0.5616954565048218,0.5484601457913717,0.0706302801767985,0
A_init_method,slerp_prompt,gentle acoustic guitar ballad,9,6,0.5986588001251221,0.5749049484729767,0.05280644098917643,1
A_init_method,slerp_prompt,gentle acoustic guitar ballad,9,7,0.6108758449554443,0.5769771883885065,0.05914474725723266,2
A_init_method,slerp_random,gentle acoustic guitar ballad,9,0,0.23688429594039917,0.2078375667333603,0.3396425445874532,0
A_init_method,slerp_random,gentle acoustic guitar ballad,9,1,0.2720538079738617,0.25632547835508984,0.09313120047251383,0
A_init_method,slerp_random,gentle acoustic guitar ballad,9,2,0.4040551483631134,0.3090444654226303,0.0900761365890503,0
A_init_method,slerp_random,gentle acoustic guitar ballad,9,3,0.49082523584365845,0.3992061913013458,0.06485960483551026,0
A_init_method,slerp_random,gentle acoustic guitar ballad,9,4,0.49082523584365845,0.4701985518137614,0.05224682092666626,0
A_init_method,slerp_random,gentle acoustic guitar ballad,9,5,0.5291119813919067,0.46825970709323883,0.0879084308942159,1
A_init_method,slerp_random,gentle acoustic guitar ballad,9,6,0.5401526689529419,0.5101481427748998,0.08209623098373413,2
A_init_method,slerp_random,gentle acoustic guitar ballad,9,7,0.5449460744857788,0.5205899278322855,0.04671732187271118,3
A_init_method,gaussian,gentle acoustic guitar ballad,9,0,0.17327578365802765,0.12482743461926778,0.8264880041281383,0
A_init_method,gaussian,gentle acoustic guitar ballad,9,1,0.22768929600715637,0.21150292456150055,0.14605797529220582,0
A_init_method,gaussian,gentle acoustic guitar ballad,9,2,0.3071940541267395,0.25725430498520535,0.06913235187530517,0
A_init_method,gaussian,gentle acoustic guitar ballad,9,3,0.4217216372489929,0.3323203772306442,0.03535799185434977,0
A_init_method,gaussian,gentle acoustic guitar ballad,9,4,0.43993547558784485,0.404972568154335,0.02645037571589152,0
A_init_method,gaussian,gentle acoustic guitar ballad,9,5,0.46777063608169556,0.4259279469648997,0.0670460303624471,1
A_init_method,gaussian,gentle acoustic guitar ballad,9,6,0.48158109188079834,0.45936185121536255,0.05007702112197876,2
A_init_method,gaussian,gentle acoustic guitar ballad,9,7,0.492268830537796,0.4719575047492981,0.040717760721842446,3
B_mutation_rate,p_mut=0.0,tense orchestral strings with brass fanfare,0,0,0.4518498182296753,0.3326858828465144,0.185910431543986,0
B_mutation_rate,p_mut=0.0,tense orchestral strings with brass fanfare,0,1,0.5233072638511658,0.4549454251925151,0.03629208008448283,0
B_mutation_rate,p_mut=0.0,tense orchestral strings with brass fanfare,0,2,0.7257933020591736,0.5350768019755682,0.0365595539410909,0
B_mutation_rate,p_mut=0.0,tense orchestral strings with brass fanfare,0,3,0.7257933020591736,0.6665896673997244,0.01522732178370158,0
B_mutation_rate,p_mut=0.0,tense orchestral strings with brass fanfare,0,4,0.7258782386779785,0.7144834697246552,0.015578917662302653,1
B_mutation_rate,p_mut=0.0,tense orchestral strings with brass fanfare,0,5,0.7258782386779785,0.7212175130844116,0.03033918539683024,2
B_mutation_rate,p_mut=0.0,tense orchestral strings with brass fanfare,0,6,0.7344071865081787,0.7272961139678955,0.012318754196166992,3
B_mutation_rate,p_mut=0.0,tense orchestral strings with brass fanfare,0,7,0.7370243072509766,0.7319877048333486,0.032338889439900716,4
B_mutation_rate,p_mut=0.3,tense orchestral strings with brass fanfare,0,0,0.4518498182296753,0.3326858828465144,0.185910431543986,0
B_mutation_rate,p_mut=0.3,tense orchestral strings with brass fanfare,0,1,0.5233072638511658,0.4549454251925151,0.03629208008448283,0
B_mutation_rate,p_mut=0.3,tense orchestral strings with brass fanfare,0,2,0.6809428334236145,0.546818012992541,0.07823346853256226,0
B_mutation_rate,p_mut=0.3,tense orchestral strings with brass fanfare,0,3,0.7004838585853577,0.6745925744374593,0.038355898857116696,0
B_mutation_rate,p_mut=0.3,tense orchestral strings with brass fanfare,0,4,0.7031537294387817,0.694270114103953,0.028921250502268472,1
B_mutation_rate,p_mut=0.3,tense orchestral strings with brass fanfare,0,5,0.8323384523391724,0.7252516150474548,0.020995561281840006,0
B_mutation_rate,p_mut=0.3,tense orchestral strings with brass fanfare,0,6,0.8323384523391724,0.7808671295642853,0.025293850898742677,1
B_mutation_rate,p_mut=0.3,tense orchestral strings with brass fanfare,0,7,0.8323384523391724,0.7981913983821869,0.01337368885676066,2
B_mutation_rate,p_mut=0.5,tense orchestral strings with brass fanfare,0,0,0.4518498182296753,0.3326858828465144,0.185910431543986,0
B_mutation_rate,p_mut=0.5,tense orchestral strings with brass fanfare,0,1,0.5251678824424744,0.47833724816640216,0.0432910680770874,0
B_mutation_rate,p_mut=0.5,tense orchestral strings with brass fanfare,0,2,0.7288703918457031,0.5864554544289907,0.04495278199513753,0
B_mutation_rate,p_mut=0.5,tense orchestral strings with brass fanfare,0,3,0.7288703918457031,0.6850965817769369,0.0583594799041748,1
B_mutation_rate,p_mut=0.5,tense orchestral strings with brass fanfare,0,4,0.7935695648193359,0.7135530908902487,0.06185045639673869,2
B_mutation_rate,p_mut=0.5,tense orchestral strings with brass fanfare,0,5,0.8497002720832825,0.7803059816360474,0.02555845578511556,0
B_mutation_rate,p_mut=0.5,tense orchestral strings with brass fanfare,0,6,0.8497002720832825,0.8049705326557159,0.06460133790969849,1
B_mutation_rate,p_mut=0.5,tense orchestral strings with brass fanfare,0,7,0.8663918972015381,0.835411916176478,0.03053754965464274,2
B_mutation_rate,"p_mut=0.0,注入なし",tense orchestral strings with brass fanfare,0,0,0.4518498182296753,0.3326858828465144,0.185910431543986,0
B_mutation_rate,"p_mut=0.0,注入なし",tense orchestral strings with brass fanfare,0,1,0.4518498182296753,0.4418231050173442,0.010543306668599447,1
B_mutation_rate,"p_mut=0.0,注入なし",tense orchestral strings with brass fanfare,0,2,0.4518498182296753,0.4504214972257614,0.0015291213989257813,2
B_mutation_rate,"p_mut=0.0,注入なし",tense orchestral strings with brass fanfare,0,3,0.4518498182296753,0.45157798131306964,0.00028849045435587565,3
B_mutation_rate,"p_mut=0.0,注入なし",tense orchestral strings with brass fanfare,0,4,0.4518498182296753,0.45180271565914154,6.189346313476563e-05,4
B_mutation_rate,"p_mut=0.0,注入なし",tense orchestral strings with brass fanfare,0,5,0.4518498182296753,0.45184608300526935,8.571147918701173e-06,5
B_mutation_rate,"p_mut=0.0,注入なし",tense orchestral strings with brass fanfare,0,6,0.45185041427612305,0.45185018082459766,1.0331471761067708e-06,6
B_mutation_rate,"p_mut=0.0,注入なし",tense orchestral strings with brass fanfare,0,7,0.45185041427612305,0.45185034970442456,-2.384185791015625e-08,7
B_mutation_rate,p_mut=0.0,tense orchestral strings with brass fanfare,1,0,0.5339860916137695,0.33201031635204953,0.17292736371358236,0
B_mutation_rate,p_mut=0.0,tense orchestral strings with brass fanfare,1,1,0.6114907264709473,0.533515085776647,0.04085506200790405,0
B_mutation_rate,p_mut=0.0,tense orchestral strings with brass fanfare,1,2,0.6796153783798218,0.6069051921367645,0.049832844734191896,0
B_mutation_rate,p_mut=0.0,tense orchestral strings with brass fanfare,1,3,0.6796153783798218,0.668841669956843,0.03324468533198039,0
B_mutation_rate,p_mut=0.0,tense orchestral strings with brass fanfare,1,4,0.6796153783798218,0.6744502584139506,0.027563043435414634,1
B_mutation_rate,p_mut=0.0,tense orchestral strings with brass fanfare,1,5,0.6800145506858826,0.6727823416392008,0.027399261792500813,2
B_mutation_rate,p_mut=0.0,tense orchestral strings with brass fanfare,1,6,0.6800145506858826,0.6709626019001007,0.03690652052561442,3
B_mutation_rate,p_mut=0.0,tense orchestral strings with brass fanfare,1,7,0.7399709224700928,0.6900063951810201,0.0069455385208129885,4
B_mutation_rate,p_mut=0.3,tense orchestral strings with brass fanfare,1,0,0.5339860916137695,0.33201031635204953,0.17292736371358236,0
B_mutation_rate,p_mut=0.3,tense orchestral strings with brass fanfare,1,1,0.6034297347068787,0.5320473710695902,0.044238142172495526,0
B_mutation_rate,p_mut=0.3,tense orchestral strings with brass fanfare,1,2,0.6340108513832092,0.5836512545744578,0.0320318341255188,0
B_mutation_rate,p_mut=0.3,tense orchestral strings with brass fanfare,1,3,0.7146058082580566,0.6425011356671652,0.035256147384643555,0
B_mutation_rate,p_mut=0.3,tense orchestral strings with brass fanfare,1,4,0.7146058082580566,0.6859744588534037,0.037735203901926674,1
B_mutation_rate,p_mut=0.3,tense orchestral strings with brass fanfare,1,5,0.7188407778739929,0.6829142073790232,0.06868554353713989,2
B_mutation_rate,p_mut=0.3,tense orchestral strings with brass fanfare,1,6,0.7199651002883911,0.7081342736879984,0.03568942546844482,3
B_mutation_rate,p_mut=0.3,tense orchestral strings with brass fanfare,1,7,0.7199651002883911,0.6924367646376292,0.0576786994934082,4
B_mutation_rate,p_mut=0.5,tense orchestral strings with brass fanfare,1,0,0.5339860916137695,0.33201031635204953,0.17292736371358236,0
B_mutation_rate,p_mut=0.5,tense orchestral strings with brass fanfare,1,1,0.7316615581512451,0.5587030947208405,0.059814393520355225,0
B_mutation_rate,p_mut=0.5,tense orchestral strings with brass fanfare,1,2,0.7740723490715027,0.7022316058476766,0.032426695028940834,0
B_mutation_rate,p_mut=0.5,tense orchestral strings with brass fanfare,1,3,0.7802119255065918,0.7472521861394247,0.05958836078643799,1
B_mutation_rate,p_mut=0.5,tense orchestral strings with brass fanfare,1,4,0.8421951532363892,0.7933528125286102,0.0186320424079895,2
B_mutation_rate,p_mut=0.5,tense orchestral strings with brass fanfare,1,5,0.8421951532363892,0.8083840409914652,0.04413326978683472,3
B_mutation_rate,p_mut=0.5,tense orchestral strings with brass fanfare,1,6,0.8659858107566833,0.8420938650767008,0.023919240633646647,0
B_mutation_rate,p_mut=0.5,tense orchestral strings with brass fanfare,1,7,0.8740763664245605,0.8269520898660024,0.08334045012791952,1
B_mutation_rate,"p_mut=0.0,注入なし",tense orchestral strings with brass fanfare,1,0,0.5339860916137695,0.33201031635204953,0.17292736371358236,0
B_mutation_rate,"p_mut=0.0,注入なし",tense orchestral strings with brass fanfare,1,1,0.5339860916137695,0.5172781646251678,0.015273066361745198,0
B_mutation_rate,"p_mut=0.0,注入なし",tense orchestral strings with brass fanfare,1,2,0.5339860916137695,0.5325577159722646,0.001336514949798584,1
B_mutation_rate,"p_mut=0.0,注入なし",tense orchestral strings with brass fanfare,1,3,0.5339860916137695,0.5338331758975983,0.0002129952112833659,2
B_mutation_rate,"p_mut=0.0,注入なし",tense orchestral strings with brass fanfare,1,4,0.5339944362640381,0.5339833895365397,3.193219502766927e-05,3
B_mutation_rate,"p_mut=0.0,注入なし",tense orchestral strings with brass fanfare,1,5,0.5339944362640381,0.5339923600355784,6.000200907389323e-07,4
B_mutation_rate,"p_mut=0.0,注入なし",tense orchestral strings with brass fanfare,1,6,0.5339944362640381,0.5339938898881277,1.5894571940104166e-08,5
B_mutation_rate,"p_mut=0.0,注入なし",tense orchestral strings with brass fanfare,1,7,0.5339944362640381,0.5339942276477814,-1.1920928955078126e-08,0
B_mutation_rate,p_mut=0.0,tense orchestral strings with brass fanfare,2,0,0.4711364209651947,0.3440423210461934,0.1998835841814677,0
B_mutation_rate,p_mut=0.0,tense orchestral strings with brass fanfare,2,1,0.4879579544067383,0.4772844711939494,0.04429351091384888,1
B_mutation_rate,p_mut=0.0,tense orchestral strings with brass fanfare,2,2,0.6153090000152588,0.5092094093561172,0.0268558939297994,0
B_mutation_rate,p_mut=0.0,tense orchestral strings with brass fanfare,2,3,0.6153090000152588,0.5509117196003596,0.078157643477122,1
B_mutation_rate,p_mut=0.0,tense orchestral strings with brass fanfare,2,4,0.6306087970733643,0.6052015523115793,0.017136232058207194,0
B_mutation_rate,p_mut=0.0,tense orchestral strings with brass fanfare,2,5,0.6318088173866272,0.6242946286996206,0.05176486174265544,1
B_mutation_rate,p_mut=0.0,tense orchestral strings with brass fanfare,2,6,0.6318088173866272,0.6134779353936514,0.047969388961791995,2
B_mutation_rate,p_mut=0.0,tense orchestral strings with brass fanfare,2,7,0.6318088173866272,0.6012948006391525,0.07917530536651611,3
B_mutation_rate,p_mut=0.3,tense orchestral strings with brass fanfare,2,0,0.4711364209651947,0.3440423210461934,0.1998835841814677,0
B_mutation_rate,p_mut=0.3,tense orchestral strings with brass fanfare,2,1,0.5574535727500916,0.49716803928216297,0.05455888907114665,0
B_mutation_rate,p_mut=0.3,tense orchestral strings with brass fanfare,2,2,0.5574535727500916,0.5376731057961782,0.09133093357086182,0
B_mutation_rate,p_mut=0.3,tense orchestral strings with brass fanfare,2,3,0.5764052867889404,0.5483153164386749,0.04637134869893392,1
B_mutation_rate,p_mut=0.3,tense orchestral strings with brass fanfare,2,4,0.6784194707870483,0.5802802741527557,0.03795182704925537,0
B_mutation_rate,p_mut=0.3,tense orchestral strings with brass fanfare,2,5,0.6784194707870483,0.6602145930131277,0.03545451958974202,0
B_mutation_rate,p_mut=0.3,tense orchestral strings with brass fanfare,2,6,0.7802483439445496,0.702488531668981,0.024601654211680094,0
B_mutation_rate,p_mut=0.3,tense orchestral strings with brass fanfare,2,7,0.780717670917511,0.7536315520604452,0.03702418009440104,0
B_mutation_rate,p_mut=0.5,tense orchestral strings with brass fanfare,2,0,0.4711364209651947,0.3440423210461934,0.1998835841814677,0
B_mutation_rate,p_mut=0.5,tense orchestral strings with brass fanfare,2,1,0.5574535727500916,0.49716803928216297,0.05455888907114665,0
B_mutation_rate,p_mut=0.5,tense orchestral strings with brass fanfare,2,2,0.6027081608772278,0.5506407916545868,0.06936195691426596,0
B_mutation_rate,p_mut=0.5,tense orchestral strings with brass fanfare,2,3,0.6411712169647217,0.5928034285704294,0.046422266960144044,1
B_mutation_rate,p_mut=0.5,tense orchestral strings with brass fanfare,2,4,0.7191717028617859,0.6578208307425181,0.05819583733876546,0
B_mutation_rate,p_mut=0.5,tense orchestral strings with brass fanfare,2,5,0.8082482814788818,0.7429374953111013,0.07111434141794841,1
B_mutation_rate,p_mut=0.5,tense orchestral strings with brass fanfare,2,6,0.8356901407241821,0.795594205458959,0.037166285514831546,0
B_mutation_rate,p_mut=0.5,tense orchestral strings with brass fanfare,2,7,0.8409112691879272,0.8206629057725271,0.041541186968485515,1
B_mutation_rate,"p_mut=0.0,注入なし",tense orchestral strings with brass fanfare,2,0,0.4711364209651947,0.3440423210461934,0.1998835841814677,0
B_mutation_rate,"p_mut=0.0,注入なし",tense orchestral strings with brass fanfare,2,1,0.4879579544067383,0.4844401627779007,0.017378326257069907,1
B_mutation_rate,"p_mut=0.0,注入なし",tense orchestral strings with brass fanfare,2,2,0.4880106747150421,0.4879959424336751,7.282495498657226e-05,2
B_mutation_rate,"p_mut=0.0,注入なし",tense orchestral strings with brass fanfare,2,3,0.48801109194755554,0.4880107839902242,1.2596448262532552e-06,3
B_mutation_rate,"p_mut=0.0,注入なし",tense orchestral strings with brass fanfare,2,4,0.48801109194755554,0.48801104724407196,-1.1920928955078126e-08,0
B_mutation_rate,"p_mut=0.0,注入なし",tense orchestral strings with brass fanfare,2,5,0.48801109194755554,0.48801107704639435,7.947285970052083e-09,1
B_mutation_rate,"p_mut=0.0,注入なし",tense orchestral strings with brass fanfare,2,6,0.48801112174987793,0.48801108698050183,-7.947285970052083e-09,2
B_mutation_rate,"p_mut=0.0,注入なし",tense orchestral strings with brass fanfare,2,7,0.48801112174987793,0.48801109194755554,-2.384185791015625e-08,3
B_mutation_rate,p_mut=0.0,tense orchestral strings with brass fanfare,3,0,0.4780197739601135,0.37349987030029297,0.15262855688730875,0
B_mutation_rate,p_mut=0.0,tense orchestral strings with brass fanfare,3,1,0.5764562487602234,0.4898744076490402,0.056742815176645915,0
B_mutation_rate,p_mut=0.0,tense orchestral strings with brass fanfare,3,2,0.6984369158744812,0.574595699707667,0.057129653294881184,0
B_mutation_rate,p_mut=0.0,tense orchestral strings with brass fanfare,3,3,0.8453267812728882,0.6966748336950938,0.05687104066212972,0
B_mutation_rate,p_mut=0.0,tense orchestral strings with brass fanfare,3,4,0.8453267812728882,0.795494943857193,0.05572035312652588,0
B_mutation_rate,p_mut=0.0,tense orchestral strings with brass fanfare,3,5,0.8453267812728882,0.8188369572162628,0.0351129690806071,1
B_mutation_rate,p_mut=0.0,tense orchestral strings with brass fanfare,3,6,0.8453267812728882,0.8403798441092173,0.006354637940724691,2
B_mutation_rate,p_mut=0.0,tense orchestral strings with brass fanfare,3,7,0.8453267812728882,0.8325796127319336,0.015484893321990966,3
B_mutation_rate,p_mut=0.3,tense orchestral strings with brass fanfare,3,0,0.4780197739601135,0.37349987030029297,0.15262855688730875,0
B_mutation_rate,p_mut=0.3,tense orchestral strings with brass fanfare,3,1,0.5630048513412476,0.5020277400811514,0.04312053918838501,0
B_mutation_rate,p_mut=0.3,tense orchestral strings with brass fanfare,3,2,0.6074868440628052,0.5400992631912231,0.08432991902033488,1
B_mutation_rate,p_mut=0.3,tense orchestral strings with brass fanfare,3,3,0.7060372829437256,0.6291368305683136,0.03827539285024007,0
B_mutation_rate,p_mut=0.3,tense orchestral strings with brass fanfare,3,4,0.7094854116439819,0.6772285103797913,0.06337875922520955,1
B_mutation_rate,p_mut=0.3,tense orchestral strings with brass fanfare,3,5,0.7094854116439819,0.697173664967219,0.035823941230773926,2
B_mutation_rate,p_mut=0.3,tense orchestral strings with brass fanfare,3,6,0.7367593050003052,0.7140100002288818,0.009547583262125651,3
B_mutation_rate,p_mut=0.3,tense orchestral strings with brass fanfare,3,7,0.743317723274231,0.7233151495456696,0.02357925573984782,4
B_mutation_rate,p_mut=0.5,tense orchestral strings with brass fanfare,3,0,0.4780197739601135,0.37349987030029297,0.15262855688730875,0
B_mutation_rate,p_mut=0.5,tense orchestral strings with brass fanfare,3,1,0.6991819143295288,0.5195005188385645,0.045084067185719806,0
B_mutation_rate,p_mut=0.5,tense orchestral strings with brass fanfare,3,2,0.6991819143295288,0.6037192642688751,0.08980528116226197,0
B_mutation_rate,p_mut=0.5,tense orchestral strings with brass fanfare,3,3,0.7574386596679688,0.686186154683431,0.05801808834075928,1
B_mutation_rate,p_mut=0.5,tense orchestral strings with brass fanfare,3,4,0.7574386596679688,0.7248707016309103,0.03195716540018718,2
B_mutation_rate,p_mut=0.5,tense orchestral strings with brass fanfare,3,5,0.7574386596679688,0.7321210205554962,0.054332669576009116,3
B_mutation_rate,p_mut=0.5,tense orchestral strings with brass fanfare,3,6,0.787270724773407,0.7466956774393717,0.0365860382715861,4
B_mutation_rate,p_mut=0.5,tense orchestral strings with brass fanfare,3,7,0.8008019924163818,0.7654390931129456,0.03868401845296224,5
B_mutation_rate,"p_mut=0.0,注入なし",tense orchestral strings with brass fanfare,3,0,0.4780197739601135,0.37349987030029297,0.15262855688730875,0
B_mutation_rate,"p_mut=0.0,注入なし",tense orchestral strings with brass fanfare,3,1,0.4780197739601135,0.4734205851952235,0.014446938037872314,0
B_mutation_rate,"p_mut=0.0,注入なし",tense orchestral strings with brass fanfare,3,2,0.4797932505607605,0.4793996562560399,0.0021227081616719563,1
B_mutation_rate,"p_mut=0.0,注入なし",tense orchestral strings with brass fanfare,3,3,0.47983917593955994,0.47982409596443176,7.367531458536783e-05,2
B_mutation_rate,"p_mut=0.0,注入なし",tense orchestral strings with brass fanfare,3,4,0.4798392355442047,0.47983918090661365,-7.152557373046875e-08,3
B_mutation_rate,"p_mut=0.0,注入なし",tense orchestral strings with brass fanfare,3,5,0.4798392355442047,0.47983918090661365,-9.139378865559896e-08,0
B_mutation_rate,"p_mut=0.0,注入なし",tense orchestral strings with brass fanfare,3,6,0.4798392355442047,0.4798391858736674,-8.742014567057291e-08,1
B_mutation_rate,"p_mut=0.0,注入なし",tense orchestral strings with brass fanfare,3,7,0.4798392355442047,0.47983918090661365,-3.9736429850260414e-08,2
B_mutation_rate,p_mut=0.0,tense orchestral strings with brass fanfare,4,0,0.587583065032959,0.3277890980243683,0.20302797158559163,0
B_mutation_rate,p_mut=0.0,tense orchestral strings with brass fanfare,4,1,0.587583065032959,0.5372987339893976,0.06706486543019613,1
B_mutation_rate,p_mut=0.0,tense orchestral strings with brass fanfare,4,2,0.6796584725379944,0.592274010181427,0.01878781318664551,0
B_mutation_rate,p_mut=0.0,tense orchestral strings with brass fanfare,4,3,0.6796584725379944,0.6433482567469279,0.03105396032333374,1
B_mutation_rate,p_mut=0.0,tense orchestral strings with brass fanfare,4,4,0.6796584725379944,0.6583366592725118,0.07644747893015544,2
B_mutation_rate,p_mut=0.0,tense orchestral strings with brass fanfare,4,5,0.6796584725379944,0.6762712299823761,0.007850464185078938,3
B_mutation_rate,p_mut=0.0,tense orchestral strings with brass fanfare,4,6,0.6817309856414795,0.6738117933273315,0.05473754405975342,4
B_mutation_rate,p_mut=0.0,tense orchestral strings with brass fanfare,4,7,0.6817309856414795,0.6726415356000265,0.019186909993489584,5
B_mutation_rate,p_mut=0.3,tense orchestral strings with brass fanfare,4,0,0.587583065032959,0.3277890980243683,0.20302797158559163,0
B_mutation_rate,p_mut=0.3,tense orchestral strings with brass fanfare,4,1,0.587583065032959,0.5372987339893976,0.06706486543019613,1
B_mutation_rate,p_mut=0.3,tense orchestral strings with brass fanfare,4,2,0.6237119436264038,0.5756209194660187,0.08313442468643188,0
B_mutation_rate,p_mut=0.3,tense orchestral strings with brass fanfare,4,3,0.7402297258377075,0.6532104015350342,0.061419785022735596,0
B_mutation_rate,p_mut=0.3,tense orchestral strings with brass fanfare,4,4,0.7402297258377075,0.6999253531297048,0.030133545398712158,1
B_mutation_rate,p_mut=0.3,tense orchestral strings with brass fanfare,4,5,0.7725486159324646,0.7207147479057312,0.04579721291859944,2
B_mutation_rate,p_mut=0.3,tense orchestral strings with brass fanfare,4,6,0.8352736234664917,0.7730971078077952,0.015902932484944662,0
B_mutation_rate,p_mut=0.3,tense orchestral strings with brass fanfare,4,7,0.8745129108428955,0.8150086800257365,0.02640980084737142,0
B_mutation_rate,p_mut=0.5,tense orchestral strings with brass fanfare,4,0,0.587583065032959,0.3277890980243683,0.20302797158559163,0
B_mutation_rate,p_mut=0.5,tense orchestral strings with brass fanfare,4,1,0.6298173666000366,0.5565647184848785,0.0542947252591451,0
B_mutation_rate,p_mut=0.5,tense orchestral strings with brass fanfare,4,2,0.6424013376235962,0.5894811103741328,0.08410735527674357,1
B_mutation_rate,p_mut=0.5,tense orchestral strings with brass fanfare,4,3,0.6429726481437683,0.6325200895468394,0.04393860896428426,2
B_mutation_rate,p_mut=0.5,tense orchestral strings with brass fanfare,4,4,0.6558935642242432,0.6423347989718119,0.027646644910176595,0
B_mutation_rate,p_mut=0.5,tense orchestral strings with brass fanfare,4,5,0.6728689670562744,0.6535422205924988,0.0709982434908549,0
B_mutation_rate,p_mut=0.5,tense orchestral strings with brass fanfare,4,6,0.8009423017501831,0.7139650384585062,0.03620126247406006,0
B_mutation_rate,p_mut=0.5,tense orchestral strings with brass fanfare,4,7,0.8009423017501831,0.7300490736961365,0.10700926780700684,1
B_mutation_rate,"p_mut=0.0,注入なし",tense orchestral strings with brass fanfare,4,0,0.587583065032959,0.3277890980243683,0.20302797158559163,0
B_mutation_rate,"p_mut=0.0,注入なし",tense orchestral strings with brass fanfare,4,1,0.587583065032959,0.5467083056767782,0.011503299077351889,1
B_mutation_rate,"p_mut=0.0,注入なし",tense orchestral strings with brass fanfare,4,2,0.587583065032959,0.5734777649243673,0.0029256701469421386,2
B_mutation_rate,"p_mut=0.0,注入なし",tense orchestral strings with brass fanfare,4,3,0.587583065032959,0.5823345383008321,0.0004137873649597168,3
B_mutation_rate,"p_mut=0.0,注入なし",tense orchestral strings with brass fanfare,4,4,0.587583065032959,0.5854957103729248,9.16600227355957e-05,4
B_mutation_rate,"p_mut=0.0,注入なし",tense orchestral strings with brass fanfare,4,5,0.587583065032959,0.5869138538837433,1.0832150777180989e-05,5
B_mutation_rate,"p_mut=0.0,注入なし",tense orchestral strings with brass fanfare,4,6,0.587583065032959,0.5873296757539114,1.3868014017740885e-06,6
B_mutation_rate,"p_mut=0.0,注入なし",tense orchestral strings with brass fanfare,4,7,0.587583065032959,0.5874966780344645,1.6689300537109374e-07,7
B_mutation_rate,p_mut=0.0,tense orchestral strings with brass fanfare,5,0,0.587583065032959,0.4664844696720441,0.12243239084879558,0
B_mutation_rate,p_mut=0.0,tense orchestral strings with brass fanfare,5,1,0.5916810035705566,0.5740576535463333,0.06050049861272176,1
B_mutation_rate,p_mut=0.0,tense orchestral strings with brass fanfare,5,2,0.5916810035705566,0.5913468798001608,0.030646868546803794,2
B_mutation_rate,p_mut=0.0,tense orchestral strings with brass fanfare,5,3,0.6164074540138245,0.595781534910202,0.035222121079762775,0
B_mutation_rate,p_mut=0.0,tense orchestral strings with brass fanfare,5,4,0.6452811360359192,0.6220568716526031,0.0475778857866923,0
B_mutation_rate,p_mut=0.0,tense orchestral strings with brass fanfare,5,5,0.6528729200363159,0.6361994047959646,0.06428053379058837,1
B_mutation_rate,p_mut=0.0,tense orchestral strings with brass fanfare,5,6,0.7082765102386475,0.6619442800680796,0.04362064599990845,0
B_mutation_rate,p_mut=0.0,tense orchestral strings with brass fanfare,5,7,0.8454324007034302,0.7297815481821696,0.062225004037221275,0
B_mutation_rate,p_mut=0.3,tense orchestral strings with brass fanfare,5,0,0.587583065032959,0.4664844696720441,0.12243239084879558,0
B_mutation_rate,p_mut=0.3,tense orchestral strings with brass fanfare,5,1,0.5916810035705566,0.5740576535463333,0.06050049861272176,1
B_mutation_rate,p_mut=0.3,tense orchestral strings with brass fanfare,5,2,0.5916810035705566,0.5913468798001608,0.030646868546803794,2
B_mutation_rate,p_mut=0.3,tense orchestral strings with brass fanfare,5,3,0.6164074540138245,0.595781534910202,0.035222121079762775,0
B_mutation_rate,p_mut=0.3,tense orchestral strings with brass fanfare,5,4,0.7651199102401733,0.6516400178273519,0.04618052244186401,0
B_mutation_rate,p_mut=0.3,tense orchestral strings with brass fanfare,5,5,0.7651199102401733,0.741044839223226,0.029374202092488606,0
B_mutation_rate,p_mut=0.3,tense orchestral strings with brass fanfare,5,6,0.7783566117286682,0.7633513907591502,0.009973978996276856,1
B_mutation_rate,p_mut=0.3,tense orchestral strings with brass fanfare,5,7,0.7783566117286682,0.7469257116317749,0.03611123959223429,2
B_mutation_rate,p_mut=0.5,tense orchestral strings with brass fanfare,5,0,0.587583065032959,0.4664844696720441,0.12243239084879558,0
B_mutation_rate,p_mut=0.5,tense orchestral strings with brass fanfare,5,1,0.6471027731895447,0.5926231245199839,0.03764582872390747,1
B_mutation_rate,p_mut=0.5,tense orchestral strings with brass fanfare,5,2,0.6950281262397766,0.6306303838888804,0.05050742228825887,2
B_mutation_rate,p_mut=0.5,tense orchestral strings with brass fanfare,5,3,0.753598690032959,0.6872166494528452,0.058513553937276204,0
B_mutation_rate,p_mut=0.5,tense orchestral strings with brass fanfare,5,4,0.7942840456962585,0.714733898639679,0.09508273601531983,1
B_mutation_rate,p_mut=0.5,tense orchestral strings with brass fanfare,5,5,0.8587260246276855,0.7897178530693054,0.046238776048024496,0
B_mutation_rate,p_mut=0.5,tense orchestral strings with brass fanfare,5,6,0.8587260246276855,0.8238944609959921,0.05088224808375041,1
B_mutation_rate,p_mut=0.5,tense orchestral strings with brass fanfare,5,7,0.8804695010185242,0.8569963475068411,0.03372082710266113,0
B_mutation_rate,"p_mut=0.0,注入なし",tense orchestral strings with brass fanfare,5,0,0.587583065032959,0.4664844696720441,0.12243239084879558,0
B_mutation_rate,"p_mut=0.0,注入なし",tense orchestral strings with brass fanfare,5,1,0.5916810035705566,0.5895447929700216,0.007259225845336914,1
B_mutation_rate,"p_mut=0.0,注入なし",tense orchestral strings with brass fanfare,5,2,0.5916810035705566,0.5916224916776022,1.3061364491780599e-05,2
B_mutation_rate,"p_mut=0.0,注入なし",tense orchestral strings with brass fanfare,5,3,0.5916810035705566,0.5916611552238464,1.970926920572917e-06,3
B_mutation_rate,"p_mut=0.0,注入なし",tense orchestral strings with brass fanfare,5,4,0.5916810035705566,0.5916734139124552,3.337860107421875e-07,4
B_mutation_rate,"p_mut=0.0,注入なし",tense orchestral strings with brass fanfare,5,5,0.5916810035705566,0.5916784306367239,-7.947285970052083e-09,5
B_mutation_rate,"p_mut=0.0,注入なし",tense orchestral strings with brass fanfare,5,6,0.5916810035705566,0.5916800498962402,-1.5894571940104166e-08,6
B_mutation_rate,"p_mut=0.0,注入なし",tense orchestral strings with brass fanfare,5,7,0.5916810035705566,0.5916805267333984,-4.3710072835286455e-08,7
B_mutation_rate,p_mut=0.0,tense orchestral strings with brass fanfare,6,0,0.5339860916137695,0.4207480202118556,0.14344001611073812,0
B_mutation_rate,p_mut=0.0,tense orchestral strings with brass fanfare,6,1,0.5999338626861572,0.5278644263744354,0.044967806339263915,0
B_mutation_rate,p_mut=0.0,tense orchestral strings with brass fanfare,6,2,0.6736109256744385,0.595872312784195,0.04939424196879069,0
B_mutation_rate,p_mut=0.0,tense orchestral strings with brass fanfare,6,3,0.6761029362678528,0.6612905462582906,0.023903993765513103,0
B_mutation_rate,p_mut=0.0,tense orchestral strings with brass fanfare,6,4,0.6935356855392456,0.6817300120989481,0.02016467253367106,0
B_mutation_rate,p_mut=0.0,tense orchestral strings with brass fanfare,6,5,0.6962541341781616,0.6871678431828817,0.017564574877421062,1
B_mutation_rate,p_mut=0.0,tense orchestral strings with brass fanfare,6,6,0.6962541341781616,0.6869869430859884,0.03026339610417684,2
B_mutation_rate,p_mut=0.0,tense orchestral strings with brass fanfare,6,7,0.6962541341781616,0.6614649792512258,0.06558911403020223,3
B_mutation_rate,p_mut=0.3,tense orchestral strings with brass fanfare,6,0,0.5339860916137695,0.4207480202118556,0.14344001611073812,0
B_mutation_rate,p_mut=0.3,tense orchestral strings with brass fanfare,6,1,0.6000185608863831,0.5416238009929657,0.049461646874745684,0
B_mutation_rate,p_mut=0.3,tense orchestral strings with brass fanfare,6,2,0.673223614692688,0.621707816918691,0.052849745750427245,0
B_mutation_rate,p_mut=0.3,tense orchestral strings with brass fanfare,6,3,0.7086387276649475,0.6701518396536509,0.036685760815938315,0
B_mutation_rate,p_mut=0.3,tense orchestral strings with brass fanfare,6,4,0.7086387276649475,0.7004114786783854,0.028925736745198567,0
B_mutation_rate,p_mut=0.3,tense orchestral strings with brass fanfare,6,5,0.7200684547424316,0.7053689062595367,0.021743905544281007,1
B_mutation_rate,p_mut=0.3,tense orchestral strings with brass fanfare,6,6,0.7200684547424316,0.6963683664798737,0.04256112178166707,2
B_mutation_rate,p_mut=0.3,tense orchestral strings with brass fanfare,6,7,0.7200684547424316,0.6968777775764465,0.04598519802093506,3
B_mutation_rate,p_mut=0.5,tense orchestral strings with brass fanfare,6,0,0.5339860916137695,0.4207480202118556,0.14344001611073812,0
B_mutation_rate,p_mut=0.5,tense orchestral strings with brass fanfare,6,1,0.6000185608863831,0.5416238009929657,0.049461646874745684,0
B_mutation_rate,p_mut=0.5,tense orchestral strings with brass fanfare,6,2,0.673223614692688,0.621707816918691,0.052849745750427245,0
B_mutation_rate,p_mut=0.5,tense orchestral strings with brass fanfare,6,3,0.7157466411590576,0.6853118439515432,0.052298128604888916,0
B_mutation_rate,p_mut=0.5,tense orchestral strings with brass fanfare,6,4,0.7296403646469116,0.7221077084541321,0.03588074843088786,0
B_mutation_rate,p_mut=0.5,tense orchestral strings with brass fanfare,6,5,0.736518144607544,0.6944396098454794,0.061781779925028486,1
B_mutation_rate,p_mut=0.5,tense orchestral strings with brass fanfare,6,6,0.7387359142303467,0.7250520884990692,0.02346181869506836,2
B_mutation_rate,p_mut=0.5,tense orchestral strings with brass fanfare,6,7,0.7744167447090149,0.7386439740657806,0.027381646633148193,0
B_mutation_rate,"p_mut=0.0,注入なし",tense orchestral strings with brass fanfare,6,0,0.5339860916137695,0.4207480202118556,0.14344001611073812,0
B_mutation_rate,"p_mut=0.0,注入なし",tense orchestral strings with brass fanfare,6,1,0.5339860916137695,0.5146089394887289,0.010475071271260579,1
B_mutation_rate,"p_mut=0.0,注入なし",tense orchestral strings with brass fanfare,6,2,0.5339860916137695,0.5308605432510376,0.0009739319483439128,2
B_mutation_rate,"p_mut=0.0,注入なし",tense orchestral strings with brass fanfare,6,3,0.5339860916137695,0.532876193523407,0.00018857320149739582,3
B_mutation_rate,"p_mut=0.0,注入なし",tense orchestral strings with brass fanfare,6,4,0.5339860916137695,0.5336460769176483,2.324978510538737e-05,4
B_mutation_rate,"p_mut=0.0,注入なし",tense orchestral strings with brass fanfare,6,5,0.5339860916137695,0.5338813463846842,2.471605936686198e-06,5
B_mutation_rate,"p_mut=0.0,注入なし",tense orchestral strings with brass fanfare,6,6,0.5339860916137695,0.5339468816916147,3.457069396972656e-07,6
B_mutation_rate,"p_mut=0.0,注入なし",tense orchestral strings with brass fanfare,6,7,0.5339860916137695,0.5339745779832205,5.1657358805338543e-08,7
B_mutation_rate,p_mut=0.0,tense orchestral strings with brass fanfare,7,0,0.587583065032959,0.42950378358364105,0.1594955563545227,0
B_mutation_rate,p_mut=0.0,tense orchestral strings with brass fanfare,7,1,0.587583065032959,0.5622855027516683,0.029918213685353596,1
B_mutation_rate,p_mut=0.0,tense orchestral strings with brass fanfare,7,2,0.7013745903968811,0.60236323873202,0.04567411740620931,0
B_mutation_rate,p_mut=0.0,tense orchestral strings with brass fanfare,7,3,0.7013745903968811,0.6501187682151794,0.0747803529103597,0
B_mutation_rate,p_mut=0.0,tense orchestral strings with brass fanfare,7,4,0.7013745903968811,0.6873214145501455,0.02720332940419515,1
B_mutation_rate,p_mut=0.0,tense orchestral strings with brass fanfare,7,5,0.7013745903968811,0.6746343374252319,0.09218740463256836,2
B_mutation_rate,p_mut=0.0,tense orchestral strings with brass fanfare,7,6,0.7013745903968811,0.6870834231376648,0.03371576865514119,3
B_mutation_rate,p_mut=0.0,tense orchestral strings with brass fanfare,7,7,0.712291955947876,0.7030604183673859,0.016071144739786783,0
B_mutation_rate,p_mut=0.3,tense orchestral strings with brass fanfare,7,0,0.587583065032959,0.42950378358364105,0.1594955563545227,0
B_mutation_rate,p_mut=0.3,tense orchestral strings with brass fanfare,7,1,0.652508556842804,0.5887794693311056,0.04726202090581258,0
B_mutation_rate,p_mut=0.3,tense orchestral strings with brass fanfare,7,2,0.652508556842804,0.6131731122732162,0.06255464951197307,1
B_mutation_rate,p_mut=0.3,tense orchestral strings with brass fanfare,7,3,0.652508556842804,0.62611057360967,0.0514942725499471,2
B_mutation_rate,p_mut=0.3,tense orchestral strings with brass fanfare,7,4,0.662131667137146,0.6333752473195394,0.027900516986846924,3
B_mutation_rate,p_mut=0.3,tense orchestral strings with brass fanfare,7,5,0.8056305646896362,0.6964738170305887,0.036189762751261394,0
B_mutation_rate,p_mut=0.3,tense orchestral strings with brass fanfare,7,6,0.8265255689620972,0.7945817907651266,0.02354180415471395,0
B_mutation_rate,p_mut=0.3,tense orchestral strings with brass fanfare,7,7,0.8265255689620972,0.7977246046066284,0.05912574132283529,1
B_mutation_rate,p_mut=0.5,tense orchestral strings with brass fanfare,7,0,0.587583065032959,0.42950378358364105,0.1594955563545227,0
B_mutation_rate,p_mut=0.5,tense orchestral strings with brass fanfare,7,1,0.652508556842804,0.5887794693311056,0.04726202090581258,0
B_mutation_rate,p_mut=0.5,tense orchestral strings with brass fanfare,7,2,0.7315756678581238,0.6600406567255656,0.05767775774002075,0
B_mutation_rate,p_mut=0.5,tense orchestral strings with brass fanfare,7,3,0.7783982157707214,0.7349101404349009,0.03875279426574707,1
B_mutation_rate,p_mut=0.5,tense orchestral strings with brass fanfare,7,4,0.7936723828315735,0.7384719947973887,0.04185998837153117,2
B_mutation_rate,p_mut=0.5,tense orchestral strings with brass fanfare,7,5,0.8332362771034241,0.7847185532251993,0.029693039258321126,3
B_mutation_rate,p_mut=0.5,tense orchestral strings with brass fanfare,7,6,0.8332362771034241,0.793865809837977,0.06562004089355469,4
B_mutation_rate,p_mut=0.5,tense orchestral strings with brass fanfare,7,7,0.8332362771034241,0.7877006332079569,0.07099705537160238,5
B_mutation_rate,"p_mut=0.0,注入なし",tense orchestral strings with brass fanfare,7,0,0.587583065032959,0.42950378358364105,0.1594955563545227,0
B_mutation_rate,"p_mut=0.0,注入なし",tense orchestral strings with brass fanfare,7,1,0.587583065032959,0.5701899429162344,0.007750372091929118,1
B_mutation_rate,"p_mut=0.0,注入なし",tense orchestral strings with brass fanfare,7,2,0.587583065032959,0.5827217102050781,0.0015445272127787271,2
B_mutation_rate,"p_mut=0.0,注入なし",tense orchestral strings with brass fanfare,7,3,0.587583065032959,0.5865684052308401,0.000127410888671875,3
B_mutation_rate,"p_mut=0.0,注入なし",tense orchestral strings with brass fanfare,7,4,0.587583065032959,0.5873069365819296,1.2954076131184896e-05,4
B_mutation_rate,"p_mut=0.0,注入なし",tense orchestral strings with brass fanfare,7,5,0.587583065032959,0.5874715149402618,2.296765645345052e-06,5
B_mutation_rate,"p_mut=0.0,注入なし",tense orchestral strings with brass fanfare,7,6,0.587583065032959,0.587540457646052,3.536542256673177e-07,6
B_mutation_rate,"p_mut=0.0,注入なし",tense orchestral strings with brass fanfare,7,7,0.587583065032959,0.5875706573327383,3.9736429850260414e-08,7
B_mutation_rate,p_mut=0.0,tense orchestral strings with brass fanfare,8,0,0.5633947253227234,0.4155903458595276,0.15217619736989338,0
B_mutation_rate,p_mut=0.0,tense orchestral strings with brass fanfare,8,1,0.5633947253227234,0.5254844278097153,0.12058111031850179,0
B_mutation_rate,p_mut=0.0,tense orchestral strings with brass fanfare,8,2,0.5633947253227234,0.5509017606576284,0.07943109273910523,1
B_mutation_rate,p_mut=0.0,tense orchestral strings with brass fanfare,8,3,0.6809497475624084,0.5809748570124308,0.03765132029851278,0
B_mutation_rate,p_mut=0.0,tense orchestral strings with brass fanfare,8,4,0.6833563446998596,0.6550444463888804,0.05396639108657837,0
B_mutation_rate,p_mut=0.0,tense orchestral strings with brass fanfare,8,5,0.7008754014968872,0.6879495282967886,0.03865022261937459,1
B_mutation_rate,p_mut=0.0,tense orchestral strings with brass fanfare,8,6,0.7008754014968872,0.7002910474936167,0.011940852801005045,2
B_mutation_rate,p_mut=0.0,tense orchestral strings with brass fanfare,8,7,0.7008754014968872,0.6949638028939565,0.03426853020985921,3
B_mutation_rate,p_mut=0.3,tense orchestral strings with brass fanfare,8,0,0.5633947253227234,0.4155903458595276,0.15217619736989338,0
B_mutation_rate,p_mut=0.3,tense orchestral strings with brass fanfare,8,1,0.5733804106712341,0.5491957664489746,0.05202162265777588,0
B_mutation_rate,p_mut=0.3,tense orchestral strings with brass fanfare,8,2,0.6977192759513855,0.6091104944547018,0.0606638232866923,0
B_mutation_rate,p_mut=0.3,tense orchestral strings with brass fanfare,8,3,0.7084246873855591,0.6964227755864462,0.03677012920379639,0
B_mutation_rate,p_mut=0.3,tense orchestral strings with brass fanfare,8,4,0.7272230386734009,0.7154642740885416,0.03390432596206665,1
B_mutation_rate,p_mut=0.3,tense orchestral strings with brass fanfare,8,5,0.7272230386734009,0.7254866560300192,0.028096004327138265,0
B_mutation_rate,p_mut=0.3,tense orchestral strings with brass fanfare,8,6,0.7405399680137634,0.7112293044726054,0.05816020170847575,1
B_mutation_rate,p_mut=0.3,tense orchestral strings with brass fanfare,8,7,0.8036578297615051,0.7602267662684122,0.055918896198272706,2
B_mutation_rate,p_mut=0.5,tense orchestral strings with brass fanfare,8,0,0.5633947253227234,0.4155903458595276,0.15217619736989338,0
B_mutation_rate,p_mut=0.5,tense orchestral strings with brass fanfare,8,1,0.5743348598480225,0.5552219649155935,0.06397655010223388,0
B_mutation_rate,p_mut=0.5,tense orchestral strings with brass fanfare,8,2,0.612975537776947,0.5792153278986613,0.048167773087819415,1
B_mutation_rate,p_mut=0.5,tense orchestral strings with brass fanfare,8,3,0.666861891746521,0.5956807384888331,0.05780160427093506,2
B_mutation_rate,p_mut=0.5,tense orchestral strings with brass fanfare,8,4,0.7364082336425781,0.6775715549786886,0.032032442092895505,0
B_mutation_rate,p_mut=0.5,tense orchestral strings with brass fanfare,8,5,0.7433303594589233,0.7126445372899374,0.07018519639968872,1
B_mutation_rate,p_mut=0.5,tense orchestral strings with brass fanfare,8,6,0.8422387838363647,0.765803704659144,0.029059191544850666,0
B_mutation_rate,p_mut=0.5,tense orchestral strings with brass fanfare,8,7,0.8423942923545837,0.8136285444100698,0.03298008441925049,1
B_mutation_rate,"p_mut=0.0,注入なし",tense orchestral strings with brass fanfare,8,0,0.5633947253227234,0.4155903458595276,0.15217619736989338,0
B_mutation_rate,"p_mut=0.0,注入なし",tense orchestral strings with brass fanfare,8,1,0.5633947253227234,0.536140650510788,0.013124545415242514,0
B_mutation_rate,"p_mut=0.0,注入なし",tense orchestral strings with brass fanfare,8,2,0.5633947253227234,0.5569314956665039,0.0017154177029927572,1
B_mutation_rate,"p_mut=0.0,注入なし",tense orchestral strings with brass fanfare,8,3,0.5633947253227234,0.5611753662427267,0.00027218262354532875,2
B_mutation_rate,"p_mut=0.0,注入なし",tense orchestral strings with brass fanfare,8,4,0.5633947253227234,0.5624998509883881,6.331205368041992e-05,3
B_mutation_rate,"p_mut=0.0,注入なし",tense orchestral strings with brass fanfare,8,5,0.5633947253227234,0.5630187392234802,1.281897226969401e-05,4
B_mutation_rate,"p_mut=0.0,注入なし",tense orchestral strings with brass fanfare,8,6,0.5633947253227234,0.5632802148660024,1.0410944620768228e-06,5
B_mutation_rate,"p_mut=0.0,注入なし",tense orchestral strings with brass fanfare,8,7,0.5633947253227234,0.5633450547854105,2.3047129313151042e-07,6
B_mutation_rate,p_mut=0.0,tense orchestral strings with brass fanfare,9,0,0.5548349022865295,0.3885674426952998,0.1757757027943929,0
B_mutation_rate,p_mut=0.0,tense orchestral strings with brass fanfare,9,1,0.7616128325462341,0.5644524494806925,0.06132991711298625,0
B_mutation_rate,p_mut=0.0,tense orchestral strings with brass fanfare,9,2,0.7616128325462341,0.7050433059533437,0.04569482405980428,0
B_mutation_rate,p_mut=0.0,tense orchestral strings with brass fanfare,9,3,0.7852593064308167,0.7505593001842499,0.036474955081939694,0
B_mutation_rate,p_mut=0.0,tense orchestral strings with brass fanfare,9,4,0.7954856753349304,0.7812405725320181,0.03537797927856445,1
B_mutation_rate,p_mut=0.0,tense orchestral strings with brass fanfare,9,5,0.7954856753349304,0.7836861809094747,0.02615114450454712,2
B_mutation_rate,p_mut=0.0,tense orchestral strings with brass fanfare,9,6,0.7954856753349304,0.7434692134459814,0.10372273921966553,3
B_mutation_rate,p_mut=0.0,tense orchestral strings with brass fanfare,9,7,0.7954856753349304,0.7846634685993195,0.05894689957300822,4
B_mutation_rate,p_mut=0.3,tense orchestral strings with brass fanfare,9,0,0.5548349022865295,0.3885674426952998,0.1757757027943929,0
B_mutation_rate,p_mut=0.3,tense orchestral strings with brass fanfare,9,1,0.7258875370025635,0.5603883365790049,0.055071580410003665,0
B_mutation_rate,p_mut=0.3,tense orchestral strings with brass fanfare,9,2,0.7258875370025635,0.6662878096103668,0.05544690688451131,0
B_mutation_rate,p_mut=0.3,tense orchestral strings with brass fanfare,9,3,0.7708882689476013,0.7376858393351237,0.03267804781595866,0
B_mutation_rate,p_mut=0.3,tense orchestral strings with brass fanfare,9,4,0.7796927690505981,0.7630844016869863,0.025990474224090575,1
B_mutation_rate,p_mut=0.3,tense orchestral strings with brass fanfare,9,5,0.7796927690505981,0.7559361755847931,0.04999798138936361,2
B_mutation_rate,p_mut=0.3,tense orchestral strings with brass fanfare,9,6,0.8215886354446411,0.7711894909540812,0.03768281539281209,3
B_mutation_rate,p_mut=0.3,tense orchestral strings with brass fanfare,9,7,0.8509896993637085,0.813318520784378,0.020056923230489094,0
B_mutation_rate,p_mut=0.5,tense orchestral strings with brass fanfare,9,0,0.5548349022865295,0.3885674426952998,0.1757757027943929,0
B_mutation_rate,p_mut=0.5,tense orchestral strings with brass fanfare,9,1,0.5860442519187927,0.5345359643300375,0.06975875695546468,1
B_mutation_rate,p_mut=0.5,tense orchestral strings with brass fanfare,9,2,0.6211420297622681,0.5835449397563934,0.04089894692103068,0
B_mutation_rate,p_mut=0.5,tense orchestral strings with brass fanfare,9,3,0.6285717487335205,0.6050540109475454,0.042431843280792234,1
B_mutation_rate,p_mut=0.5,tense orchestral strings with brass fanfare,9,4,0.6752619743347168,0.6346396406491598,0.037131214141845705,2
B_mutation_rate,p_mut=0.5,tense orchestral strings with brass fanfare,9,5,0.7048296928405762,0.6613982021808624,0.03158228397369385,0
B_mutation_rate,p_mut=0.5,tense orchestral strings with brass fanfare,9,6,0.7680643200874329,0.7247748970985413,0.044399034976959226,0
B_mutation_rate,p_mut=0.5,tense orchestral strings with brass fanfare,9,7,0.771790623664856,0.7361988524595896,0.05469775597254435,1
B_mutation_rate,"p_mut=0.0,注入なし",tense orchestral strings with brass fanfare,9,0,0.5548349022865295,0.3885674426952998,0.1757757027943929,0
B_mutation_rate,"p_mut=0.0,注入なし",tense orchestral strings with brass fanfare,9,1,0.5548349022865295,0.52520618836085,0.014018547534942628,0
B_mutation_rate,"p_mut=0.0,注入なし",tense orchestral strings with brass fanfare,9,2,0.5548349022865295,0.5491719245910645,0.0011387904485066732,1
B_mutation_rate,"p_mut=0.0,注入なし",tense orchestral strings with brass fanfare,9,3,0.5548349022865295,0.5531009336312612,0.00013872782389322917,2
B_mutation_rate,"p_mut=0.0,注入なし",tense orchestral strings with brass fanfare,9,4,0.5548349022865295,0.5542705059051514,1.585086186726888e-05,3
B_mutation_rate,"p_mut=0.0,注入なし",tense orchestral strings with brass fanfare,9,5,0.5548349022865295,0.5546111265818278,2.8212865193684897e-06,4
B_mutation_rate,"p_mut=0.0,注入なし",tense orchestral strings with brass fanfare,9,6,0.5548349022865295,0.55475053191185,4.569689432779948e-07,5
B_mutation_rate,"p_mut=0.0,注入なし",tense orchestral strings with brass fanfare,9,7,0.5548349022865295,0.5548142194747925,-3.973642985026042e-09,0
B_mutation_rate,p_mut=0.0,energetic electronic dance music with heavy bass,0,0,0.684195876121521,0.5033464183410009,0.13552191257476806,0
B_mutation_rate,p_mut=0.0,energetic electronic dance music with heavy bass,0,1,0.7221997380256653,0.6639105180899302,0.030770981311798097,0
B_mutation_rate,p_mut=0.0,energetic electronic dance music with heavy bass,0,2,0.7246756553649902,0.6977994441986084,0.08801971276601156,0
B_mutation_rate,p_mut=0.0,energetic electronic dance music with heavy bass,0,3,0.7252454161643982,0.6969923873742422,0.044511667887369794,1
B_mutation_rate,p_mut=0.0,energetic electronic dance music with heavy bass,0,4,0.8260738849639893,0.7420442601044973,0.010709913571675618,2
B_mutation_rate,p_mut=0.0,energetic electronic dance music with heavy bass,0,5,0.8260738849639893,0.7609114050865173,0.07101601759592692,3
B_mutation_rate,p_mut=0.0,energetic electronic dance music with heavy bass,0,6,0.8260738849639893,0.8079988857110342,0.02184303601582845,4
B_mutation_rate,p_mut=0.0,energetic electronic dance music with heavy bass,0,7,0.8260738849639893,0.7962512671947479,0.042791859308878584,5
B_mutation_rate,p_mut=0.3,energetic electronic dance music with heavy bass,0,0,0.684195876121521,0.5033464183410009,0.13552191257476806,0
B_mutation_rate,p_mut=0.3,energetic electronic dance music with heavy bass,0,1,0.7031978964805603,0.6551829079786936,0.0474224328994751,0
B_mutation_rate,p_mut=0.3,energetic electronic dance music with heavy bass,0,2,0.7216130495071411,0.6976718703905741,0.07004886468251546,1
B_mutation_rate,p_mut=0.3,energetic electronic dance music with heavy bass,0,3,0.7829366326332092,0.7237530251344045,0.0359487255414327,2
B_mutation_rate,p_mut=0.3,energetic electronic dance music with heavy bass,0,4,0.8071617484092712,0.7580825090408325,0.057516062259674074,3
B_mutation_rate,p_mut=0.3,energetic electronic dance music with heavy bass,0,5,0.8071617484092712,0.7932534714539846,0.027919169267018637,4
B_mutation_rate,p_mut=0.3,energetic electronic dance music with heavy bass,0,6,0.8071617484092712,0.7818663616975149,0.08842144807179769,5
B_mutation_rate,p_mut=0.3,energetic electronic dance music with heavy bass,0,7,0.8071617484092712,0.7897894978523254,0.04662355581919352,6
B_mutation_rate,p_mut=0.5,energetic electronic dance music with heavy bass,0,0,0.684195876121521,0.5033464183410009,0.13552191257476806,0
B_mutation_rate,p_mut=0.5,energetic electronic dance music with heavy bass,0,1,0.6988939642906189,0.6578245858351389,0.047839526335398355,0
B_mutation_rate,p_mut=0.5,energetic electronic dance music with heavy bass,0,2,0.7238364815711975,0.6984916826089224,0.06174790859222412,1
B_mutation_rate,p_mut=0.5,energetic electronic dance music with heavy bass,0,3,0.8184703588485718,0.7334218422571818,0.018944013118743896,2
B_mutation_rate,p_mut=0.5,energetic electronic dance music with heavy bass,0,4,0.8184703588485718,0.7592686414718628,0.06142146984736125,3
B_mutation_rate,p_mut=0.5,energetic electronic dance music with heavy bass,0,5,0.8184703588485718,0.7994861702124277,0.032015077273050946,4
B_mutation_rate,p_mut=0.5,energetic electronic dance music with heavy bass,0,6,0.8184703588485718,0.7980191806952158,0.055971233050028484,5
B_mutation_rate,p_mut=0.5,energetic electronic dance music with heavy bass,0,7,0.8184703588485718,0.8036943773428599,0.03988134066263835,6
B_mutation_rate,"p_mut=0.0,注入なし",energetic electronic dance music with heavy bass,0,0,0.684195876121521,0.5033464183410009,0.13552191257476806,0
B_mutation_rate,"p_mut=0.0,注入なし",energetic electronic dance music with heavy bass,0,1,0.684195876121521,0.6518018146355947,0.00744090477625529,0
B_mutation_rate,"p_mut=0.0,注入なし",energetic electronic dance music with heavy bass,0,2,0.684195876121521,0.6731969714164734,0.001634367307027181,1
B_mutation_rate,"p_mut=0.0,注入なし",energetic electronic dance music with heavy bass,0,3,0.684195876121521,0.6815607448418936,0.0001054843266805013,2
B_mutation_rate,"p_mut=0.0,注入なし",energetic electronic dance music with heavy bass,0,4,0.684195876121521,0.6831424832344055,2.067883809407552e-05,3
B_mutation_rate,"p_mut=0.0,注入なし",energetic electronic dance music with heavy bass,0,5,0.684195876121521,0.6837811867396036,2.6464462280273437e-06,4
B_mutation_rate,"p_mut=0.0,注入なし",energetic electronic dance music with heavy bass,0,6,0.684195876121521,0.6840520203113556,4.0928522745768227e-07,5
B_mutation_rate,"p_mut=0.0,注入なし",energetic electronic dance music with heavy bass,0,7,0.684195876121521,0.6841523845990499,-5.5631001790364584e-08,6
B_mutation_rate,p_mut=0.0,energetic electronic dance music with heavy bass,1,0,0.5457436442375183,0.4579890916744868,0.1878312031428019,0
B_mutation_rate,p_mut=0.0,energetic electronic dance music with heavy bass,1,1,0.5559735298156738,0.5492437978585561,0.05253689686457316,0
B_mutation_rate,p_mut=0.0,energetic electronic dance music with heavy bass,1,2,0.6996753215789795,0.5868469476699829,0.06348356405893961,0
B_mutation_rate,p_mut=0.0,energetic electronic dance music with heavy bass,1,3,0.6996753215789795,0.6666388213634491,0.07040685812632243,0
B_mutation_rate,p_mut=0.0,energetic electronic dance music with heavy bass,1,4,0.822364091873169,0.7150694727897644,0.01844518184661865,0
B_mutation_rate,p_mut=0.0,energetic electronic dance music with heavy bass,1,5,0.822364091873169,0.7665059963862101,0.026247350374857585,1
B_mutation_rate,p_mut=0.0,energetic electronic dance music with heavy bass,1,6,0.822364091873169,0.7876144647598267,0.04043702681859334,2
B_mutation_rate,p_mut=0.0,energetic electronic dance music with heavy bass,1,7,0.822364091873169,0.8077011704444885,0.010433435440063477,3
B_mutation_rate,p_mut=0.3,energetic electronic dance music with heavy bass,1,0,0.5457436442375183,0.4579890916744868,0.1878312031428019,0
B_mutation_rate,p_mut=0.3,energetic electronic dance music with heavy bass,1,1,0.6296782493591309,0.5583273619413376,0.12510387897491454,0
B_mutation_rate,p_mut=0.3,energetic electronic dance music with heavy bass,1,2,0.6773196458816528,0.6168378492196401,0.0442536195119222,0
B_mutation_rate,p_mut=0.3,energetic electronic dance music with heavy bass,1,3,0.6773196458816528,0.6506312489509583,0.04706963300704956,1
B_mutation_rate,p_mut=0.3,energetic electronic dance music with heavy bass,1,4,0.7946224212646484,0.6913444995880127,0.015947755177815756,0
B_mutation_rate,p_mut=0.3,energetic electronic dance music with heavy bass,1,5,0.7946224212646484,0.7428153157234192,0.0504200537999471,1
B_mutation_rate,p_mut=0.3,energetic electronic dance music with heavy bass,1,6,0.8239615559577942,0.7813108762105306,0.053818118572235105,2
B_mutation_rate,p_mut=0.3,energetic electronic dance music with heavy bass,1,7,0.8239615559577942,0.7918623785177866,0.05992770195007324,3
B_mutation_rate,p_mut=0.5,energetic electronic dance music with heavy bass,1,0,0.5457436442375183,0.4579890916744868,0.1878312031428019,0
B_mutation_rate,p_mut=0.5,energetic electronic dance music with heavy bass,1,1,0.5514954924583435,0.5272935181856155,0.11366129716237386,0
B_mutation_rate,p_mut=0.5,energetic electronic dance music with heavy bass,1,2,0.5562769770622253,0.5460866391658783,0.021782954533894856,1
B_mutation_rate,p_mut=0.5,energetic electronic dance music with heavy bass,1,3,0.5677693486213684,0.5453436573346456,0.022404789924621582,2
B_mutation_rate,p_mut=0.5,energetic electronic dance music with heavy bass,1,4,0.6731240153312683,0.5690094232559204,0.04708238045374553,3
B_mutation_rate,p_mut=0.5,energetic electronic dance music with heavy bass,1,5,0.6731240153312683,0.6378154655297598,0.030467545986175536,0
B_mutation_rate,p_mut=0.5,energetic electronic dance music with heavy bass,1,6,0.6826118230819702,0.6633452276388804,0.029821348190307618,1
B_mutation_rate,p_mut=0.5,energetic electronic dance music with heavy bass,1,7,0.6826118230819702,0.6525674959023794,0.05412848790486654,2
B_mutation_rate,"p_mut=0.0,注入なし",energetic electronic dance music with heavy bass,1,0,0.5457436442375183,0.4579890916744868,0.1878312031428019,0
B_mutation_rate,"p_mut=0.0,注入なし",energetic electronic dance music with heavy bass,1,1,0.554949164390564,0.5490730702877045,0.021347709496816,1
B_mutation_rate,"p_mut=0.0,注入なし",energetic electronic dance music with heavy bass,1,2,0.5549492835998535,0.5549491941928864,7.947285970052083e-09,2
B_mutation_rate,"p_mut=0.0,注入なし",energetic electronic dance music with heavy bass,1,3,0.5549492835998535,0.5549491941928864,-5.1657358805338543e-08,3
B_mutation_rate,"p_mut=0.0,注入なし",energetic electronic dance music with heavy bass,1,4,0.5549492835998535,0.5549492239952087,-7.152557373046875e-08,4
B_mutation_rate,"p_mut=0.0,注入なし",energetic electronic dance music with heavy bass,1,5,0.5549492835998535,0.5549492239952087,-3.9736429850260414e-08,0
B_mutation_rate,"p_mut=0.0,注入なし",energetic electronic dance music with heavy bass,1,6,0.5549492835998535,0.5549492339293162,-5.960464477539063e-08,1
B_mutation_rate,"p_mut=0.0,注入なし",energetic electronic dance music with heavy bass,1,7,0.5549492835998535,0.5549491941928864,-5.5631001790364584e-08,0
B_mutation_rate,p_mut=0.0,energetic electronic dance music with heavy bass,2,0,0.7163895964622498,0.5272569457689921,0.13024142583211262,0
B_mutation_rate,p_mut=0.0,energetic electronic dance music with heavy bass,2,1,0.845966637134552,0.6879876653353373,0.05513110558191935,0
B_mutation_rate,p_mut=0.0,energetic electronic dance music with heavy bass,2,2,0.845966637134552,0.7948639889558157,0.054521628220876056,0
B_mutation_rate,p_mut=0.0,energetic electronic dance music with heavy bass,2,3,0.845966637134552,0.8159472942352295,0.05451616446177165,1
B_mutation_rate,p_mut=0.0,energetic electronic dance music with heavy bass,2,4,0.845966637134552,0.8349379698435465,0.028976484139760336,2
B_mutation_rate,p_mut=0.0,energetic electronic dance music with heavy bass,2,5,0.845966637134552,0.8338856399059296,0.017330467700958252,3
B_mutation_rate,p_mut=0.0,energetic electronic dance music with heavy bass,2,6,0.845966637134552,0.8254223763942719,0.031113044420878092,4
B_mutation_rate,p_mut=0.0,energetic electronic dance music with heavy bass,2,7,0.845966637134552,0.8177239994208018,0.054789475599924725,5
B_mutation_rate,p_mut=0.3,energetic electronic dance music with heavy bass,2,0,0.7163895964622498,0.5272569457689921,0.13024142583211262,0
B_mutation_rate,p_mut=0.3,energetic electronic dance music with heavy bass,2,1,0.845966637134552,0.6879876653353373,0.05513110558191935,0
B_mutation_rate,p_mut=0.3,energetic electronic dance music with heavy bass,2,2,0.845966637134552,0.7855666478474935,0.06589818398157755,0
B_mutation_rate,p_mut=0.3,energetic electronic dance music with heavy bass,2,3,0.845966637134552,0.8296013871828715,0.02016265392303467,1
B_mutation_rate,p_mut=0.3,energetic electronic dance music with heavy bass,2,4,0.845966637134552,0.8215677936871847,0.05351415475209554,2
B_mutation_rate,p_mut=0.3,energetic electronic dance music with heavy bass,2,5,0.845966637134552,0.8302616675694784,0.027050085862477622,3
B_mutation_rate,p_mut=0.3,energetic electronic dance music with heavy bass,2,6,0.845966637134552,0.8103944857915243,0.05979995727539063,4
B_mutation_rate,p_mut=0.3,energetic electronic dance music with heavy bass,2,7,0.845966637134552,0.8344047168890635,0.038359665870666505,5
B_mutation_rate,p_mut=0.5,energetic electronic dance music with heavy bass,2,0,0.7163895964622498,0.5272569457689921,0.13024142583211262,0
B_mutation_rate,p_mut=0.5,energetic electronic dance music with heavy bass,2,1,0.845966637134552,0.6879876653353373,0.05513110558191935,0
B_mutation_rate,p_mut=0.5,energetic electronic dance music with heavy bass,2,2,0.845966637134552,0.7855666478474935,0.06589818398157755,0
B_mutation_rate,p_mut=0.5,energetic electronic dance music with heavy bass,2,3,0.845966637134552,0.7994259297847748,0.0666254202524821,1
B_mutation_rate,p_mut=0.5,energetic electronic dance music with heavy bass,2,4,0.845966637134552,0.8101138273874918,0.056376894315083824,2
B_mutation_rate,p_mut=0.5,energetic electronic dance music with heavy bass,2,5,0.845966637134552,0.814386119445165,0.03649518489837646,3
B_mutation_rate,p_mut=0.5,energetic electronic dance music with heavy bass,2,6,0.845966637134552,0.8216614226500193,0.04417274395624796,4
B_mutation_rate,p_mut=0.5,energetic electronic dance music with heavy bass,2,7,0.845966637134552,0.8184676369031271,0.041818296909332274,5
B_mutation_rate,"p_mut=0.0,注入なし",energetic electronic dance music with heavy bass,2,0,0.7163895964622498,0.5272569457689921,0.13024142583211262,0
B_mutation_rate,"p_mut=0.0,注入なし",energetic electronic dance music with heavy bass,2,1,0.7163895964622498,0.6467946469783783,0.009122773011525472,1
B_mutation_rate,"p_mut=0.0,注入なし",energetic electronic dance music with heavy bass,2,2,0.7163895964622498,0.6955719093481699,0.0009553869565327962,2
B_mutation_rate,"p_mut=0.0,注入なし",energetic electronic dance music with heavy bass,2,3,0.7163895964622498,0.7075888713200887,0.00017858743667602538,3
B_mutation_rate,"p_mut=0.0,注入なし",energetic electronic dance music with heavy bass,2,4,0.7163895964622498,0.7126176456610361,4.695653915405273e-05,4
B_mutation_rate,"p_mut=0.0,注入なし",energetic electronic dance music with heavy bass,2,5,0.7163895964622498,0.7153188586235046,4.553794860839844e-06,5
B_mutation_rate,"p_mut=0.0,注入なし",energetic electronic dance music with heavy bass,2,6,0.7163895964622498,0.7159819602966309,4.013379414876302e-07,6
B_mutation_rate,"p_mut=0.0,注入なし",energetic electronic dance music with heavy bass,2,7,0.7163895964622498,0.7162239750226339,4.3710072835286455e-08,7
B_mutation_rate,p_mut=0.0,energetic electronic dance music with heavy bass,3,0,0.5457436442375183,0.44090105096499127,0.18841259479522704,0
B_mutation_rate,p_mut=0.0,energetic electronic dance music with heavy bass,3,1,0.5457436442375183,0.5254025359948477,0.09010091225306192,0
B_mutation_rate,p_mut=0.0,energetic electronic dance music with heavy bass,3,2,0.7601873278617859,0.5829310119152069,0.0257952888806661,0
B_mutation_rate,p_mut=0.0,energetic electronic dance music with heavy bass,3,3,0.7601873278617859,0.6791296700636545,0.034712469577789305,1
B_mutation_rate,p_mut=0.0,energetic electronic dance music with heavy bass,3,4,0.7601873278617859,0.7040651043256124,0.07103412548700969,2
B_mutation_rate,p_mut=0.0,energetic electronic dance music with heavy bass,3,5,0.7601873278617859,0.7445445756117502,0.030431516965230308,3
B_mutation_rate,p_mut=0.0,energetic electronic dance music with heavy bass,3,6,0.7601873278617859,0.748082309961319,0.02281722625096639,4
B_mutation_rate,p_mut=0.0,energetic electronic dance music with heavy bass,3,7,0.7601873278617859,0.7378559708595276,0.04098753531773885,5
B_mutation_rate,p_mut=0.3,energetic electronic dance music with heavy bass,3,0,0.5457436442375183,0.44090105096499127,0.18841259479522704,0
B_mutation_rate,p_mut=0.3,energetic electronic dance music with heavy bass,3,1,0.5457436442375183,0.5272101312875748,0.09151736895243327,0
B_mutation_rate,p_mut=0.3,energetic electronic dance music with heavy bass,3,2,0.6156514286994934,0.5573663314183553,0.05441586176554362,1
B_mutation_rate,p_mut=0.3,energetic electronic dance music with heavy bass,3,3,0.6156514286994934,0.5900403559207916,0.0361357847849528,2
B_mutation_rate,p_mut=0.3,energetic electronic dance music with heavy bass,3,4,0.6156514286994934,0.5858180721600851,0.0524939775466919,3
B_mutation_rate,p_mut=0.3,energetic electronic dance music with heavy bass,3,5,0.6941382884979248,0.6070720007022222,0.08941518465677897,4
B_mutation_rate,p_mut=0.3,energetic electronic dance music with heavy bass,3,6,0.6941382884979248,0.6617371439933777,0.027588685353597004,5
B_mutation_rate,p_mut=0.3,energetic electronic dance music with heavy bass,3,7,0.6941382884979248,0.6643376847108206,0.03334158658981323,6
B_mutation_rate,p_mut=0.5,energetic electronic dance music with heavy bass,3,0,0.5457436442375183,0.44090105096499127,0.18841259479522704,0
B_mutation_rate,p_mut=0.5,energetic electronic dance music with heavy bass,3,1,0.805844247341156,0.578566312789917,0.06602436701456706,0
B_mutation_rate,p_mut=0.5,energetic electronic dance music with heavy bass,3,2,0.805844247341156,0.6994083722432455,0.07436051368713378,0
B_mutation_rate,p_mut=0.5,energetic electronic dance music with heavy bass,3,3,0.805844247341156,0.7719539701938629,0.0717553456624349,1
B_mutation_rate,p_mut=0.5,energetic electronic dance music with heavy bass,3,4,0.8288217782974243,0.7702545424302419,0.1014257788658142,2
B_mutation_rate,p_mut=0.5,energetic electronic dance music with heavy bass,3,5,0.8547710180282593,0.8077235619227091,0.037419454256693525,3
B_mutation_rate,p_mut=0.5,energetic electronic dance music with heavy bass,3,6,0.8547710180282593,0.8203978836536407,0.03957110643386841,4
B_mutation_rate,p_mut=0.5,energetic electronic dance music with heavy bass,3,7,0.8770665526390076,0.8415557642777761,0.02622445821762085,5
B_mutation_rate,"p_mut=0.0,注入なし",energetic electronic dance music with heavy bass,3,0,0.5457436442375183,0.44090105096499127,0.18841259479522704,0
B_mutation_rate,"p_mut=0.0,注入なし",energetic electronic dance music with heavy bass,3,1,0.5457436442375183,0.5380259354909261,0.01909979581832886,0
B_mutation_rate,"p_mut=0.0,注入なし",energetic electronic dance music with heavy bass,3,2,0.5481215119361877,0.5473621288935343,0.0038561185201009115,1
B_mutation_rate,"p_mut=0.0,注入なし",energetic electronic dance music with heavy bass,3,3,0.5481215119361877,0.5480353732903799,5.9803326924641924e-06,2
B_mutation_rate,"p_mut=0.0,注入なし",energetic electronic dance music with heavy bass,3,4,0.5481215119361877,0.5480917692184448,6.119410196940105e-07,3
B_mutation_rate,"p_mut=0.0,注入なし",energetic electronic dance music with heavy bass,3,5,0.5481215119361877,0.5481087267398834,1.1126200358072917e-07,4
B_mutation_rate,"p_mut=0.0,注入なし",energetic electronic dance music with heavy bass,3,6,0.5481215119361877,0.548118382692337,-2.7815500895182292e-08,5
B_mutation_rate,"p_mut=0.0,注入なし",energetic electronic dance music with heavy bass,3,7,0.5481215119361877,0.5481203397115072,-4.76837158203125e-08,6
B_mutation_rate,p_mut=0.0,energetic electronic dance music with heavy bass,4,0,0.684195876121521,0.5194828559954962,0.16926078796386718,0
B_mutation_rate,p_mut=0.0,energetic electronic dance music with heavy bass,4,1,0.684195876121521,0.6320741871992747,0.09874244928359985,0
B_mutation_rate,p_mut=0.0,energetic electronic dance music with heavy bass,4,2,0.684195876121521,0.6682069102923075,0.04335816303888957,1
B_mutation_rate,p_mut=0.0,energetic electronic dance music with heavy bass,4,3,0.709824800491333,0.6862862904866537,0.030662210782368977,0
B_mutation_rate,p_mut=0.0,energetic electronic dance music with heavy bass,4,4,0.7172855138778687,0.7012637158234915,0.03221848408381144,1
B_mutation_rate,p_mut=0.0,energetic electronic dance music with heavy bass,4,5,0.7172890901565552,0.7043089171250662,0.036373794078826904,2
B_mutation_rate,p_mut=0.0,energetic electronic dance music with heavy bass,4,6,0.7172890901565552,0.7064887583255768,0.015523600578308105,3
B_mutation_rate,p_mut=0.0,energetic electronic dance music with heavy bass,4,7,0.7172890901565552,0.7139147321383158,0.0221649964650472,0
B_mutation_rate,p_mut=0.3,energetic electronic dance music with heavy bass,4,0,0.684195876121521,0.5194828559954962,0.16926078796386718,0
B_mutation_rate,p_mut=0.3,energetic electronic dance music with heavy bass,4,1,0.684195876121521,0.6320741871992747,0.09874244928359985,0
B_mutation_rate,p_mut=0.3,energetic electronic dance music with heavy bass,4,2,0.6883543729782104,0.6608411371707916,0.05252327919006348,1
B_mutation_rate,p_mut=0.3,energetic electronic dance music with heavy bass,4,3,0.6916594505310059,0.6739200949668884,0.05299797058105469,2
B_mutation_rate,p_mut=0.3,energetic electronic dance music with heavy bass,4,4,0.6916594505310059,0.6719833115736643,0.09820295969645182,3
B_mutation_rate,p_mut=0.3,energetic electronic dance music with heavy bass,4,5,0.731813907623291,0.6906536022822062,0.034133259455362955,4
B_mutation_rate,p_mut=0.3,energetic electronic dance music with heavy bass,4,6,0.731813907623291,0.7190537055333456,0.050556560357411705,5
B_mutation_rate,p_mut=0.3,energetic electronic dance music with heavy bass,4,7,0.7574700713157654,0.7350913882255554,0.030145235856374106,6
B_mutation_rate,p_mut=0.5,energetic electronic dance music with heavy bass,4,0,0.684195876121521,0.5194828559954962,0.16926078796386718,0
B_mutation_rate,p_mut=0.5,energetic electronic dance music with heavy bass,4,1,0.7143428325653076,0.658086915810903,0.06360340515772502,0
B_mutation_rate,p_mut=0.5,energetic electronic dance music with heavy bass,4,2,0.7897891998291016,0.7029787500699362,0.06494213740030924,1
B_mutation_rate,p_mut=0.5,energetic electronic dance music with heavy bass,4,3,0.7897891998291016,0.7491481602191925,0.04893996318181356,2
B_mutation_rate,p_mut=0.5,energetic electronic dance music with heavy bass,4,4,0.7897891998291016,0.7574149370193481,0.04299745957056681,3
B_mutation_rate,p_mut=0.5,energetic electronic dance music with heavy bass,4,5,0.8074184656143188,0.7516793211301168,0.06812146504720053,4
B_mutation_rate,p_mut=0.5,energetic electronic dance music with heavy bass,4,6,0.8074184656143188,0.7950272758801779,0.03962977727254232,5
B_mutation_rate,p_mut=0.5,energetic electronic dance music with heavy bass,4,7,0.8074184656143188,0.7489689290523529,0.11061466534932454,6
B_mutation_rate,"p_mut=0.0,注入なし",energetic electronic dance music with heavy bass,4,0,0.684195876121521,0.5194828559954962,0.16926078796386718,0
B_mutation_rate,"p_mut=0.0,注入なし",energetic electronic dance music with heavy bass,4,1,0.684195876121521,0.6458352108796438,0.017427718639373778,0
B_mutation_rate,"p_mut=0.0,注入なし",energetic electronic dance music with heavy bass,4,2,0.684195876121521,0.6762388547261556,0.00257187287012736,1
B_mutation_rate,"p_mut=0.0,注入なし",energetic electronic dance music with heavy bass,4,3,0.684195876121521,0.6820151507854462,0.00034148295720418294,2
B_mutation_rate,"p_mut=0.0,注入なし",energetic electronic dance music with heavy bass,4,4,0.684195876121521,0.6833832760651907,6.729761759440104e-05,3
B_mutation_rate,"p_mut=0.0,注入なし",energetic electronic dance music with heavy bass,4,5,0.684195876121521,0.6838742097218832,1.403490702311198e-05,4
B_mutation_rate,"p_mut=0.0,注入なし",energetic electronic dance music with heavy bass,4,6,0.684195876121521,0.6840921441713969,1.6808509826660156e-06,5
B_mutation_rate,"p_mut=0.0,注入なし",energetic electronic dance music with heavy bass,4,7,0.684195876121521,0.6841623683770498,1.351038614908854e-07,6
B_mutation_rate,p_mut=0.0,energetic electronic dance music with heavy bass,5,0,0.5902228951454163,0.4635356267293294,0.15733702580134074,0
B_mutation_rate,p_mut=0.0,energetic electronic dance music with heavy bass,5,1,0.5902228951454163,0.5614059269428253,0.0880137046178182,0
B_mutation_rate,p_mut=0.0,energetic electronic dance music with heavy bass,5,2,0.5902228951454163,0.5751271744569143,0.03651758829752604,1
B_mutation_rate,p_mut=0.0,energetic electronic dance music with heavy bass,5,3,0.6579564213752747,0.600054124991099,0.02546804348627726,0
B_mutation_rate,p_mut=0.0,energetic electronic dance music with heavy bass,5,4,0.6579564213752747,0.6393580834070841,0.052885127067565915,1
B_mutation_rate,p_mut=0.0,energetic electronic dance music with heavy bass,5,5,0.6579564213752747,0.6399418115615845,0.0366901159286499,2
B_mutation_rate,p_mut=0.0,energetic electronic dance music with heavy bass,5,6,0.6579564213752747,0.6462752322355906,0.054157729943593344,3
B_mutation_rate,p_mut=0.0,energetic electronic dance music with heavy bass,5,7,0.6579564213752747,0.6550347705682119,0.024481916427612306,4
B_mutation_rate,p_mut=0.3,energetic electronic dance music with heavy bass,5,0,0.5902228951454163,0.4635356267293294,0.15733702580134074,0
B_mutation_rate,p_mut=0.3,energetic electronic dance music with heavy bass,5,1,0.5902228951454163,0.5505769352118174,0.08326913515726725,0
B_mutation_rate,p_mut=0.3,energetic electronic dance music with heavy bass,5,2,0.6062262058258057,0.5902393956979116,0.038853653271993,0
B_mutation_rate,p_mut=0.3,energetic electronic dance music with heavy bass,5,3,0.6529066562652588,0.6141739288965861,0.05779937903086344,1
B_mutation_rate,p_mut=0.3,energetic electronic dance music with heavy bass,5,4,0.6529066562652588,0.6323068042596182,0.0658056378364563,2
B_mutation_rate,p_mut=0.3,energetic electronic dance music with heavy bass,5,5,0.6552609205245972,0.6272075076897939,0.07487727006276448,3
B_mutation_rate,p_mut=0.3,energetic electronic dance music with heavy bass,5,6,0.6604292392730713,0.6382633050282797,0.04200284083684285,4
B_mutation_rate,p_mut=0.3,energetic electronic dance music with heavy bass,5,7,0.660636842250824,0.6380860308806101,0.04120008548100789,5
B_mutation_rate,p_mut=0.5,energetic electronic dance music with heavy bass,5,0,0.5902228951454163,0.4635356267293294,0.15733702580134074,0
B_mutation_rate,p_mut=0.5,energetic electronic dance music with heavy bass,5,1,0.605772078037262,0.5699082215627035,0.059951261679331465,0
B_mutation_rate,p_mut=0.5,energetic electronic dance music with heavy bass,5,2,0.6204093098640442,0.6046488583087921,0.052907176812489826,1
B_mutation_rate,p_mut=0.5,energetic electronic dance music with heavy bass,5,3,0.6214084029197693,0.6097222169240316,0.04061092535654704,2
B_mutation_rate,p_mut=0.5,energetic electronic dance music with heavy bass,5,4,0.6231062412261963,0.6017505824565887,0.06031668186187744,3
B_mutation_rate,p_mut=0.5,energetic electronic dance music with heavy bass,5,5,0.7172409296035767,0.6333624621232351,0.03229392369588216,4
B_mutation_rate,p_mut=0.5,energetic electronic dance music with heavy bass,5,6,0.7172409296035767,0.6605384151140848,0.049200022220611574,5
B_mutation_rate,p_mut=0.5,energetic electronic dance music with heavy bass,5,7,0.7172409296035767,0.6748778025309244,0.05012318293253581,6
B_mutation_rate,"p_mut=0.0,注入なし",energetic electronic dance music with heavy bass,5,0,0.5902228951454163,0.4635356267293294,0.15733702580134074,0
B_mutation_rate,"p_mut=0.0,注入なし",energetic electronic dance music with heavy bass,5,1,0.5902228951454163,0.5587952733039856,0.019929230213165283,0
B_mutation_rate,"p_mut=0.0,注入なし",energetic electronic dance music with heavy bass,5,2,0.5902228951454163,0.5833422044912974,0.003944106896718343,1
B_mutation_rate,"p_mut=0.0,注入なし",energetic electronic dance music with heavy bass,5,3,0.5902228951454163,0.5890121261278788,0.0003190437952677409,2
B_mutation_rate,"p_mut=0.0,注入なし",energetic electronic dance music with heavy bass,5,4,0.5902228951454163,0.5899209976196289,3.482500712076823e-05,3
B_mutation_rate,"p_mut=0.0,注入なし",energetic electronic dance music with heavy bass,5,5,0.5902228951454163,0.5901149312655131,5.16970952351888e-06,4
B_mutation_rate,"p_mut=0.0,注入なし",energetic electronic dance music with heavy bass,5,6,0.5902228951454163,0.5901843806107839,6.119410196940105e-07,5
B_mutation_rate,"p_mut=0.0,注入なし",energetic electronic dance music with heavy bass,5,7,0.5902228951454163,0.5902093251546224,8.344650268554687e-08,6
B_mutation_rate,p_mut=0.0,energetic electronic dance music with heavy bass,6,0,0.5257863402366638,0.4444530208905538,0.18087720076243083,0
B_mutation_rate,p_mut=0.0,energetic electronic dance music with heavy bass,6,1,0.5413768291473389,0.5293408433596293,0.03925886154174805,0
B_mutation_rate,p_mut=0.0,energetic electronic dance music with heavy bass,6,2,0.5690909624099731,0.5504241089026133,0.015378463268280029,0
B_mutation_rate,p_mut=0.0,energetic electronic dance music with heavy bass,6,3,0.5690909624099731,0.5540099541346232,0.03959395488103231,1
B_mutation_rate,p_mut=0.0,energetic electronic dance music with heavy bass,6,4,0.5690909624099731,0.5585873425006866,0.021232020854949952,2
B_mutation_rate,p_mut=0.0,energetic electronic dance music with heavy bass,6,5,0.5690909624099731,0.5628207425276438,0.046164309978485106,3
B_mutation_rate,p_mut=0.0,energetic electronic dance music with heavy bass,6,6,0.5717759728431702,0.5695103406906128,0.0037249088287353515,4
B_mutation_rate,p_mut=0.0,energetic electronic dance music with heavy bass,6,7,0.5722381472587585,0.554363414645195,0.04263047377268473,5
B_mutation_rate,p_mut=0.3,energetic electronic dance music with heavy bass,6,0,0.5257863402366638,0.4444530208905538,0.18087720076243083,0
B_mutation_rate,p_mut=0.3,energetic electronic dance music with heavy bass,6,1,0.5413768291473389,0.5293408433596293,0.03925886154174805,0
B_mutation_rate,p_mut=0.3,energetic electronic dance music with heavy bass,6,2,0.5690909624099731,0.5504241089026133,0.015378463268280029,0
B_mutation_rate,p_mut=0.3,energetic electronic dance music with heavy bass,6,3,0.5711510181427002,0.5581728418668112,0.034851475556691484,0
B_mutation_rate,p_mut=0.3,energetic electronic dance music with heavy bass,6,4,0.6506119966506958,0.5810224711894989,0.023944389820098878,1
B_mutation_rate,p_mut=0.3,energetic electronic dance music with heavy bass,6,5,0.6506119966506958,0.6180332899093628,0.047228336334228516,2
B_mutation_rate,p_mut=0.3,energetic electronic dance music with heavy bass,6,6,0.7822669744491577,0.6513023873170217,0.029941574732462565,0
B_mutation_rate,p_mut=0.3,energetic electronic dance music with heavy bass,6,7,0.7822669744491577,0.7324535449345907,0.025169686476389567,1
B_mutation_rate,p_mut=0.5,energetic electronic dance music with heavy bass,6,0,0.5257863402366638,0.4444530208905538,0.18087720076243083,0
B_mutation_rate,p_mut=0.5,energetic electronic dance music with heavy bass,6,1,0.5908788442611694,0.5381252566973368,0.07924555142720541,0
B_mutation_rate,p_mut=0.5,energetic electronic dance music with heavy bass,6,2,0.5974442958831787,0.5918184717496237,0.03149327039718628,0
B_mutation_rate,p_mut=0.5,energetic electronic dance music with heavy bass,6,3,0.6037424206733704,0.589302659034729,0.032848842938741046,1
B_mutation_rate,p_mut=0.5,energetic electronic dance music with heavy bass,6,4,0.6139782667160034,0.5960047741731008,0.027833056449890137,2
B_mutation_rate,p_mut=0.5,energetic electronic dance music with heavy bass,6,5,0.6155511736869812,0.607120951016744,0.039041197299957274,3
B_mutation_rate,p_mut=0.5,energetic electronic dance music with heavy bass,6,6,0.6163061857223511,0.5993233521779379,0.02546090284983317,4
B_mutation_rate,p_mut=0.5,energetic electronic dance music with heavy bass,6,7,0.6163061857223511,0.6110924780368805,0.021552848815917968,5
B_mutation_rate,"p_mut=0.0,注入なし",energetic electronic dance music with heavy bass,6,0,0.5257863402366638,0.4444530208905538,0.18087720076243083,0
B_mutation_rate,"p_mut=0.0,注入なし",energetic electronic dance music with heavy bass,6,1,0.53081876039505,0.5275811652342478,0.011503287156422933,1
B_mutation_rate,"p_mut=0.0,注入なし",energetic electronic dance music with heavy bass,6,2,0.53081876039505,0.5304637253284454,0.00012795130411783853,2
B_mutation_rate,"p_mut=0.0,注入なし",energetic electronic dance music with heavy bass,6,3,0.53081876039505,0.5307275056838989,1.74562136332194e-05,3
B_mutation_rate,"p_mut=0.0,注入なし",energetic electronic dance music with heavy bass,6,4,0.53081876039505,0.5307867228984833,2.7298927307128905e-06,4
B_mutation_rate,"p_mut=0.0,注入なし",energetic electronic dance music with heavy bass,6,5,0.53081876039505,0.5308093925317129,2.384185791015625e-07,5
B_mutation_rate,"p_mut=0.0,注入なし",energetic electronic dance music with heavy bass,6,6,0.53081876039505,0.5308150351047516,6.75519307454427e-08,6
B_mutation_rate,"p_mut=0.0,注入なし",energetic electronic dance music with heavy bass,6,7,0.53081876039505,0.5308174391587576,1.1920928955078126e-08,7
B_mutation_rate,p_mut=0.0,energetic electronic dance music with heavy bass,7,0,0.5146639347076416,0.4512674907843272,0.153808069229126,0
B_mutation_rate,p_mut=0.0,energetic electronic dance music with heavy bass,7,1,0.5146639347076416,0.5007616380850474,0.038641115029652916,1
B_mutation_rate,p_mut=0.0,energetic electronic dance music with heavy bass,7,2,0.5160917639732361,0.49661709864934284,0.0516547441482544,2
B_mutation_rate,p_mut=0.0,energetic electronic dance music with heavy bass,7,3,0.5160917639732361,0.5159641106923422,0.024907652537027994,3
B_mutation_rate,p_mut=0.0,energetic electronic dance music with heavy bass,7,4,0.5160917639732361,0.51048510770003,0.02438673178354899,4
B_mutation_rate,p_mut=0.0,energetic electronic dance music with heavy bass,7,5,0.5160917639732361,0.5067585110664368,0.020434006055196127,0
B_mutation_rate,p_mut=0.0,energetic electronic dance music with heavy bass,7,6,0.5160917639732361,0.49922283987204236,0.07626012961069743,0
B_mutation_rate,p_mut=0.0,energetic electronic dance music with heavy bass,7,7,0.542010486125946,0.5204115211963654,0.03780654271443685,0
B_mutation_rate,p_mut=0.3,energetic electronic dance music with heavy bass,7,0,0.5146639347076416,0.4512674907843272,0.153808069229126,0
B_mutation_rate,p_mut=0.3,energetic electronic dance music with heavy bass,7,1,0.6093820929527283,0.5135451704263687,0.049097041289011635,1
B_mutation_rate,p_mut=0.3,energetic electronic dance music with heavy bass,7,2,0.6093820929527283,0.5642394622166952,0.0404895544052124,2
B_mutation_rate,p_mut=0.3,energetic electronic dance music with heavy bass,7,3,0.8048943281173706,0.6322553356488546,0.038778527577718096,0
B_mutation_rate,p_mut=0.3,energetic electronic dance music with heavy bass,7,4,0.8048943281173706,0.7311478356520335,0.056179336706797284,0
B_mutation_rate,p_mut=0.3,energetic electronic dance music with heavy bass,7,5,0.8048943281173706,0.7345028022925059,0.08222171465555826,1
B_mutation_rate,p_mut=0.3,energetic electronic dance music with heavy bass,7,6,0.8402117490768433,0.8005130589008331,0.012786694367726644,2
B_mutation_rate,p_mut=0.3,energetic electronic dance music with heavy bass,7,7,0.8893840312957764,0.8218298554420471,0.026485149065653482,3
B_mutation_rate,p_mut=0.5,energetic electronic dance music with heavy bass,7,0,0.5146639347076416,0.4512674907843272,0.153808069229126,0
B_mutation_rate,p_mut=0.5,energetic electronic dance music with heavy bass,7,1,0.6093820929527283,0.5135451704263687,0.049097041289011635,1
B_mutation_rate,p_mut=0.5,energetic electronic dance music with heavy bass,7,2,0.6093820929527283,0.5723631779352824,0.03749807675679525,2
B_mutation_rate,p_mut=0.5,energetic electronic dance music with heavy bass,7,3,0.6093820929527283,0.5863330562909445,0.035097662607828775,3
B_mutation_rate,p_mut=0.5,energetic electronic dance music with heavy bass,7,4,0.6093820929527283,0.5866043865680695,0.06844427585601806,4
B_mutation_rate,p_mut=0.5,energetic electronic dance music with heavy bass,7,5,0.6093820929527283,0.5945998628934225,0.02849433422088623,5
B_mutation_rate,p_mut=0.5,energetic electronic dance music with heavy bass,7,6,0.7110568284988403,0.6029755771160126,0.06681422392527263,6
B_mutation_rate,p_mut=0.5,energetic electronic dance music with heavy bass,7,7,0.7110568284988403,0.6716591318448385,0.04995694557825724,7
B_mutation_rate,"p_mut=0.0,注入なし",energetic electronic dance music with heavy bass,7,0,0.5146639347076416,0.4512674907843272,0.153808069229126,0
B_mutation_rate,"p_mut=0.0,注入なし",energetic electronic dance music with heavy bass,7,1,0.5146639347076416,0.5116769671440125,0.008803264300028483,1
B_mutation_rate,"p_mut=0.0,注入なし",energetic electronic dance music with heavy bass,7,2,0.5160657167434692,0.5157032211621603,0.00174256165822347,2
B_mutation_rate,"p_mut=0.0,注入なし",energetic electronic dance music with heavy bass,7,3,0.5160657167434692,0.516055961449941,9.735425313313801e-07,3
B_mutation_rate,"p_mut=0.0,注入なし",energetic electronic dance music with heavy bass,7,4,0.5160657167434692,0.5160632133483887,2.7815500895182292e-08,4
B_mutation_rate,"p_mut=0.0,注入なし",energetic electronic dance music with heavy bass,7,5,0.5160657167434692,0.5160648922125498,-5.960464477539063e-08,0
B_mutation_rate,"p_mut=0.0,注入なし",energetic electronic dance music with heavy bass,7,6,0.5160657167434692,0.5160654783248901,-4.76837158203125e-08,1
B_mutation_rate,"p_mut=0.0,注入なし",energetic electronic dance music with heavy bass,7,7,0.5160657167434692,0.5160656174023946,3.973642985026042e-09,2
B_mutation_rate,p_mut=0.0,energetic electronic dance music with heavy bass,8,0,0.46682581305503845,0.41388483345508575,0.17406240304311116,0
B_mutation_rate,p_mut=0.0,energetic electronic dance music with heavy bass,8,1,0.5359305739402771,0.4868049571911494,0.05741027593612671,0
B_mutation_rate,p_mut=0.0,energetic electronic dance music with heavy bass,8,2,0.5400941371917725,0.5231844385464987,0.034039942423502605,0
B_mutation_rate,p_mut=0.0,energetic electronic dance music with heavy bass,8,3,0.5488110780715942,0.5434044003486633,0.05514456033706665,1
B_mutation_rate,p_mut=0.0,energetic electronic dance music with heavy bass,8,4,0.5809878706932068,0.5541690687338511,0.0175048828125,0
B_mutation_rate,p_mut=0.0,energetic electronic dance music with heavy bass,8,5,0.5809878706932068,0.5604937374591827,0.029970900217692057,1
B_mutation_rate,p_mut=0.0,energetic electronic dance music with heavy bass,8,6,0.5809878706932068,0.5729999045530955,0.020363982518514,2
B_mutation_rate,p_mut=0.0,energetic electronic dance music with heavy bass,8,7,0.5809878706932068,0.5687497754891714,0.03685195446014404,3
B_mutation_rate,p_mut=0.3,energetic electronic dance music with heavy bass,8,0,0.46682581305503845,0.41388483345508575,0.17406240304311116,0
B_mutation_rate,p_mut=0.3,energetic electronic dance music with heavy bass,8,1,0.5359305739402771,0.4868049571911494,0.05741027593612671,0
B_mutation_rate,p_mut=0.3,energetic electronic dance music with heavy bass,8,2,0.5542721748352051,0.5287297467390696,0.04744035800298055,1
B_mutation_rate,p_mut=0.3,energetic electronic dance music with heavy bass,8,3,0.5742964744567871,0.550346702337265,0.04597844282786052,2
B_mutation_rate,p_mut=0.3,energetic electronic dance music with heavy bass,8,4,0.690155565738678,0.5773743192354838,0.07517628272374471,3
B_mutation_rate,p_mut=0.3,energetic electronic dance music with heavy bass,8,5,0.690155565738678,0.6389521757761637,0.036125520865122475,0
B_mutation_rate,p_mut=0.3,energetic electronic dance music with heavy bass,8,6,0.690155565738678,0.6551257570584615,0.05555466810862223,1
B_mutation_rate,p_mut=0.3,energetic electronic dance music with heavy bass,8,7,0.690155565738678,0.6535067955652872,0.06657849152882894,2
B_mutation_rate,p_mut=0.5,energetic electronic dance music with heavy bass,8,0,0.46682581305503845,0.41388483345508575,0.17406240304311116,0
B_mutation_rate,p_mut=0.5,energetic electronic dance music with heavy bass,8,1,0.5482831597328186,0.4840455800294876,0.06009620030721029,0
B_mutation_rate,p_mut=0.5,energetic electronic dance music with heavy bass,8,2,0.5482831597328186,0.5258481701215109,0.05477405786514282,0
B_mutation_rate,p_mut=0.5,energetic electronic dance music with heavy bass,8,3,0.690528392791748,0.5658672451972961,0.0894695520401001,0
B_mutation_rate,p_mut=0.5,energetic electronic dance music with heavy bass,8,4,0.690528392791748,0.6388724346955618,0.024705771605173746,0
B_mutation_rate,p_mut=0.5,energetic electronic dance music with heavy bass,8,5,0.690528392791748,0.6614002684752146,0.051031466325124106,1
B_mutation_rate,p_mut=0.5,energetic electronic dance music with heavy bass,8,6,0.690528392791748,0.6595740616321564,0.03924230337142944,2
B_mutation_rate,p_mut=0.5,energetic electronic dance music with heavy bass,8,7,0.6905352473258972,0.6786909401416779,0.038716880480448405,3
B_mutation_rate,"p_mut=0.0,注入なし",energetic electronic dance music with heavy bass,8,0,0.46682581305503845,0.41388483345508575,0.17406240304311116,0
B_mutation_rate,"p_mut=0.0,注入なし",energetic electronic dance music with heavy bass,8,1,0.4817301332950592,0.4777715504169464,0.022550034523010253,1
B_mutation_rate,"p_mut=0.0,注入なし",energetic electronic dance music with heavy bass,8,2,0.4817301332950592,0.48164140184720355,3.9458274841308595e-06,2
B_mutation_rate,"p_mut=0.0,注入なし",energetic electronic dance music with heavy bass,8,3,0.4817301332950592,0.48169849316279095,5.443890889485677e-07,3
B_mutation_rate,"p_mut=0.0,注入なし",energetic electronic dance music with heavy bass,8,4,0.4817301332950592,0.48172034323215485,-3.973642985026042e-09,4
B_mutation_rate,"p_mut=0.0,注入なし",energetic electronic dance music with heavy bass,8,5,0.4817301332950592,0.4817260454098384,-3.178914388020833e-08,5
B_mutation_rate,"p_mut=0.0,注入なし",energetic electronic dance music with heavy bass,8,6,0.4817301332950592,0.48172882199287415,-2.384185791015625e-08,6
B_mutation_rate,"p_mut=0.0,注入なし",energetic electronic dance music with heavy bass,8,7,0.4817301332950592,0.4817296912272771,-1.1920928955078125e-07,0
B_mutation_rate,p_mut=0.0,energetic electronic dance music with heavy bass,9,0,0.5257863402366638,0.44012262920538586,0.14977996349334716,0
B_mutation_rate,p_mut=0.0,energetic electronic dance music with heavy bass,9,1,0.530907928943634,0.5202616999546686,0.0356651504834493,1
B_mutation_rate,p_mut=0.0,energetic electronic dance music with heavy bass,9,2,0.5483976602554321,0.533608098824819,0.022119442621866863,0
B_mutation_rate,p_mut=0.0,energetic electronic dance music with heavy bass,9,3,0.7662988305091858,0.584128071864446,0.04095629851023356,0
B_mutation_rate,p_mut=0.0,energetic electronic dance music with heavy bass,9,4,0.7662988305091858,0.6894607444604238,0.05384056170781453,0
B_mutation_rate,p_mut=0.0,energetic electronic dance music with heavy bass,9,5,0.7662988305091858,0.7298680444558462,0.03885725736618042,1
B_mutation_rate,p_mut=0.0,energetic electronic dance music with heavy bass,9,6,0.7662988305091858,0.7473571399847666,0.024600950876871745,2
B_mutation_rate,p_mut=0.0,energetic electronic dance music with heavy bass,9,7,0.7662988305091858,0.7500019868214926,0.034107081095377606,3
B_mutation_rate,p_mut=0.3,energetic electronic dance music with heavy bass,9,0,0.5257863402366638,0.44012262920538586,0.14977996349334716,0
B_mutation_rate,p_mut=0.3,energetic electronic dance music with heavy bass,9,1,0.530907928943634,0.5202616999546686,0.0356651504834493,1
B_mutation_rate,p_mut=0.3,energetic electronic dance music with heavy bass,9,2,0.5448037385940552,0.53594442208608,0.028414821624755858,2
B_mutation_rate,p_mut=0.3,energetic electronic dance music with heavy bass,9,3,0.7419302463531494,0.5878373185793558,0.0359897255897522,0
B_mutation_rate,p_mut=0.3,energetic electronic dance music with heavy bass,9,4,0.7419302463531494,0.6984524627526602,0.052160346508026124,1
B_mutation_rate,p_mut=0.3,energetic electronic dance music with heavy bass,9,5,0.8605893850326538,0.7541382213433584,0.022573578357696533,0
B_mutation_rate,p_mut=0.3,energetic electronic dance music with heavy bass,9,6,0.8605893850326538,0.8043020963668823,0.06816242933273316,1
B_mutation_rate,p_mut=0.3,energetic electronic dance music with heavy bass,9,7,0.8605893850326538,0.8157978455225626,0.06979215939839681,2
B_mutation_rate,p_mut=0.5,energetic electronic dance music with heavy bass,9,0,0.5257863402366638,0.44012262920538586,0.14977996349334716,0
B_mutation_rate,p_mut=0.5,energetic electronic dance music with heavy bass,9,1,0.5488944053649902,0.533265103896459,0.04478197495142619,0
B_mutation_rate,p_mut=0.5,energetic electronic dance music with heavy bass,9,2,0.6454671621322632,0.5713896155357361,0.04830418030420939,0
B_mutation_rate,p_mut=0.5,energetic electronic dance music with heavy bass,9,3,0.7057965993881226,0.6111652155717214,0.06724692583084106,1
B_mutation_rate,p_mut=0.5,energetic electronic dance music with heavy bass,9,4,0.7057965993881226,0.6583992739518484,0.07230527400970459,2
B_mutation_rate,p_mut=0.5,energetic electronic dance music with heavy bass,9,5,0.8572939038276672,0.7145408491293589,0.04308979908625285,0
B_mutation_rate,p_mut=0.5,energetic electronic dance music with heavy bass,9,6,0.8572939038276672,0.7874304354190826,0.05585316022237142,1
B_mutation_rate,p_mut=0.5,energetic electronic dance music with heavy bass,9,7,0.8793907165527344,0.8410871128241221,0.02111845016479492,2
B_mutation_rate,"p_mut=0.0,注入なし",energetic electronic dance music with heavy bass,9,0,0.5257863402366638,0.44012262920538586,0.14977996349334716,0
B_mutation_rate,"p_mut=0.0,注入なし",energetic electronic dance music with heavy bass,9,1,0.530907928943634,0.5278619329134623,0.010926361878712971,1
B_mutation_rate,"p_mut=0.0,注入なし",energetic electronic dance music with heavy bass,9,2,0.530907928943634,0.5306337277094523,0.0002659479777018229,2
B_mutation_rate,"p_mut=0.0,注入なし",energetic electronic dance music with heavy bass,9,3,0.530907928943634,0.5308715800444285,2.9309590657552084e-05,3
B_mutation_rate,"p_mut=0.0,注入なし",energetic electronic dance music with heavy bass,9,4,0.530907928943634,0.5309029320875803,3.8226445515950525e-06,4
B_mutation_rate,"p_mut=0.0,注入なし",energetic electronic dance music with heavy bass,9,5,0.530907928943634,0.5309071838855743,3.0994415283203126e-07,5
B_mutation_rate,"p_mut=0.0,注入なし",energetic electronic dance music with heavy bass,9,6,0.530907928943634,0.5309077103932699,8.742014567057291e-08,6
B_mutation_rate,"p_mut=0.0,注入なし",energetic electronic dance music with heavy bass,9,7,0.530907928943634,0.5309078594048818,-5.960464477539063e-08,7
B_mutation_rate,p_mut=0.0,gentle acoustic guitar ballad,0,0,0.4355940520763397,0.3178398385643959,0.18567528327306113,0
B_mutation_rate,p_mut=0.0,gentle acoustic guitar ballad,0,1,0.4489891827106476,0.43790264924367267,0.08100364605585735,0
B_mutation_rate,p_mut=0.0,gentle acoustic guitar ballad,0,2,0.5617421269416809,0.48139523963133496,0.07474143902460734,0
B_mutation_rate,p_mut=0.0,gentle acoustic guitar ballad,0,3,0.5617421269416809,0.5317724098761877,0.058372215429941816,0
B_mutation_rate,p_mut=0.0,gentle acoustic guitar ballad,0,4,0.5780990123748779,0.5612879494825999,0.05177848736445109,0
B_mutation_rate,p_mut=0.0,gentle acoustic guitar ballad,0,5,0.5938700437545776,0.5704007844130198,0.0892338236172994,1
B_mutation_rate,p_mut=0.0,gentle acoustic guitar ballad,0,6,0.6138775944709778,0.597205251455307,0.03002520799636841,0
B_mutation_rate,p_mut=0.0,gentle acoustic guitar ballad,0,7,0.6171365976333618,0.608650674422582,0.03710712591807048,1
B_mutation_rate,p_mut=0.3,gentle acoustic guitar ballad,0,0,0.4355940520763397,0.3178398385643959,0.18567528327306113,0
B_mutation_rate,p_mut=0.3,gentle acoustic guitar ballad,0,1,0.49596935510635376,0.44504786531130475,0.07626070181528727,0
B_mutation_rate,p_mut=0.3,gentle acoustic guitar ballad,0,2,0.49596935510635376,0.49219348033269245,0.07405571937561035,1
B_mutation_rate,p_mut=0.3,gentle acoustic guitar ballad,0,3,0.5208463072776794,0.49680884679158527,0.03186315695444743,2
B_mutation_rate,p_mut=0.3,gentle acoustic guitar ballad,0,4,0.5208463072776794,0.504468654592832,0.027899642785390217,3
B_mutation_rate,p_mut=0.3,gentle acoustic guitar ballad,0,5,0.5349079370498657,0.4983010192712148,0.07072772582372029,4
B_mutation_rate,p_mut=0.3,gentle acoustic guitar ballad,0,6,0.5727320909500122,0.5396687388420105,0.017058380444844565,0
B_mutation_rate,p_mut=0.3,gentle acoustic guitar ballad,0,7,0.5819752216339111,0.5550758043924967,0.0499605377515157,1
B_mutation_rate,p_mut=0.5,gentle acoustic guitar ballad,0,0,0.4355940520763397,0.3178398385643959,0.18567528327306113,0
B_mutation_rate,p_mut=0.5,gentle acoustic guitar ballad,0,1,0.49596935510635376,0.44504786531130475,0.07626070181528727,0
B_mutation_rate,p_mut=0.5,gentle acoustic guitar ballad,0,2,0.49596935510635376,0.49219348033269245,0.07405571937561035,1
B_mutation_rate,p_mut=0.5,gentle acoustic guitar ballad,0,3,0.5208463072776794,0.49680884679158527,0.03186315695444743,2
B_mutation_rate,p_mut=0.5,gentle acoustic guitar ballad,0,4,0.5451472997665405,0.5144135455290476,0.027079919974009197,0
B_mutation_rate,p_mut=0.5,gentle acoustic guitar ballad,0,5,0.5451472997665405,0.5186294615268707,0.07075916131337484,1
B_mutation_rate,p_mut=0.5,gentle acoustic guitar ballad,0,6,0.5698467493057251,0.539718747138977,0.0468986431757609,2
B_mutation_rate,p_mut=0.5,gentle acoustic guitar ballad,0,7,0.5963783264160156,0.5741946299870809,0.042981314659118655,0
B_mutation_rate,"p_mut=0.0,注入なし",gentle acoustic guitar ballad,0,0,0.4355940520763397,0.3178398385643959,0.18567528327306113,0
B_mutation_rate,"p_mut=0.0,注入なし",gentle acoustic guitar ballad,0,1,0.4371238350868225,0.4356558273235957,0.010300993919372559,1
B_mutation_rate,"p_mut=0.0,注入なし",gentle acoustic guitar ballad,0,2,0.4371238350868225,0.4367281049489975,2.2701422373453776e-05,2
B_mutation_rate,"p_mut=0.0,注入なし",gentle acoustic guitar ballad,0,3,0.4371238350868225,0.43693380057811737,5.602836608886719e-06,3
B_mutation_rate,"p_mut=0.0,注入なし",gentle acoustic guitar ballad,0,4,0.4371238350868225,0.43704404433568317,1.1046727498372397e-06,4
B_mutation_rate,"p_mut=0.0,注入なし",gentle acoustic guitar ballad,0,5,0.4371238350868225,0.43710099657376605,1.1523564656575521e-07,5
B_mutation_rate,"p_mut=0.0,注入なし",gentle acoustic guitar ballad,0,6,0.4371238350868225,0.437116414308548,-3.178914388020833e-08,6
B_mutation_rate,"p_mut=0.0,注入なし",gentle acoustic guitar ballad,0,7,0.4371238350868225,0.43712107340494794,-2.384185791015625e-08,0
B_mutation_rate,p_mut=0.0,gentle acoustic guitar ballad,1,0,0.444576621055603,0.3212638820211093,0.19512991110483804,0
B_mutation_rate,p_mut=0.0,gentle acoustic guitar ballad,1,1,0.444576621055603,0.40981484949588776,0.05586482683817546,0
B_mutation_rate,p_mut=0.0,gentle acoustic guitar ballad,1,2,0.4971528649330139,0.4487830450137456,0.035806703567504886,0
B_mutation_rate,p_mut=0.0,gentle acoustic guitar ballad,1,3,0.4971528649330139,0.47249965866406757,0.08500031232833863,0
B_mutation_rate,p_mut=0.0,gentle acoustic guitar ballad,1,4,0.4971528649330139,0.48653828104337055,0.022677886486053466,1
B_mutation_rate,p_mut=0.0,gentle acoustic guitar ballad,1,5,0.4971528649330139,0.48445771137873334,0.053583526611328126,2
B_mutation_rate,p_mut=0.0,gentle acoustic guitar ballad,1,6,0.5374417901039124,0.5038634141286215,0.05478689670562744,0
B_mutation_rate,p_mut=0.0,gentle acoustic guitar ballad,1,7,0.5443723201751709,0.5377597808837891,0.043771100044250486,1
B_mutation_rate,p_mut=0.3,gentle acoustic guitar ballad,1,0,0.444576621055603,0.3212638820211093,0.19512991110483804,0
B_mutation_rate,p_mut=0.3,gentle acoustic guitar ballad,1,1,0.444576621055603,0.40981484949588776,0.05586482683817546,0
B_mutation_rate,p_mut=0.3,gentle acoustic guitar ballad,1,2,0.47225549817085266,0.44106543560822803,0.045325851440429686,1
B_mutation_rate,p_mut=0.3,gentle acoustic guitar ballad,1,3,0.47225549817085266,0.4647478560606639,0.03313156763712565,0
B_mutation_rate,p_mut=0.3,gentle acoustic guitar ballad,1,4,0.5143568515777588,0.47610509892304737,0.06202966372172038,1
B_mutation_rate,p_mut=0.3,gentle acoustic guitar ballad,1,5,0.5143568515777588,0.5021255215009054,0.03129532734553019,2
B_mutation_rate,p_mut=0.3,gentle acoustic guitar ballad,1,6,0.5730885863304138,0.5178552865982056,0.037246171633402506,0
B_mutation_rate,p_mut=0.3,gentle acoustic guitar ballad,1,7,0.5730885863304138,0.5493342379728953,0.053654038906097413,1
B_mutation_rate,p_mut=0.5,gentle acoustic guitar ballad,1,0,0.444576621055603,0.3212638820211093,0.19512991110483804,0
B_mutation_rate,p_mut=0.5,gentle acoustic guitar ballad,1,1,0.444576621055603,0.4116376390059789,0.0648513158162435,0
B_mutation_rate,p_mut=0.5,gentle acoustic guitar ballad,1,2,0.5008372068405151,0.4418649325768153,0.037713460127512616,0
B_mutation_rate,p_mut=0.5,gentle acoustic guitar ballad,1,3,0.5009362697601318,0.48324402670065564,0.02528203328450521,0
B_mutation_rate,p_mut=0.5,gentle acoustic guitar ballad,1,4,0.551119863986969,0.5032001882791519,0.0740644375483195,1
B_mutation_rate,p_mut=0.5,gentle acoustic guitar ballad,1,5,0.5669554471969604,0.5474800566832224,0.04346656401952108,2
B_mutation_rate,p_mut=0.5,gentle acoustic guitar ballad,1,6,0.5857208371162415,0.5701302687327067,0.043289577960968016,0
B_mutation_rate,p_mut=0.5,gentle acoustic guitar ballad,1,7,0.6135428547859192,0.5785490175088247,0.06848781108856201,1
B_mutation_rate,"p_mut=0.0,注入なし",gentle acoustic guitar ballad,1,0,0.444576621055603,0.3212638820211093,0.19512991110483804,0
B_mutation_rate,"p_mut=0.0,注入なし",gentle acoustic guitar ballad,1,1,0.444576621055603,0.41205482681592304,0.014774644374847412,0
B_mutation_rate,"p_mut=0.0,注入なし",gentle acoustic guitar ballad,1,2,0.444576621055603,0.4357815931240718,0.0018294493357340494,1
B_mutation_rate,"p_mut=0.0,注入なし",gentle acoustic guitar ballad,1,3,0.444576621055603,0.4407680382331212,0.0004915475845336914,2
B_mutation_rate,"p_mut=0.0,注入なし",gentle acoustic guitar ballad,1,4,0.444576621055603,0.4436270395914714,3.449916839599609e-05,3
B_mutation_rate,"p_mut=0.0,注入なし",gentle acoustic guitar ballad,1,5,0.444576621055603,0.4442092180252075,4.561742146809896e-06,4
B_mutation_rate,"p_mut=0.0,注入なし",gentle acoustic guitar ballad,1,6,0.444576621055603,0.44444215794404346,8.026758829752604e-07,5
B_mutation_rate,"p_mut=0.0,注入なし",gentle acoustic guitar ballad,1,7,0.444576621055603,0.4445226639509201,6.75519307454427e-08,6
B_mutation_rate,p_mut=0.0,gentle acoustic guitar ballad,2,0,0.40538373589515686,0.3265610759456952,0.18991446097691853,0
B_mutation_rate,p_mut=0.0,gentle acoustic guitar ballad,2,1,0.41093116998672485,0.3984674910704295,0.05729540983835856,1
B_mutation_rate,p_mut=0.0,gentle acoustic guitar ballad,2,2,0.41093116998672485,0.40049350758393604,0.0744687000910441,2
B_mutation_rate,p_mut=0.0,gentle acoustic guitar ballad,2,3,0.454599529504776,0.4181114584207535,0.015279257297515869,0
B_mutation_rate,p_mut=0.0,gentle acoustic guitar ballad,2,4,0.533413290977478,0.45608800152937573,0.032321445147196454,0
B_mutation_rate,p_mut=0.0,gentle acoustic guitar ballad,2,5,0.533413290977478,0.507940004269282,0.04008133014043172,1
B_mutation_rate,p_mut=0.0,gentle acoustic guitar ballad,2,6,0.533413290977478,0.5153534213701884,0.05059303045272827,2
B_mutation_rate,p_mut=0.0,gentle acoustic guitar ballad,2,7,0.5854027271270752,0.540306031703949,0.024391345183054605,0
B_mutation_rate,p_mut=0.3,gentle acoustic guitar ballad,2,0,0.40538373589515686,0.3265610759456952,0.18991446097691853,0
B_mutation_rate,p_mut=0.3,gentle acoustic guitar ballad,2,1,0.48292118310928345,0.41674624880154926,0.06338109572728474,1
B_mutation_rate,p_mut=0.3,gentle acoustic guitar ballad,2,2,0.5651618242263794,0.4969678521156311,0.04738984902699788,0
B_mutation_rate,p_mut=0.3,gentle acoustic guitar ballad,2,3,0.5651618242263794,0.5505014061927795,0.048211860656738284,0
B_mutation_rate,p_mut=0.3,gentle acoustic guitar ballad,2,4,0.5894134640693665,0.5566980292399725,0.07432894309361776,1
B_mutation_rate,p_mut=0.3,gentle acoustic guitar ballad,2,5,0.5894134640693665,0.5659084667762121,0.053961090246836346,2
B_mutation_rate,p_mut=0.3,gentle acoustic guitar ballad,2,6,0.5898786187171936,0.5676091810067495,0.05887295405069987,3
B_mutation_rate,p_mut=0.3,gentle acoustic guitar ballad,2,7,0.6135440468788147,0.5937333901723226,0.0469974676767985,0
B_mutation_rate,p_mut=0.5,gentle acoustic guitar ballad,2,0,0.40538373589515686,0.3265610759456952,0.18991446097691853,0
B_mutation_rate,p_mut=0.5,gentle acoustic guitar ballad,2,1,0.48292118310928345,0.41674624880154926,0.06338109572728474,1
B_mutation_rate,p_mut=0.5,gentle acoustic guitar ballad,2,2,0.5437952876091003,0.487825741370519,0.08247656424840291,0
B_mutation_rate,p_mut=0.5,gentle acoustic guitar ballad,2,3,0.558604896068573,0.5276073267062505,0.05948981046676636,0
B_mutation_rate,p_mut=0.5,gentle acoustic guitar ballad,2,4,0.5758314728736877,0.5467536946137747,0.037131150563557945,1
B_mutation_rate,p_mut=0.5,gentle acoustic guitar ballad,2,5,0.6140502691268921,0.5709545016288757,0.029621140162150065,0
B_mutation_rate,p_mut=0.5,gentle acoustic guitar ballad,2,6,0.6140502691268921,0.577569862206777,0.04352459907531738,1
B_mutation_rate,p_mut=0.5,gentle acoustic guitar ballad,2,7,0.6483083367347717,0.6130853295326233,0.040112046400705974,0
B_mutation_rate,"p_mut=0.0,注入なし",gentle acoustic guitar ballad,2,0,0.40538373589515686,0.3265610759456952,0.18991446097691853,0
B_mutation_rate,"p_mut=0.0,注入なし",gentle acoustic guitar ballad,2,1,0.41157594323158264,0.40897200008233386,0.016240298748016357,1
B_mutation_rate,"p_mut=0.0,注入なし",gentle acoustic guitar ballad,2,2,0.41157594323158264,0.41130828360716504,2.1251042683919272e-05,2
B_mutation_rate,"p_mut=0.0,注入なし",gentle acoustic guitar ballad,2,3,0.41157594323158264,0.4114957203467687,2.1775563557942707e-06,3
B_mutation_rate,"p_mut=0.0,注入なし",gentle acoustic guitar ballad,2,4,0.41157594323158264,0.4115481625000636,2.7418136596679685e-07,4
B_mutation_rate,"p_mut=0.0,注入なし",gentle acoustic guitar ballad,2,5,0.41157594323158264,0.41156819462776184,-1.5894571940104166e-08,5
B_mutation_rate,"p_mut=0.0,注入なし",gentle acoustic guitar ballad,2,6,0.41157594323158264,0.41157222787539166,-3.5762786865234374e-08,6
B_mutation_rate,"p_mut=0.0,注入なし",gentle acoustic guitar ballad,2,7,0.41157594323158264,0.41157417992750805,7.947285970052083e-09,0
B_mutation_rate,p_mut=0.0,gentle acoustic guitar ballad,3,0,0.37561315298080444,0.3074781323472659,0.15165226062138876,0
B_mutation_rate,p_mut=0.0,gentle acoustic guitar ballad,3,1,0.38700440526008606,0.3747188796599706,0.0614152193069458,1
B_mutation_rate,p_mut=0.0,gentle acoustic guitar ballad,3,2,0.5116098523139954,0.4076770792404811,0.03818677266438802,0
B_mutation_rate,p_mut=0.0,gentle acoustic guitar ballad,3,3,0.6062318086624146,0.499447097380956,0.053335575262705485,0
B_mutation_rate,p_mut=0.0,gentle acoustic guitar ballad,3,4,0.6062318086624146,0.579772154490153,0.045449912548065186,0
B_mutation_rate,p_mut=0.0,gentle acoustic guitar ballad,3,5,0.6062318086624146,0.5852824250857035,0.06835792859395345,1
B_mutation_rate,p_mut=0.0,gentle acoustic guitar ballad,3,6,0.6062318086624146,0.5973804692427317,0.0304262638092041,2
B_mutation_rate,p_mut=0.0,gentle acoustic guitar ballad,3,7,0.6062318086624146,0.6045231719811758,0.06440724531809489,3
B_mutation_rate,p_mut=0.3,gentle acoustic guitar ballad,3,0,0.37561315298080444,0.3074781323472659,0.15165226062138876,0
B_mutation_rate,p_mut=0.3,gentle acoustic guitar ballad,3,1,0.38700440526008606,0.3747188796599706,0.0614152193069458,1
B_mutation_rate,p_mut=0.3,gentle acoustic guitar ballad,3,2,0.42556947469711304,0.39857004086176556,0.03904092311859131,0
B_mutation_rate,p_mut=0.3,gentle acoustic guitar ballad,3,3,0.42615607380867004,0.41871532797813416,0.057018764813741046,1
B_mutation_rate,p_mut=0.3,gentle acoustic guitar ballad,3,4,0.5627409219741821,0.44889838993549347,0.06655892133712768,0
B_mutation_rate,p_mut=0.3,gentle acoustic guitar ballad,3,5,0.5627409219741821,0.5426175395647684,0.05257088343302409,0
B_mutation_rate,p_mut=0.3,gentle acoustic guitar ballad,3,6,0.6059521436691284,0.5533013244469961,0.07108108997344971,1
B_mutation_rate,p_mut=0.3,gentle acoustic guitar ballad,3,7,0.6269518733024597,0.6011410653591156,0.03073709805806478,0
B_mutation_rate,p_mut=0.5,gentle acoustic guitar ballad,3,0,0.37561315298080444,0.3074781323472659,0.15165226062138876,0
B_mutation_rate,p_mut=0.5,gentle acoustic guitar ballad,3,1,0.38700440526008606,0.3747188796599706,0.0614152193069458,1
B_mutation_rate,p_mut=0.5,gentle acoustic guitar ballad,3,2,0.43204599618911743,0.4036317616701126,0.03661222855250041,0
B_mutation_rate,p_mut=0.5,gentle acoustic guitar ballad,3,3,0.48383602499961853,0.4278342624505361,0.03803716897964478,1
B_mutation_rate,p_mut=0.5,gentle acoustic guitar ballad,3,4,0.5461699962615967,0.48054062326749164,0.03742105960845947,0
B_mutation_rate,p_mut=0.5,gentle acoustic guitar ballad,3,5,0.5579930543899536,0.5091443707545599,0.08144691387812296,0
B_mutation_rate,p_mut=0.5,gentle acoustic guitar ballad,3,6,0.6049251556396484,0.5369113683700562,0.07113535006841024,1
B_mutation_rate,p_mut=0.5,gentle acoustic guitar ballad,3,7,0.6191287040710449,0.5739119251569113,0.05653345584869385,0
B_mutation_rate,"p_mut=0.0,注入なし",gentle acoustic guitar ballad,3,0,0.37561315298080444,0.3074781323472659,0.15165226062138876,0
B_mutation_rate,"p_mut=0.0,注入なし",gentle acoustic guitar ballad,3,1,0.38700440526008606,0.3839446355899175,0.01840825875600179,1
B_mutation_rate,"p_mut=0.0,注入なし",gentle acoustic guitar ballad,3,2,0.38700440526008606,0.38685527940591175,0.0001243909200032552,2
B_mutation_rate,"p_mut=0.0,注入なし",gentle acoustic guitar ballad,3,3,0.38700440526008606,0.3869692037502925,1.651446024576823e-05,3
B_mutation_rate,"p_mut=0.0,注入なし",gentle acoustic guitar ballad,3,4,0.38700440526008606,0.38699599107106525,1.8040339152018229e-06,4
B_mutation_rate,"p_mut=0.0,注入なし",gentle acoustic guitar ballad,3,5,0.38700440526008606,0.38700195650259656,2.0265579223632812e-07,5
B_mutation_rate,"p_mut=0.0,注入なし",gentle acoustic guitar ballad,3,6,0.38700440526008606,0.3870035260915756,-5.960464477539063e-08,6
B_mutation_rate,"p_mut=0.0,注入なし",gentle acoustic guitar ballad,3,7,0.38700440526008606,0.38700411717096966,3.973642985026042e-09,0
B_mutation_rate,p_mut=0.0,gentle acoustic guitar ballad,4,0,0.4355940520763397,0.3505236531297366,0.16013081471125284,0
B_mutation_rate,p_mut=0.0,gentle acoustic guitar ballad,4,1,0.5184152126312256,0.45847010612487793,0.0706440567970276,0
B_mutation_rate,p_mut=0.0,gentle acoustic guitar ballad,4,2,0.5184152126312256,0.5040725320577621,0.0904573122660319,0
B_mutation_rate,p_mut=0.0,gentle acoustic guitar ballad,4,3,0.52116459608078,0.5152107973893484,0.12764233748118084,1
B_mutation_rate,p_mut=0.0,gentle acoustic guitar ballad,4,4,0.535724401473999,0.5235784451166788,0.03059972127278646,0
B_mutation_rate,p_mut=0.0,gentle acoustic guitar ballad,4,5,0.5504716038703918,0.5412527024745941,0.06936755180358886,0
B_mutation_rate,p_mut=0.0,gentle acoustic guitar ballad,4,6,0.572978675365448,0.565287321805954,0.057584683100382485,1
B_mutation_rate,p_mut=0.0,gentle acoustic guitar ballad,4,7,0.5810490250587463,0.574222723642985,0.023061664899190266,0
B_mutation_rate,p_mut=0.3,gentle acoustic guitar ballad,4,0,0.4355940520763397,0.3505236531297366,0.16013081471125284,0
B_mutation_rate,p_mut=0.3,gentle acoustic guitar ballad,4,1,0.5081580877304077,0.451810285449028,0.06299972931543986,1
B_mutation_rate,p_mut=0.3,gentle acoustic guitar ballad,4,2,0.5085210800170898,0.48626841604709625,0.10852698882420858,2
B_mutation_rate,p_mut=0.3,gentle acoustic guitar ballad,4,3,0.5117177367210388,0.49759364128112793,0.03941136201222738,3
B_mutation_rate,p_mut=0.3,gentle acoustic guitar ballad,4,4,0.559160590171814,0.5245615740617117,0.044313164552052815,0
B_mutation_rate,p_mut=0.3,gentle acoustic guitar ballad,4,5,0.5669792294502258,0.545856257279714,0.054431970914204916,1
B_mutation_rate,p_mut=0.3,gentle acoustic guitar ballad,4,6,0.5709134936332703,0.5524513721466064,0.05518589417139689,2
B_mutation_rate,p_mut=0.3,gentle acoustic guitar ballad,4,7,0.5716472864151001,0.5673671960830688,0.016895647843678793,3
B_mutation_rate,p_mut=0.5,gentle acoustic guitar ballad,4,0,0.4355940520763397,0.3505236531297366,0.16013081471125284,0
B_mutation_rate,p_mut=0.5,gentle acoustic guitar ballad,4,1,0.5081580877304077,0.451810285449028,0.06299972931543986,1
B_mutation_rate,p_mut=0.5,gentle acoustic guitar ballad,4,2,0.5879538059234619,0.5272224297126135,0.07256844043731689,0
B_mutation_rate,p_mut=0.5,gentle acoustic guitar ballad,4,3,0.6264544725418091,0.598447451988856,0.05366274913152059,0
B_mutation_rate,p_mut=0.5,gentle acoustic guitar ballad,4,4,0.6413427591323853,0.6234016617139181,0.06112290620803833,1
B_mutation_rate,p_mut=0.5,gentle acoustic guitar ballad,4,5,0.6413427591323853,0.6177357534567515,0.04842976729075114,2
B_mutation_rate,p_mut=0.5,gentle acoustic guitar ballad,4,6,0.6413427591323853,0.6287966867287954,0.03227967818578084,3
B_mutation_rate,p_mut=0.5,gentle acoustic guitar ballad,4,7,0.6472272872924805,0.6242676377296448,0.06420662403106689,4
B_mutation_rate,"p_mut=0.0,注入なし",gentle acoustic guitar ballad,4,0,0.4355940520763397,0.3505236531297366,0.16013081471125284,0
B_mutation_rate,"p_mut=0.0,注入なし",gentle acoustic guitar ballad,4,1,0.44979017972946167,0.44701185325781506,0.011037838459014893,1
B_mutation_rate,"p_mut=0.0,注入なし",gentle acoustic guitar ballad,4,2,0.44979017972946167,0.4497487097978592,4.2994817097981775e-06,2
B_mutation_rate,"p_mut=0.0,注入なし",gentle acoustic guitar ballad,4,3,0.44979017972946167,0.44977125028769177,9.894371032714845e-07,3
B_mutation_rate,"p_mut=0.0,注入なし",gentle acoustic guitar ballad,4,4,0.44979017972946167,0.4497838964064916,1.0728836059570313e-07,4
B_mutation_rate,"p_mut=0.0,注入なし",gentle acoustic guitar ballad,4,5,0.44979017972946167,0.4497877260049184,-1.1920928955078126e-08,0
B_mutation_rate,"p_mut=0.0,注入なし",gentle acoustic guitar ballad,4,6,0.44979017972946167,0.44978932042916614,-9.139378865559896e-08,0
B_mutation_rate,"p_mut=0.0,注入なし",gentle acoustic guitar ballad,4,7,0.44979017972946167,0.4497898419698079,-1.0728836059570313e-07,1
B_mutation_rate,p_mut=0.0,gentle acoustic guitar ballad,5,0,0.4355940520763397,0.3305515795946121,0.1862262765566508,0
B_mutation_rate,p_mut=0.0,gentle acoustic guitar ballad,5,1,0.436222106218338,0.4283733367919922,0.03993226289749145,0
B_mutation_rate,p_mut=0.0,gentle acoustic guitar ballad,5,2,0.43913114070892334,0.43838471670945484,0.04373941421508789,0
B_mutation_rate,p_mut=0.0,gentle acoustic guitar ballad,5,3,0.45361027121543884,0.44762787719567615,0.03891817331314087,1
B_mutation_rate,p_mut=0.0,gentle acoustic guitar ballad,5,4,0.5066936016082764,0.4624318132797877,0.021032210191090903,0
B_mutation_rate,p_mut=0.0,gentle acoustic guitar ballad,5,5,0.573767900466919,0.5085741778214773,0.02840777635574341,0
B_mutation_rate,p_mut=0.0,gentle acoustic guitar ballad,5,6,0.573767900466919,0.5505384604136149,0.08978460232416789,1
B_mutation_rate,p_mut=0.0,gentle acoustic guitar ballad,5,7,0.573767900466919,0.5453106661637624,0.0916568954785665,2
B_mutation_rate,p_mut=0.3,gentle acoustic guitar ballad,5,0,0.4355940520763397,0.3305515795946121,0.1862262765566508,0
B_mutation_rate,p_mut=0.3,gentle acoustic guitar ballad,5,1,0.5171933770179749,0.45497514804204303,0.0765570600827535,0
B_mutation_rate,p_mut=0.3,gentle acoustic guitar ballad,5,2,0.5171933770179749,0.4995581954717636,0.04412972927093506,1
B_mutation_rate,p_mut=0.3,gentle acoustic guitar ballad,5,3,0.5684535503387451,0.527032862106959,0.03557865619659424,0
B_mutation_rate,p_mut=0.3,gentle acoustic guitar ballad,5,4,0.5722000598907471,0.5541165967782339,0.040111486117045084,0
B_mutation_rate,p_mut=0.3,gentle acoustic guitar ballad,5,5,0.5751045942306519,0.5498342017332712,0.06749728123346964,1
B_mutation_rate,p_mut=0.3,gentle acoustic guitar ballad,5,6,0.5751045942306519,0.5536050597826639,0.030388915538787843,2
B_mutation_rate,p_mut=0.3,gentle acoustic guitar ballad,5,7,0.5939089059829712,0.5656302273273468,0.056630925337473555,3
B_mutation_rate,p_mut=0.5,gentle acoustic guitar ballad,5,0,0.4355940520763397,0.3305515795946121,0.1862262765566508,0
B_mutation_rate,p_mut=0.5,gentle acoustic guitar ballad,5,1,0.5171933770179749,0.45497514804204303,0.0765570600827535,0
B_mutation_rate,p_mut=0.5,gentle acoustic guitar ballad,5,2,0.5171933770179749,0.4995581954717636,0.04412972927093506,1
B_mutation_rate,p_mut=0.5,gentle acoustic guitar ballad,5,3,0.5684535503387451,0.527032862106959,0.03557865619659424,0
B_mutation_rate,p_mut=0.5,gentle acoustic guitar ballad,5,4,0.5722000598907471,0.5541165967782339,0.040111486117045084,0
B_mutation_rate,p_mut=0.5,gentle acoustic guitar ballad,5,5,0.5751045942306519,0.5498342017332712,0.06749728123346964,1
B_mutation_rate,p_mut=0.5,gentle acoustic guitar ballad,5,6,0.5751045942306519,0.5536050597826639,0.030388915538787843,2
B_mutation_rate,p_mut=0.5,gentle acoustic guitar ballad,5,7,0.5939089059829712,0.5656302273273468,0.056630925337473555,3
B_mutation_rate,"p_mut=0.0,注入なし",gentle acoustic guitar ballad,5,0,0.4355940520763397,0.3305515795946121,0.1862262765566508,0
B_mutation_rate,"p_mut=0.0,注入なし",gentle acoustic guitar ballad,5,1,0.436222106218338,0.43047410746415454,0.02102510929107666,0
B_mutation_rate,"p_mut=0.0,注入なし",gentle acoustic guitar ballad,5,2,0.4389631450176239,0.4382328043381373,0.00405968427658081,1
B_mutation_rate,"p_mut=0.0,注入なし",gentle acoustic guitar ballad,5,3,0.4389631450176239,0.43888647357622784,4.34716542561849e-05,2
B_mutation_rate,"p_mut=0.0,注入なし",gentle acoustic guitar ballad,5,4,0.4389631450176239,0.43894895414511365,3.3338864644368488e-06,3
B_mutation_rate,"p_mut=0.0,注入なし",gentle acoustic guitar ballad,5,5,0.4389631450176239,0.4389581282933553,4.688898722330729e-07,4
B_mutation_rate,"p_mut=0.0,注入なし",gentle acoustic guitar ballad,5,6,0.4389631450176239,0.43896133204301196,4.76837158203125e-08,5
B_mutation_rate,"p_mut=0.0,注入なし",gentle acoustic guitar ballad,5,7,0.4389631450176239,0.4389623999595642,-4.3710072835286455e-08,0
B_mutation_rate,p_mut=0.0,gentle acoustic guitar ballad,6,0,0.4350135624408722,0.3272869785626729,0.12817906141281127,0
B_mutation_rate,p_mut=0.0,gentle acoustic guitar ballad,6,1,0.4350135624408722,0.4018326948086421,0.07321897347768148,0
B_mutation_rate,p_mut=0.0,gentle acoustic guitar ballad,6,2,0.4350135624408722,0.4244420329729716,0.03273610671361287,1
B_mutation_rate,p_mut=0.0,gentle acoustic guitar ballad,6,3,0.5054858326911926,0.4432756205399831,0.06551499764124552,0
B_mutation_rate,p_mut=0.0,gentle acoustic guitar ballad,6,4,0.5054858326911926,0.4905772904555003,0.0740619699160258,0
B_mutation_rate,p_mut=0.0,gentle acoustic guitar ballad,6,5,0.5454168319702148,0.5132148166497549,0.0369408925374349,0
B_mutation_rate,p_mut=0.0,gentle acoustic guitar ballad,6,6,0.545508861541748,0.5253340949614843,0.0522888978322347,0
B_mutation_rate,p_mut=0.0,gentle acoustic guitar ballad,6,7,0.5467116236686707,0.5411215921243032,0.015787784258524576,1
B_mutation_rate,p_mut=0.3,gentle acoustic guitar ballad,6,0,0.4350135624408722,0.3272869785626729,0.12817906141281127,0
B_mutation_rate,p_mut=0.3,gentle acoustic guitar ballad,6,1,0.47429725527763367,0.4168794850508372,0.04065343141555786,0
B_mutation_rate,p_mut=0.3,gentle acoustic guitar ballad,6,2,0.5395460724830627,0.4705561051766078,0.05264910459518433,0
B_mutation_rate,p_mut=0.3,gentle acoustic guitar ballad,6,3,0.5395460724830627,0.5156733145316442,0.06744768619537353,1
B_mutation_rate,p_mut=0.3,gentle acoustic guitar ballad,6,4,0.5877348780632019,0.5438326895236969,0.019039289156595866,0
B_mutation_rate,p_mut=0.3,gentle acoustic guitar ballad,6,5,0.6190052628517151,0.5782750050226847,0.040697650114695234,0
B_mutation_rate,p_mut=0.3,gentle acoustic guitar ballad,6,6,0.6190052628517151,0.6017100214958191,0.05094807545344035,1
B_mutation_rate,p_mut=0.3,gentle acoustic guitar ballad,6,7,0.619323194026947,0.6011798481146494,0.03150598605473836,2
B_mutation_rate,p_mut=0.5,gentle acoustic guitar ballad,6,0,0.4350135624408722,0.3272869785626729,0.12817906141281127,0
B_mutation_rate,p_mut=0.5,gentle acoustic guitar ballad,6,1,0.47429725527763367,0.4168794850508372,0.04065343141555786,0
B_mutation_rate,p_mut=0.5,gentle acoustic guitar ballad,6,2,0.5365274548530579,0.4774336665868759,0.03538837830225627,0
B_mutation_rate,p_mut=0.5,gentle acoustic guitar ballad,6,3,0.6171934604644775,0.5318172027667364,0.08264550765355429,0
B_mutation_rate,p_mut=0.5,gentle acoustic guitar ballad,6,4,0.6171934604644775,0.5930973291397095,0.056987082958221434,0
B_mutation_rate,p_mut=0.5,gentle acoustic guitar ballad,6,5,0.632413387298584,0.5994438727696737,0.09549156824747722,0
B_mutation_rate,p_mut=0.5,gentle acoustic guitar ballad,6,6,0.6458938717842102,0.6330871284008026,0.027180564403533936,1
B_mutation_rate,p_mut=0.5,gentle acoustic guitar ballad,6,7,0.6463998556137085,0.6365726292133331,0.03882365226745606,2
B_mutation_rate,"p_mut=0.0,注入なし",gentle acoustic guitar ballad,6,0,0.4350135624408722,0.3272869785626729,0.12817906141281127,0
B_mutation_rate,"p_mut=0.0,注入なし",gentle acoustic guitar ballad,6,1,0.4350135624408722,0.401603897412618,0.010170145829518636,0
B_mutation_rate,"p_mut=0.0,注入なし",gentle acoustic guitar ballad,6,2,0.4350135624408722,0.4232439696788788,0.0017182270685831705,1
B_mutation_rate,"p_mut=0.0,注入なし",gentle acoustic guitar ballad,6,3,0.4350135624408722,0.4306004246075948,0.0003291924794514974,2
B_mutation_rate,"p_mut=0.0,注入なし",gentle acoustic guitar ballad,6,4,0.4350135624408722,0.4338266501824061,2.6484330495198567e-05,3
B_mutation_rate,"p_mut=0.0,注入なし",gentle acoustic guitar ballad,6,5,0.4350135624408722,0.43455666303634644,4.180272420247396e-06,4
B_mutation_rate,"p_mut=0.0,注入なし",gentle acoustic guitar ballad,6,6,0.4350135624408722,0.43482177952925366,5.165735880533854e-07,5
B_mutation_rate,"p_mut=0.0,注入なし",gentle acoustic guitar ballad,6,7,0.4350135624408722,0.4349239617586136,6.75519307454427e-08,6
B_mutation_rate,p_mut=0.0,gentle acoustic guitar ballad,7,0,0.4355940520763397,0.36329667766888935,0.18937723636627196,0
B_mutation_rate,p_mut=0.0,gentle acoustic guitar ballad,7,1,0.46670055389404297,0.4409276346365611,0.04880340894063314,0
B_mutation_rate,p_mut=0.0,gentle acoustic guitar ballad,7,2,0.4783753454685211,0.4678674389918645,0.035439650217692055,0
B_mutation_rate,p_mut=0.0,gentle acoustic guitar ballad,7,3,0.4841511845588684,0.4734978874524434,0.06661281188329062,1
B_mutation_rate,p_mut=0.0,gentle acoustic guitar ballad,7,4,0.4842003881931305,0.47955813507239026,0.015250202020009358,2
B_mutation_rate,p_mut=0.0,gentle acoustic guitar ballad,7,5,0.4842003881931305,0.47583424548308056,0.016809535026550294,3
B_mutation_rate,p_mut=0.0,gentle acoustic guitar ballad,7,6,0.5882086753845215,0.5015350729227066,0.03107918898264567,0
B_mutation_rate,p_mut=0.0,gentle acoustic guitar ballad,7,7,0.5882086753845215,0.5449738750855128,0.049098130067189535,0
B_mutation_rate,p_mut=0.3,gentle acoustic guitar ballad,7,0,0.4355940520763397,0.36329667766888935,0.18937723636627196,0
B_mutation_rate,p_mut=0.3,gentle acoustic guitar ballad,7,1,0.5142178535461426,0.4566111812988917,0.05317355791727702,0
B_mutation_rate,p_mut=0.3,gentle acoustic guitar ballad,7,2,0.5142178535461426,0.507408599058787,0.038630048433939614,0
B_mutation_rate,p_mut=0.3,gentle acoustic guitar ballad,7,3,0.5437569618225098,0.5070286144812902,0.06664443413416545,1
B_mutation_rate,p_mut=0.3,gentle acoustic guitar ballad,7,4,0.5437569618225098,0.5285665889581045,0.056922845045725506,2
B_mutation_rate,p_mut=0.3,gentle acoustic guitar ballad,7,5,0.5662692785263062,0.5237398644288381,0.06328686475753784,3
B_mutation_rate,p_mut=0.3,gentle acoustic guitar ballad,7,6,0.5904279351234436,0.5639212926228842,0.018188520272572836,0
B_mutation_rate,p_mut=0.3,gentle acoustic guitar ballad,7,7,0.6136646270751953,0.584640234708786,0.03713115851084391,0
B_mutation_rate,p_mut=0.5,gentle acoustic guitar ballad,7,0,0.4355940520763397,0.36329667766888935,0.18937723636627196,0
B_mutation_rate,p_mut=0.5,gentle acoustic guitar ballad,7,1,0.47291770577430725,0.45798999071121216,0.07537298997243246,0
B_mutation_rate,p_mut=0.5,gentle acoustic guitar ballad,7,2,0.508169412612915,0.4777408341566722,0.06224433183670044,1
B_mutation_rate,p_mut=0.5,gentle acoustic guitar ballad,7,3,0.508169412612915,0.4958588083585103,0.03749585549036662,2
B_mutation_rate,p_mut=0.5,gentle acoustic guitar ballad,7,4,0.5612638592720032,0.511912946899732,0.036921938260396324,0
B_mutation_rate,p_mut=0.5,gentle acoustic guitar ballad,7,5,0.5811094641685486,0.5409554839134216,0.03530464172363281,1
B_mutation_rate,p_mut=0.5,gentle acoustic guitar ballad,7,6,0.5974956750869751,0.5782340069611868,0.05181034803390503,0
B_mutation_rate,p_mut=0.5,gentle acoustic guitar ballad,7,7,0.6100786924362183,0.5914996763070425,0.08390376965204875,1
B_mutation_rate,"p_mut=0.0,注入なし",gentle acoustic guitar ballad,7,0,0.4355940520763397,0.36329667766888935,0.18937723636627196,0
B_mutation_rate,"p_mut=0.0,注入なし",gentle acoustic guitar ballad,7,1,0.4408722519874573,0.4366229176521301,0.01834259827931722,1
B_mutation_rate,"p_mut=0.0,注入なし",gentle acoustic guitar ballad,7,2,0.4408722519874573,0.4408070941766103,2.8089682261149088e-05,2
B_mutation_rate,"p_mut=0.0,注入なし",gentle acoustic guitar ballad,7,3,0.4408722519874573,0.4408571968475978,3.7590662638346356e-06,3
B_mutation_rate,"p_mut=0.0,注入なし",gentle acoustic guitar ballad,7,4,0.4408722519874573,0.4408669670422872,3.814697265625e-07,4
B_mutation_rate,"p_mut=0.0,注入なし",gentle acoustic guitar ballad,7,5,0.4408722519874573,0.44086966415246326,7.152557373046875e-08,5
B_mutation_rate,"p_mut=0.0,注入なし",gentle acoustic guitar ballad,7,6,0.4408722519874573,0.44087129831314087,-1.1920928955078126e-08,6
B_mutation_rate,"p_mut=0.0,注入なし",gentle acoustic guitar ballad,7,7,0.4408722519874573,0.4408719539642334,-6.357828776041667e-08,7
B_mutation_rate,p_mut=0.0,gentle acoustic guitar ballad,8,0,0.3128296434879303,0.27691226949294406,0.16318107048670452,0
B_mutation_rate,p_mut=0.0,gentle acoustic guitar ballad,8,1,0.3314090371131897,0.32089026272296906,0.08514537811279296,0
B_mutation_rate,p_mut=0.0,gentle acoustic guitar ballad,8,2,0.3446204960346222,0.33390262226263684,0.06788986523946126,1
B_mutation_rate,p_mut=0.0,gentle acoustic guitar ballad,8,3,0.43380632996559143,0.3593933929999669,0.023511878649393716,0
B_mutation_rate,p_mut=0.0,gentle acoustic guitar ballad,8,4,0.4618145227432251,0.41640281677246094,0.03164146741231282,0
B_mutation_rate,p_mut=0.0,gentle acoustic guitar ballad,8,5,0.4618145227432251,0.4479762564102809,0.017378052075703938,1
B_mutation_rate,p_mut=0.0,gentle acoustic guitar ballad,8,6,0.5527560710906982,0.47652405003706616,0.044049330552419025,0
B_mutation_rate,p_mut=0.0,gentle acoustic guitar ballad,8,7,0.5527560710906982,0.5177468657493591,0.04138640960057576,0
B_mutation_rate,p_mut=0.3,gentle acoustic guitar ballad,8,0,0.3128296434879303,0.27691226949294406,0.16318107048670452,0
B_mutation_rate,p_mut=0.3,gentle acoustic guitar ballad,8,1,0.42407509684562683,0.3337556372086207,0.06098387638727824,0
B_mutation_rate,p_mut=0.3,gentle acoustic guitar ballad,8,2,0.42407509684562683,0.39033111929893494,0.04019161860148112,0
B_mutation_rate,p_mut=0.3,gentle acoustic guitar ballad,8,3,0.5429001450538635,0.45110898713270825,0.0634937564531962,0
B_mutation_rate,p_mut=0.3,gentle acoustic guitar ballad,8,4,0.5558952689170837,0.5314812262852987,0.03281269868214925,0
B_mutation_rate,p_mut=0.3,gentle acoustic guitar ballad,8,5,0.5582441091537476,0.538866808017095,0.05401691198348999,1
B_mutation_rate,p_mut=0.3,gentle acoustic guitar ballad,8,6,0.558356523513794,0.5472394973039627,0.023005894819895425,2
B_mutation_rate,p_mut=0.3,gentle acoustic guitar ballad,8,7,0.5631598234176636,0.5410088300704956,0.04460330009460449,3
B_mutation_rate,p_mut=0.5,gentle acoustic guitar ballad,8,0,0.3128296434879303,0.27691226949294406,0.16318107048670452,0
B_mutation_rate,p_mut=0.5,gentle acoustic guitar ballad,8,1,0.33102333545684814,0.3182629148165385,0.05000628232955932,1
B_mutation_rate,p_mut=0.5,gentle acoustic guitar ballad,8,2,0.34587758779525757,0.3330782304207484,0.03598505258560181,0
B_mutation_rate,p_mut=0.5,gentle acoustic guitar ballad,8,3,0.5039347410202026,0.38168102502822876,0.06278780301411947,0
B_mutation_rate,p_mut=0.5,gentle acoustic guitar ballad,8,4,0.5159441828727722,0.4884416063626607,0.03195028305053711,0
B_mutation_rate,p_mut=0.5,gentle acoustic guitar ballad,8,5,0.5394709706306458,0.4983771691719691,0.04968679348627726,1
B_mutation_rate,p_mut=0.5,gentle acoustic guitar ballad,8,6,0.5569403171539307,0.5062868346770605,0.06441745758056641,2
B_mutation_rate,p_mut=0.5,gentle acoustic guitar ballad,8,7,0.6009519696235657,0.5726574063301086,0.05626020034154256,0
B_mutation_rate,"p_mut=0.0,注入なし",gentle acoustic guitar ballad,8,0,0.3128296434879303,0.27691226949294406,0.16318107048670452,0
B_mutation_rate,"p_mut=0.0,注入なし",gentle acoustic guitar ballad,8,1,0.3211936950683594,0.31866290668646496,0.02070242166519165,1
B_mutation_rate,"p_mut=0.0,注入なし",gentle acoustic guitar ballad,8,2,0.321525901556015,0.32146377861499786,0.00041683514912923175,2
B_mutation_rate,"p_mut=0.0,注入なし",gentle acoustic guitar ballad,8,3,0.32152655720710754,0.32152629395325977,1.720587412516276e-06,3
B_mutation_rate,"p_mut=0.0,注入なし",gentle acoustic guitar ballad,8,4,0.32152655720710754,0.32152652740478516,7.947285970052083e-09,4
B_mutation_rate,"p_mut=0.0,注入なし",gentle acoustic guitar ballad,8,5,0.32152655720710754,0.32152654230594635,-6.357828776041667e-08,5
B_mutation_rate,"p_mut=0.0,注入なし",gentle acoustic guitar ballad,8,6,0.32152655720710754,0.32152652740478516,-1.1920928955078126e-08,6
B_mutation_rate,"p_mut=0.0,注入なし",gentle acoustic guitar ballad,8,7,0.32152658700942993,0.32152655224005383,-7.947285970052083e-08,7
B_mutation_rate,p_mut=0.0,gentle acoustic guitar ballad,9,0,0.4350135624408722,0.3640252500772476,0.13727181752522785,0
B_mutation_rate,p_mut=0.0,gentle acoustic guitar ballad,9,1,0.4462180733680725,0.4402698427438736,0.046592859427134196,1
B_mutation_rate,p_mut=0.0,gentle acoustic guitar ballad,9,2,0.4462207555770874,0.43031416336695355,0.04742579062779744,2
B_mutation_rate,p_mut=0.0,gentle acoustic guitar ballad,9,3,0.5432239174842834,0.46243424713611603,0.027285563945770263,0
B_mutation_rate,p_mut=0.0,gentle acoustic guitar ballad,9,4,0.5432239174842834,0.4905543327331543,0.07602797349294027,1
B_mutation_rate,p_mut=0.0,gentle acoustic guitar ballad,9,5,0.5432239174842834,0.5218312094608942,0.03396449089050293,2
B_mutation_rate,p_mut=0.0,gentle acoustic guitar ballad,9,6,0.5432239174842834,0.5339673260847727,0.041017858187357585,3
B_mutation_rate,p_mut=0.0,gentle acoustic guitar ballad,9,7,0.5636336207389832,0.5454753835995992,0.021295336882273357,0
B_mutation_rate,p_mut=0.3,gentle acoustic guitar ballad,9,0,0.4350135624408722,0.3640252500772476,0.13727181752522785,0
B_mutation_rate,p_mut=0.3,gentle acoustic guitar ballad,9,1,0.49805161356925964,0.44708456595738727,0.05783018668492635,1
B_mutation_rate,p_mut=0.3,gentle acoustic guitar ballad,9,2,0.5395437479019165,0.4781355857849121,0.0710689624150594,2
B_mutation_rate,p_mut=0.3,gentle acoustic guitar ballad,9,3,0.5693789720535278,0.5367664496103922,0.04622811476389567,3
B_mutation_rate,p_mut=0.3,gentle acoustic guitar ballad,9,4,0.5693789720535278,0.5339244355758032,0.07346148093541463,4
B_mutation_rate,p_mut=0.3,gentle acoustic guitar ballad,9,5,0.5702732801437378,0.553859273592631,0.04205253124237061,5
B_mutation_rate,p_mut=0.3,gentle acoustic guitar ballad,9,6,0.5889026522636414,0.5586641232172648,0.07660487095514933,6
B_mutation_rate,p_mut=0.3,gentle acoustic guitar ballad,9,7,0.620305061340332,0.5839661061763763,0.03892532189687093,7
B_mutation_rate,p_mut=0.5,gentle acoustic guitar ballad,9,0,0.4350135624408722,0.3640252500772476,0.13727181752522785,0
B_mutation_rate,p_mut=0.5,gentle acoustic guitar ballad,9,1,0.49805161356925964,0.44708456595738727,0.05783018668492635,1
B_mutation_rate,p_mut=0.5,gentle acoustic guitar ballad,9,2,0.6040321588516235,0.5154298196236292,0.048010130723317467,0
B_mutation_rate,p_mut=0.5,gentle acoustic guitar ballad,9,3,0.6040321588516235,0.5850476026535034,0.02169202168782552,1
B_mutation_rate,p_mut=0.5,gentle acoustic guitar ballad,9,4,0.6040321588516235,0.5689626584450403,0.05578496058781942,2
B_mutation_rate,p_mut=0.5,gentle acoustic guitar ballad,9,5,0.6103948354721069,0.5910082161426544,0.021218947569529214,3
B_mutation_rate,p_mut=0.5,gentle acoustic guitar ballad,9,6,0.645659863948822,0.623544712861379,0.029042681058247883,0
B_mutation_rate,p_mut=0.5,gentle acoustic guitar ballad,9,7,0.6517016291618347,0.6379477381706238,0.042973220348358154,1
B_mutation_rate,"p_mut=0.0,注入なし",gentle acoustic guitar ballad,9,0,0.4350135624408722,0.3640252500772476,0.13727181752522785,0
B_mutation_rate,"p_mut=0.0,注入なし",gentle acoustic guitar ballad,9,1,0.4462180733680725,0.44207404057184857,0.02092208464940389,1
B_mutation_rate,"p_mut=0.0,注入なし",gentle acoustic guitar ballad,9,2,0.4462180733680725,0.44607267280419666,0.00047200520833333334,2
B_mutation_rate,"p_mut=0.0,注入なし",gentle acoustic guitar ballad,9,3,0.44629231095314026,0.44627011319001514,0.00011608203252156575,3
B_mutation_rate,"p_mut=0.0,注入なし",gentle acoustic guitar ballad,9,4,0.44629231095314026,0.44629192849000293,1.351038614908854e-07,4
B_mutation_rate,"p_mut=0.0,注入なし",gentle acoustic guitar ballad,9,5,0.44629231095314026,0.4462922066450119,1.5894571940104166e-08,0
B_mutation_rate,"p_mut=0.0,注入なし",gentle acoustic guitar ballad,9,6,0.44629234075546265,0.4462923010190328,-6.357828776041667e-08,0
B_mutation_rate,"p_mut=0.0,注入なし",gentle acoustic guitar ballad,9,7,0.44629234075546265,0.44629230598608655,-1.1920928955078126e-08,1
