comparison,condition,target,trial,generation,max_fitness,mean_fitness,diversity,stagnant_streak
A_init_method,slerp_prompt,tense orchestral strings with brass fanfare,0,0,0.4888002276420593,0.3658389349778493,0.08512573639551799,0
A_init_method,slerp_prompt,tense orchestral strings with brass fanfare,0,1,0.5072715878486633,0.47134288648764294,0.047128065427144365,1
A_init_method,slerp_prompt,tense orchestral strings with brass fanfare,0,2,0.5893511176109314,0.5323712130387624,0.06296592950820923,0
A_init_method,slerp_prompt,tense orchestral strings with brass fanfare,0,3,0.612274706363678,0.5922745764255524,0.08359252214431763,1
A_init_method,slerp_prompt,tense orchestral strings with brass fanfare,0,4,0.6255961656570435,0.613625297943751,0.03345844348271688,0
A_init_method,slerp_prompt,tense orchestral strings with brass fanfare,0,5,0.775907039642334,0.6532957851886749,0.04281341632207235,0
A_init_method,slerp_prompt,tense orchestral strings with brass fanfare,0,6,0.775907039642334,0.7166571418444315,0.04628762404123942,0
A_init_method,slerp_prompt,tense orchestral strings with brass fanfare,0,7,0.7812386155128479,0.7658441166083018,0.03433208068211873,1
A_init_method,slerp_random,tense orchestral strings with brass fanfare,0,0,0.18884596228599548,0.17230641593535742,0.20723065932591755,0
A_init_method,slerp_random,tense orchestral strings with brass fanfare,0,1,0.4010896682739258,0.2541612933079402,0.09319219986597697,0
A_init_method,slerp_random,tense orchestral strings with brass fanfare,0,2,0.5906000137329102,0.40934426089127857,0.124046790599823,0
A_init_method,slerp_random,tense orchestral strings with brass fanfare,0,3,0.7531879544258118,0.5651492228110632,0.09514926274617513,0
A_init_method,slerp_random,tense orchestral strings with brass fanfare,0,4,0.7531879544258118,0.6786409914493561,0.05833053986231486,0
A_init_method,slerp_random,tense orchestral strings with brass fanfare,0,5,0.7835358381271362,0.7396944761276245,0.06956124305725098,1
A_init_method,slerp_random,tense orchestral strings with brass fanfare,0,6,0.8037009835243225,0.7691986958185831,0.01514184872309367,2
A_init_method,slerp_random,tense orchestral strings with brass fanfare,0,7,0.8037009835243225,0.7878455519676208,0.017737372716267904,3
A_init_method,gaussian,tense orchestral strings with brass fanfare,0,0,0.12833793461322784,0.09353579829136531,0.8421468287706375,0
A_init_method,gaussian,tense orchestral strings with brass fanfare,0,1,0.24862094223499298,0.1786993071436882,0.26738732953866323,0
A_init_method,gaussian,tense orchestral strings with brass fanfare,0,2,0.46126270294189453,0.28448590884606045,0.09518098036448161,0
A_init_method,gaussian,tense orchestral strings with brass fanfare,0,3,0.6492090225219727,0.4168883264064789,0.07021679878234863,0
A_init_method,gaussian,tense orchestral strings with brass fanfare,0,4,0.6817957758903503,0.5701416631539663,0.05754711627960205,0
A_init_method,gaussian,tense orchestral strings with brass fanfare,0,5,0.7165991067886353,0.6785420179367065,0.05485254128774007,1
A_init_method,gaussian,tense orchestral strings with brass fanfare,0,6,0.7401248216629028,0.7110199530919393,0.01628579298655192,2
A_init_method,gaussian,tense orchestral strings with brass fanfare,0,7,0.7431573867797852,0.7289984027544657,0.0147950808207194,3
A_init_method,slerp_prompt,tense orchestral strings with brass fanfare,1,0,0.49935275316238403,0.3655712604522705,0.10605513652165731,0
A_init_method,slerp_prompt,tense orchestral strings with brass fanfare,1,1,0.558480978012085,0.5085106442372004,0.06950490474700928,0
A_init_method,slerp_prompt,tense orchestral strings with brass fanfare,1,2,0.7173237204551697,0.6029825409253439,0.06970581213633219,0
A_init_method,slerp_prompt,tense orchestral strings with brass fanfare,1,3,0.7173237204551697,0.6761656006177267,0.03752800226211548,0
A_init_method,slerp_prompt,tense orchestral strings with brass fanfare,1,4,0.77425217628479,0.7239060799280802,0.038287039597829184,0
A_init_method,slerp_prompt,tense orchestral strings with brass fanfare,1,5,0.7743511199951172,0.7275467216968536,0.062302029132843016,1
A_init_method,slerp_prompt,tense orchestral strings with brass fanfare,1,6,0.7783066630363464,0.7496566673119863,0.04055103063583374,2
A_init_method,slerp_prompt,tense orchestral strings with brass fanfare,1,7,0.7783066630363464,0.772509237130483,0.02683680454889933,3
A_init_method,slerp_random,tense orchestral strings with brass fanfare,1,0,0.19802847504615784,0.16424126798907915,0.20968358914057414,0
A_init_method,slerp_random,tense orchestral strings with brass fanfare,1,1,0.2519565522670746,0.2099617396791776,0.11709496180216471,1
A_init_method,slerp_random,tense orchestral strings with brass fanfare,1,2,0.39661353826522827,0.2906576345364253,0.035200730959574385,2
A_init_method,slerp_random,tense orchestral strings with brass fanfare,1,3,0.5883259773254395,0.38712916274865466,0.08038745721181234,0
A_init_method,slerp_random,tense orchestral strings with brass fanfare,1,4,0.5883259773254395,0.509171778957049,0.08501363595326741,0
A_init_method,slerp_random,tense orchestral strings with brass fanfare,1,5,0.7217629551887512,0.5954712927341461,0.05794731378555298,0
A_init_method,slerp_random,tense orchestral strings with brass fanfare,1,6,0.7217629551887512,0.683481345574061,0.060673256715138756,0
A_init_method,slerp_random,tense orchestral strings with brass fanfare,1,7,0.7310663461685181,0.7024979790051779,0.07867471377054851,1
A_init_method,gaussian,tense orchestral strings with brass fanfare,1,0,0.14272849261760712,0.07684267032891512,0.848509693145752,0
A_init_method,gaussian,tense orchestral strings with brass fanfare,1,1,0.18357321619987488,0.15144425133864084,0.269506029287974,1
A_init_method,gaussian,tense orchestral strings with brass fanfare,1,2,0.24977022409439087,0.20406348754962286,0.008899041016896566,2
A_init_method,gaussian,tense orchestral strings with brass fanfare,1,3,0.417123019695282,0.2639734571178754,0.03129294713338216,0
A_init_method,gaussian,tense orchestral strings with brass fanfare,1,4,0.417123019695282,0.3443339417378108,0.03240133921305339,0
A_init_method,gaussian,tense orchestral strings with brass fanfare,1,5,0.585146427154541,0.44896982113520306,0.035713160037994386,0
A_init_method,gaussian,tense orchestral strings with brass fanfare,1,6,0.6369054317474365,0.5461985170841217,0.03841399351755778,0
A_init_method,gaussian,tense orchestral strings with brass fanfare,1,7,0.6369054317474365,0.6084651450316111,0.06402621269226075,1
A_init_method,slerp_prompt,tense orchestral strings with brass fanfare,2,0,0.4810062050819397,0.2975081652402878,0.11122501691182454,0
A_init_method,slerp_prompt,tense orchestral strings with brass fanfare,2,1,0.4810062050819397,0.4278505841890971,0.047788508733113605,0
A_init_method,slerp_prompt,tense orchestral strings with brass fanfare,2,2,0.5605006814002991,0.48984702428181964,0.03430127700169881,0
A_init_method,slerp_prompt,tense orchestral strings with brass fanfare,2,3,0.7063878178596497,0.5757179657618204,0.08308589458465576,0
A_init_method,slerp_prompt,tense orchestral strings with brass fanfare,2,4,0.7063878178596497,0.6598727107048035,0.05541550715764364,0
A_init_method,slerp_prompt,tense orchestral strings with brass fanfare,2,5,0.7272006869316101,0.7062341074148814,0.030956717332204182,0
A_init_method,slerp_prompt,tense orchestral strings with brass fanfare,2,6,0.7351537942886353,0.729297031958898,0.021940763791402182,1
A_init_method,slerp_prompt,tense orchestral strings with brass fanfare,2,7,0.7351744174957275,0.7034148275852203,0.08291014035542806,2
A_init_method,slerp_random,tense orchestral strings with brass fanfare,2,0,0.20909973978996277,0.16808259735504785,0.20864813725153605,0
A_init_method,slerp_random,tense orchestral strings with brass fanfare,2,1,0.536007821559906,0.255712553858757,0.09998223384221396,0
A_init_method,slerp_random,tense orchestral strings with brass fanfare,2,2,0.6689586043357849,0.43234633406003314,0.06705278158187866,0
A_init_method,slerp_random,tense orchestral strings with brass fanfare,2,3,0.6689586043357849,0.6080704033374786,0.09960627555847168,1
A_init_method,slerp_random,tense orchestral strings with brass fanfare,2,4,0.6908184289932251,0.6652496159076691,0.027638697624206544,2
A_init_method,slerp_random,tense orchestral strings with brass fanfare,2,5,0.7400667071342468,0.6973997553189596,0.027556840578715006,3
A_init_method,slerp_random,tense orchestral strings with brass fanfare,2,6,0.8248886466026306,0.7445804079373678,0.014737621943155924,0
A_init_method,slerp_random,tense orchestral strings with brass fanfare,2,7,0.8416153192520142,0.7942804197470347,0.04490006367365519,0
A_init_method,gaussian,tense orchestral strings with brass fanfare,2,0,0.1667085886001587,0.08513609739020467,0.8541709567109744,0
A_init_method,gaussian,tense orchestral strings with brass fanfare,2,1,0.3264652192592621,0.18697680284579596,0.2766662577788035,0
A_init_method,gaussian,tense orchestral strings with brass fanfare,2,2,0.4428409934043884,0.29410625994205475,0.07429269552230836,0
A_init_method,gaussian,tense orchestral strings with brass fanfare,2,3,0.45281338691711426,0.409295121828715,0.05114134152730306,0
A_init_method,gaussian,tense orchestral strings with brass fanfare,2,4,0.4898705780506134,0.45598119000593823,0.06116522153218587,1
A_init_method,gaussian,tense orchestral strings with brass fanfare,2,5,0.5526511669158936,0.5063214202721914,0.015701305866241456,0
A_init_method,gaussian,tense orchestral strings with brass fanfare,2,6,0.7124258875846863,0.5775660971800486,0.021672185262044272,0
A_init_method,gaussian,tense orchestral strings with brass fanfare,2,7,0.8003538250923157,0.6581950684388479,0.050825051466623944,0
A_init_method,slerp_prompt,tense orchestral strings with brass fanfare,3,0,0.38323551416397095,0.2825939978162448,0.1049154281616211,0
A_init_method,slerp_prompt,tense orchestral strings with brass fanfare,3,1,0.38323551416397095,0.3722744385401408,0.028730316956837972,1
A_init_method,slerp_prompt,tense orchestral strings with brass fanfare,3,2,0.5082188844680786,0.4112500498692195,0.03020573059717814,0
A_init_method,slerp_prompt,tense orchestral strings with brass fanfare,3,3,0.5952501893043518,0.5069568604230881,0.04874109029769898,0
A_init_method,slerp_prompt,tense orchestral strings with brass fanfare,3,4,0.6552056074142456,0.5953278442223867,0.048294695218404134,0
A_init_method,slerp_prompt,tense orchestral strings with brass fanfare,3,5,0.8184571862220764,0.6770594120025635,0.04386924902598063,0
A_init_method,slerp_prompt,tense orchestral strings with brass fanfare,3,6,0.8184571862220764,0.7683145900567373,0.028691426912943522,0
A_init_method,slerp_prompt,tense orchestral strings with brass fanfare,3,7,0.8184571862220764,0.8080652356147766,0.048480621973673504,1
A_init_method,slerp_random,tense orchestral strings with brass fanfare,3,0,0.1911056637763977,0.16915426899989447,0.20652950604756673,0
A_init_method,slerp_random,tense orchestral strings with brass fanfare,3,1,0.369693785905838,0.22186351070801416,0.07036406596501668,0
A_init_method,slerp_random,tense orchestral strings with brass fanfare,3,2,0.5081746578216553,0.3261515299479167,0.05237172842025757,0
A_init_method,slerp_random,tense orchestral strings with brass fanfare,3,3,0.746191143989563,0.5002371519804001,0.07220553557078044,0
A_init_method,slerp_random,tense orchestral strings with brass fanfare,3,4,0.8459429740905762,0.672220786412557,0.08103875319163005,0
A_init_method,slerp_random,tense orchestral strings with brass fanfare,3,5,0.8459429740905762,0.8081164161364237,0.06500548124313354,0
A_init_method,slerp_random,tense orchestral strings with brass fanfare,3,6,0.8479695916175842,0.8269491493701935,0.04309347073237101,1
A_init_method,slerp_random,tense orchestral strings with brass fanfare,3,7,0.8575085401535034,0.8412881394227346,0.04597354729970296,2
A_init_method,gaussian,tense orchestral strings with brass fanfare,3,0,0.13427990674972534,0.08480266543726127,0.8359567061066627,0
A_init_method,gaussian,tense orchestral strings with brass fanfare,3,1,0.23407839238643646,0.15844880665342012,0.2438430408636729,0
A_init_method,gaussian,tense orchestral strings with brass fanfare,3,2,0.3595291078090668,0.22937482595443726,0.07423426707585652,0
A_init_method,gaussian,tense orchestral strings with brass fanfare,3,3,0.5750734210014343,0.3463055118918419,0.03534268935521444,0
A_init_method,gaussian,tense orchestral strings with brass fanfare,3,4,0.7696876525878906,0.5165711839993795,0.06324575742085775,0
A_init_method,gaussian,tense orchestral strings with brass fanfare,3,5,0.7696876525878906,0.7027176817258199,0.057561624050140384,0
A_init_method,gaussian,tense orchestral strings with brass fanfare,3,6,0.7696876525878906,0.7471812268098196,0.03757663170496623,1
A_init_method,gaussian,tense orchestral strings with brass fanfare,3,7,0.7815974354743958,0.7721590499083201,0.04142388105392456,0
A_init_method,slerp_prompt,tense orchestral strings with brass fanfare,4,0,0.4147610068321228,0.34268586834271747,0.08309499820073446,0
A_init_method,slerp_prompt,tense orchestral strings with brass fanfare,4,1,0.461029589176178,0.41228266060352325,0.04870341618855794,1
A_init_method,slerp_prompt,tense orchestral strings with brass fanfare,4,2,0.6916660070419312,0.4818909168243408,0.049758819739023845,0
A_init_method,slerp_prompt,tense orchestral strings with brass fanfare,4,3,0.6916660070419312,0.5997974177201589,0.07949366172154744,0
A_init_method,slerp_prompt,tense orchestral strings with brass fanfare,4,4,0.7074865698814392,0.6809385319550832,0.06255432367324829,1
A_init_method,slerp_prompt,tense orchestral strings with brass fanfare,4,5,0.7189817428588867,0.6811394989490509,0.050386130809783936,2
A_init_method,slerp_prompt,tense orchestral strings with brass fanfare,4,6,0.7189817428588867,0.6939872602621714,0.0267846941947937,3
A_init_method,slerp_prompt,tense orchestral strings with brass fanfare,4,7,0.7397186756134033,0.6941988170146942,0.05182807842890422,4
A_init_method,slerp_random,tense orchestral strings with brass fanfare,4,0,0.17090679705142975,0.1433498685558637,0.20201170047124226,0
A_init_method,slerp_random,tense orchestral strings with brass fanfare,4,1,0.2597617506980896,0.19064678500096002,0.10282371838887533,0
A_init_method,slerp_random,tense orchestral strings with brass fanfare,4,2,0.5497803688049316,0.30194846043984097,0.09316755930582682,0
A_init_method,slerp_random,tense orchestral strings with brass fanfare,4,3,0.5769909620285034,0.4655223886171977,0.09515564839045207,0
A_init_method,slerp_random,tense orchestral strings with brass fanfare,4,4,0.5831581950187683,0.5604315400123596,0.09442680676778158,0
A_init_method,slerp_random,tense orchestral strings with brass fanfare,4,5,0.5964584946632385,0.5707991619904836,0.0672273834546407,1
A_init_method,slerp_random,tense orchestral strings with brass fanfare,4,6,0.7926192283630371,0.6266635258992513,0.03400986194610596,0
A_init_method,slerp_random,tense orchestral strings with brass fanfare,4,7,0.8628992438316345,0.7349163889884949,0.053951362768809,0
A_init_method,gaussian,tense orchestral strings with brass fanfare,4,0,0.09573446214199066,0.03646562605475386,0.8169855793317159,0
A_init_method,gaussian,tense orchestral strings with brass fanfare,4,1,0.15492044389247894,0.09693083104987939,0.27479238708813986,0
A_init_method,gaussian,tense orchestral strings with brass fanfare,4,2,0.3602399230003357,0.1786513477563858,0.08734418153762817,0
A_init_method,gaussian,tense orchestral strings with brass fanfare,4,3,0.4717567265033722,0.30598324288924533,0.05449881156285604,0
A_init_method,gaussian,tense orchestral strings with brass fanfare,4,4,0.48700785636901855,0.426860049366951,0.08938200871149699,0
A_init_method,gaussian,tense orchestral strings with brass fanfare,4,5,0.5153296589851379,0.48542065918445587,0.10196791092554729,1
A_init_method,gaussian,tense orchestral strings with brass fanfare,4,6,0.7170227766036987,0.5455010185639063,0.026345400015513103,0
A_init_method,gaussian,tense orchestral strings with brass fanfare,4,7,0.8362530469894409,0.663090705871582,0.05259076754252116,0
A_init_method,slerp_prompt,tense orchestral strings with brass fanfare,5,0,0.38323551416397095,0.2887554466724396,0.09404764970143636,0
A_init_method,slerp_prompt,tense orchestral strings with brass fanfare,5,1,0.711677074432373,0.4426017353932063,0.0652937928835551,0
A_init_method,slerp_prompt,tense orchestral strings with brass fanfare,5,2,0.711677074432373,0.6066889464855194,0.05441171328226725,0
A_init_method,slerp_prompt,tense orchestral strings with brass fanfare,5,3,0.7893286347389221,0.7214519381523132,0.02872325579325358,1
A_init_method,slerp_prompt,tense orchestral strings with brass fanfare,5,4,0.7893286347389221,0.7538566490014394,0.04093206723531087,2
A_init_method,slerp_prompt,tense orchestral strings with brass fanfare,5,5,0.7893286347389221,0.7396820386250814,0.08441845178604127,3
A_init_method,slerp_prompt,tense orchestral strings with brass fanfare,5,6,0.7893286347389221,0.781817356745402,0.030414621035257976,4
A_init_method,slerp_prompt,tense orchestral strings with brass fanfare,5,7,0.8283483386039734,0.793793112039566,0.010420012474060058,5
A_init_method,slerp_random,tense orchestral strings with brass fanfare,5,0,0.19224883615970612,0.1677479731539885,0.20056083997090657,0
A_init_method,slerp_random,tense orchestral strings with brass fanfare,5,1,0.262960284948349,0.21148677170276642,0.08543731371561686,0
A_init_method,slerp_random,tense orchestral strings with brass fanfare,5,2,0.3290124833583832,0.27208468317985535,0.044279030958811444,0
A_init_method,slerp_random,tense orchestral strings with brass fanfare,5,3,0.44542887806892395,0.33993205924828845,0.05372826258341471,0
A_init_method,slerp_random,tense orchestral strings with brass fanfare,5,4,0.44542887806892395,0.41457128524780273,0.07482959826787312,1
A_init_method,slerp_random,tense orchestral strings with brass fanfare,5,5,0.4588734209537506,0.43918679654598236,0.051605220635732016,2
A_init_method,slerp_random,tense orchestral strings with brass fanfare,5,6,0.526702344417572,0.4680917461713155,0.026540954907735188,0
A_init_method,slerp_random,tense orchestral strings with brass fanfare,5,7,0.5639093518257141,0.5186926474173864,0.04150614341100057,0
A_init_method,gaussian,tense orchestral strings with brass fanfare,5,0,0.135101318359375,0.08725587911127757,0.8100187967220942,0
A_init_method,gaussian,tense orchestral strings with brass fanfare,5,1,0.18832148611545563,0.15461519484718642,0.24155814548333485,1
A_init_method,gaussian,tense orchestral strings with brass fanfare,5,2,0.24231912195682526,0.19692586859067282,0.014126161734263102,2
A_init_method,gaussian,tense orchestral strings with brass fanfare,5,3,0.3382808268070221,0.24391578137874603,0.01994354327519735,0
A_init_method,gaussian,tense orchestral strings with brass fanfare,5,4,0.35822242498397827,0.3081216166416804,0.04157560666402181,0
A_init_method,gaussian,tense orchestral strings with brass fanfare,5,5,0.3934027850627899,0.3651375323534012,0.06005433003107707,0
A_init_method,gaussian,tense orchestral strings with brass fanfare,5,6,0.49193018674850464,0.40664642055829364,0.054744946956634524,0
A_init_method,gaussian,tense orchestral strings with brass fanfare,5,7,0.5459575653076172,0.4727153033018112,0.0473792831103007,0
A_init_method,slerp_prompt,tense orchestral strings with brass fanfare,6,0,0.49935275316238403,0.33890411257743835,0.09564616680145263,0
A_init_method,slerp_prompt,tense orchestral strings with brass fanfare,6,1,0.6422306299209595,0.4939592778682709,0.06384590864181519,0
A_init_method,slerp_prompt,tense orchestral strings with brass fanfare,6,2,0.8293559551239014,0.6281117002169291,0.08356058200200399,0
A_init_method,slerp_prompt,tense orchestral strings with brass fanfare,6,3,0.8293559551239014,0.7616639236609141,0.054841419061024986,0
A_init_method,slerp_prompt,tense orchestral strings with brass fanfare,6,4,0.8720182776451111,0.829211433728536,0.03864317337671916,0
A_init_method,slerp_prompt,tense orchestral strings with brass fanfare,6,5,0.8720182776451111,0.8369153936704,0.05777155955632528,1
A_init_method,slerp_prompt,tense orchestral strings with brass fanfare,6,6,0.8843722939491272,0.8713410794734955,0.013358803590138753,2
A_init_method,slerp_prompt,tense orchestral strings with brass fanfare,6,7,0.9003671407699585,0.881048709154129,0.020351131757100422,3
A_init_method,slerp_random,tense orchestral strings with brass fanfare,6,0,0.19493529200553894,0.16810893267393112,0.1985959529876709,0
A_init_method,slerp_random,tense orchestral strings with brass fanfare,6,1,0.44845789670944214,0.25884948422511417,0.09339471260706583,0
A_init_method,slerp_random,tense orchestral strings with brass fanfare,6,2,0.7652265429496765,0.4607936938603719,0.1130735198656718,0
A_init_method,slerp_random,tense orchestral strings with brass fanfare,6,3,0.8209813833236694,0.6667207082112631,0.08173360029856364,0
A_init_method,slerp_random,tense orchestral strings with brass fanfare,6,4,0.8209813833236694,0.7991446753342947,0.032008413473765054,0
A_init_method,slerp_random,tense orchestral strings with brass fanfare,6,5,0.8734763264656067,0.8328889509042104,0.028071971734364827,0
A_init_method,slerp_random,tense orchestral strings with brass fanfare,6,6,0.8938148021697998,0.8683498402436575,0.03487925529479981,0
A_init_method,slerp_random,tense orchestral strings with brass fanfare,6,7,0.9118602275848389,0.8973689079284668,0.02567789951960246,1
A_init_method,gaussian,tense orchestral strings with brass fanfare,6,0,0.1468782275915146,0.08819966204464436,0.8161423643430074,0
A_init_method,gaussian,tense orchestral strings with brass fanfare,6,1,0.2771154046058655,0.19337819268306097,0.25289305647214255,0
A_init_method,gaussian,tense orchestral strings with brass fanfare,6,2,0.5947257876396179,0.32819239298502606,0.11605761845906576,0
A_init_method,gaussian,tense orchestral strings with brass fanfare,6,3,0.7277776598930359,0.4981875816980998,0.06892849206924438,0
A_init_method,gaussian,tense orchestral strings with brass fanfare,6,4,0.7606258392333984,0.682241807381312,0.02925177812576294,0
A_init_method,gaussian,tense orchestral strings with brass fanfare,6,5,0.8462046980857849,0.7658381859461466,0.027345720926920572,0
A_init_method,gaussian,tense orchestral strings with brass fanfare,6,6,0.8713782429695129,0.8228546480337778,0.03251178661982219,0
A_init_method,gaussian,tense orchestral strings with brass fanfare,6,7,0.9015297889709473,0.8739554087320963,0.023329536120096844,1
A_init_method,slerp_prompt,tense orchestral strings with brass fanfare,7,0,0.396906316280365,0.30788127581278485,0.10195709864298502,0
A_init_method,slerp_prompt,tense orchestral strings with brass fanfare,7,1,0.42825376987457275,0.37682731946309406,0.05100860595703125,1
A_init_method,slerp_prompt,tense orchestral strings with brass fanfare,7,2,0.7655983567237854,0.47629356384277344,0.07102627356847127,0
A_init_method,slerp_prompt,tense orchestral strings with brass fanfare,7,3,0.7655983567237854,0.6450112362702688,0.06126197179158529,0
A_init_method,slerp_prompt,tense orchestral strings with brass fanfare,7,4,0.7856617569923401,0.7610894838968912,0.021714067459106444,1
A_init_method,slerp_prompt,tense orchestral strings with brass fanfare,7,5,0.7856617569923401,0.7747055391470591,0.018616501490275064,2
A_init_method,slerp_prompt,tense orchestral strings with brass fanfare,7,6,0.7856617569923401,0.7439011037349701,0.07033071517944336,3
A_init_method,slerp_prompt,tense orchestral strings with brass fanfare,7,7,0.7856617569923401,0.7644146879514059,0.0298113743464152,4
A_init_method,slerp_random,tense orchestral strings with brass fanfare,7,0,0.20679914951324463,0.1706301843126615,0.20253090858459472,0
A_init_method,slerp_random,tense orchestral strings with brass fanfare,7,1,0.6423750519752502,0.28452572723229724,0.12496065696080526,0
A_init_method,slerp_random,tense orchestral strings with brass fanfare,7,2,0.6423750519752502,0.49023543298244476,0.11807745297749837,0
A_init_method,slerp_random,tense orchestral strings with brass fanfare,7,3,0.6797061562538147,0.6204640964667002,0.02226850191752116,0
A_init_method,slerp_random,tense orchestral strings with brass fanfare,7,4,0.7032657861709595,0.6749967734018961,0.03856760263442993,0
A_init_method,slerp_random,tense orchestral strings with brass fanfare,7,5,0.7614201903343201,0.7131251096725464,0.0381290594736735,0
A_init_method,slerp_random,tense orchestral strings with brass fanfare,7,6,0.7614201903343201,0.7057849367459615,0.07861973444620768,1
A_init_method,slerp_random,tense orchestral strings with brass fanfare,7,7,0.7614201903343201,0.7382073203722636,0.030312550067901612,2
A_init_method,gaussian,tense orchestral strings with brass fanfare,7,0,0.16123589873313904,0.08896431637307008,0.8249372000495593,0
A_init_method,gaussian,tense orchestral strings with brass fanfare,7,1,0.40037035942077637,0.19775860756635666,0.27916433413823444,0
A_init_method,gaussian,tense orchestral strings with brass fanfare,7,2,0.4256563186645508,0.33565373222033185,0.10924932559331259,0
A_init_method,gaussian,tense orchestral strings with brass fanfare,7,3,0.5191261768341064,0.4408842275540034,0.055966607729593915,0
A_init_method,gaussian,tense orchestral strings with brass fanfare,7,4,0.5673461556434631,0.5062301754951477,0.05375632445017497,0
A_init_method,gaussian,tense orchestral strings with brass fanfare,7,5,0.6465039849281311,0.5728870630264282,0.0445319135983785,0
A_init_method,gaussian,tense orchestral strings with brass fanfare,7,6,0.6465039849281311,0.590752492348353,0.0733019510904948,1
A_init_method,gaussian,tense orchestral strings with brass fanfare,7,7,0.6465039849281311,0.6211842596530914,0.0201570987701416,2
A_init_method,slerp_prompt,tense orchestral strings with brass fanfare,8,0,0.4567674398422241,0.32679012417793274,0.11284197966257731,0
A_init_method,slerp_prompt,tense orchestral strings with brass fanfare,8,1,0.5048832297325134,0.44072963297367096,0.11486170291900635,1
A_init_method,slerp_prompt,tense orchestral strings with brass fanfare,8,2,0.5404982566833496,0.5010540783405304,0.09112042983373006,0
A_init_method,slerp_prompt,tense orchestral strings with brass fanfare,8,3,0.5855928063392639,0.5385389477014542,0.13494651714960734,1
A_init_method,slerp_prompt,tense orchestral strings with brass fanfare,8,4,0.6151415705680847,0.5841474334398905,0.011860839525858561,2
A_init_method,slerp_prompt,tense orchestral strings with brass fanfare,8,5,0.6743863821029663,0.6166179974873861,0.07851599454879761,0
A_init_method,slerp_prompt,tense orchestral strings with brass fanfare,8,6,0.6863564252853394,0.6701364914576212,0.07088023821512858,0
A_init_method,slerp_prompt,tense orchestral strings with brass fanfare,8,7,0.8305875062942505,0.7132657667001089,0.05036646127700806,0
A_init_method,slerp_random,tense orchestral strings with brass fanfare,8,0,0.17727749049663544,0.16082394371430078,0.20587123235066732,0
A_init_method,slerp_random,tense orchestral strings with brass fanfare,8,1,0.5353198051452637,0.2566389540831248,0.16624060074488323,0
A_init_method,slerp_random,tense orchestral strings with brass fanfare,8,2,0.7661439180374146,0.49582603573799133,0.15018094380696614,0
A_init_method,slerp_random,tense orchestral strings with brass fanfare,8,3,0.7661439180374146,0.6789633135000864,0.09364881912867228,0
A_init_method,slerp_random,tense orchestral strings with brass fanfare,8,4,0.8501987457275391,0.7750366429487864,0.05119795004526774,0
A_init_method,slerp_random,tense orchestral strings with brass fanfare,8,5,0.8501987457275391,0.8103490670522054,0.04602150917053223,1
A_init_method,slerp_random,tense orchestral strings with brass fanfare,8,6,0.8501987457275391,0.8326600988705953,0.0180392583211263,2
A_init_method,slerp_random,tense orchestral strings with brass fanfare,8,7,0.8501987457275391,0.820880651473999,0.056547311941782634,3
A_init_method,gaussian,tense orchestral strings with brass fanfare,8,0,0.11083288490772247,0.07079673185944557,0.8405555739998818,0
A_init_method,gaussian,tense orchestral strings with brass fanfare,8,1,0.3397638201713562,0.16452670097351074,0.256615815560023,0
A_init_method,gaussian,tense orchestral strings with brass fanfare,8,2,0.6308495998382568,0.32851868867874146,0.11642984946568807,0
A_init_method,gaussian,tense orchestral strings with brass fanfare,8,3,0.6851919889450073,0.5214954266945521,0.09327122370402018,0
A_init_method,gaussian,tense orchestral strings with brass fanfare,8,4,0.7865987420082092,0.692658394575119,0.05700898965199788,0
A_init_method,gaussian,tense orchestral strings with brass fanfare,8,5,0.7865987420082092,0.7446494797865549,0.051701172192891436,1
A_init_method,gaussian,tense orchestral strings with brass fanfare,8,6,0.7865987420082092,0.7704130311806997,0.015386263529459635,2
A_init_method,gaussian,tense orchestral strings with brass fanfare,8,7,0.7865987420082092,0.7657181819279989,0.05372079213460287,3
A_init_method,slerp_prompt,tense orchestral strings with brass fanfare,9,0,0.4567674398422241,0.31759556382894516,0.10429312785466512,0
A_init_method,slerp_prompt,tense orchestral strings with brass fanfare,9,1,0.5674261450767517,0.45988815029462177,0.07829720179239909,0
A_init_method,slerp_prompt,tense orchestral strings with brass fanfare,9,2,0.5674261450767517,0.5200868348280588,0.10270362695058187,0
A_init_method,slerp_prompt,tense orchestral strings with brass fanfare,9,3,0.7190913558006287,0.5823582410812378,0.0743024746576945,0
A_init_method,slerp_prompt,tense orchestral strings with brass fanfare,9,4,0.7190913558006287,0.6660246849060059,0.06969520648320517,0
A_init_method,slerp_prompt,tense orchestral strings with brass fanfare,9,5,0.7289683222770691,0.7172516584396362,0.032991325855255126,0
A_init_method,slerp_prompt,tense orchestral strings with brass fanfare,9,6,0.7611981630325317,0.7203699350357056,0.03899162213007609,1
A_init_method,slerp_prompt,tense orchestral strings with brass fanfare,9,7,0.7919281721115112,0.7538071274757385,0.014645918210347494,2
A_init_method,slerp_random,tense orchestral strings with brass fanfare,9,0,0.19854629039764404,0.16422313203414282,0.20689918994903564,0
A_init_method,slerp_random,tense orchestral strings with brass fanfare,9,1,0.7090076208114624,0.2811789611975352,0.1477224588394165,0
A_init_method,slerp_random,tense orchestral strings with brass fanfare,9,2,0.7090076208114624,0.5149067317446073,0.11848131815592448,0
A_init_method,slerp_random,tense orchestral strings with brass fanfare,9,3,0.7380071878433228,0.6784540017445883,0.0770491123199463,0
A_init_method,slerp_random,tense orchestral strings with brass fanfare,9,4,0.7935934662818909,0.7467610041300455,0.06943280299504598,1
A_init_method,slerp_random,tense orchestral strings with brass fanfare,9,5,0.7935934662818909,0.7720606525739034,0.045222795009613036,2
A_init_method,slerp_random,tense orchestral strings with brass fanfare,9,6,0.8330581188201904,0.7953638235727946,0.03325006167093913,0
A_init_method,slerp_random,tense orchestral strings with brass fanfare,9,7,0.8344565033912659,0.80336461464564,0.06076782544453939,1
A_init_method,gaussian,tense orchestral strings with brass fanfare,9,0,0.1526462733745575,0.0800554162512223,0.837171799937884,0
A_init_method,gaussian,tense orchestral strings with brass fanfare,9,1,0.4823562800884247,0.21010947475830713,0.27591423988342284,0
A_init_method,gaussian,tense orchestral strings with brass fanfare,9,2,0.48325616121292114,0.36954862872759503,0.12114871740341186,0
A_init_method,gaussian,tense orchestral strings with brass fanfare,9,3,0.6345595121383667,0.513622502485911,0.07571857770284017,0
A_init_method,gaussian,tense orchestral strings with brass fanfare,9,4,0.6678782105445862,0.6056775947411855,0.0710492491722107,0
A_init_method,gaussian,tense orchestral strings with brass fanfare,9,5,0.678434431552887,0.6667870581150055,0.06940410931905111,1
A_init_method,gaussian,tense orchestral strings with brass fanfare,9,6,0.8130831122398376,0.7007579108079275,0.04271493752797444,0
A_init_method,gaussian,tense orchestral strings with brass fanfare,9,7,0.8130831122398376,0.7481428384780884,0.06761053800582886,1
A_init_method,slerp_prompt,energetic electronic dance music with heavy bass,0,0,0.46884405612945557,0.44949662188688916,0.11672096252441407,0
A_init_method,slerp_prompt,energetic electronic dance music with heavy bass,0,1,0.6263633370399475,0.5013046016295751,0.06534980535507202,0
A_init_method,slerp_prompt,energetic electronic dance music with heavy bass,0,2,0.6263633370399475,0.5576781233151754,0.08792648315429688,0
A_init_method,slerp_prompt,energetic electronic dance music with heavy bass,0,3,0.6263633370399475,0.597594807545344,0.07936325073242187,1
A_init_method,slerp_prompt,energetic electronic dance music with heavy bass,0,4,0.6415836811065674,0.6251835326353709,0.024910016854604086,0
A_init_method,slerp_prompt,energetic electronic dance music with heavy bass,0,5,0.6824766397476196,0.6332500179608663,0.051488359769185386,1
A_init_method,slerp_prompt,energetic electronic dance music with heavy bass,0,6,0.6824766397476196,0.6538734634717306,0.020359106858571372,2
A_init_method,slerp_prompt,energetic electronic dance music with heavy bass,0,7,0.6824766397476196,0.6709983050823212,0.02521730661392212,3
A_init_method,slerp_random,energetic electronic dance music with heavy bass,0,0,0.36814695596694946,0.349509318669637,0.20810890992482503,0
A_init_method,slerp_random,energetic electronic dance music with heavy bass,0,1,0.45734935998916626,0.39027264217535657,0.09736132224400838,0
A_init_method,slerp_random,energetic electronic dance music with heavy bass,0,2,0.45734935998916626,0.43618423740069073,0.06629875500996908,0
A_init_method,slerp_random,energetic electronic dance music with heavy bass,0,3,0.7776787281036377,0.5137118349472681,0.07304235696792602,0
A_init_method,slerp_random,energetic electronic dance music with heavy bass,0,4,0.7910361886024475,0.648430327574412,0.07168286641438802,0
A_init_method,slerp_random,energetic electronic dance music with heavy bass,0,5,0.799296498298645,0.7553992172082266,0.0930955449740092,1
A_init_method,slerp_random,energetic electronic dance music with heavy bass,0,6,0.8215878009796143,0.7919375399748484,0.02271159887313843,2
A_init_method,slerp_random,energetic electronic dance music with heavy bass,0,7,0.8215878009796143,0.7945080697536469,0.03429830471674601,3
A_init_method,gaussian,energetic electronic dance music with heavy bass,0,0,0.19560614228248596,0.14823188384373984,0.8397910932699839,0
A_init_method,gaussian,energetic electronic dance music with heavy bass,0,1,0.28174808621406555,0.23260723799467087,0.27003019750118257,0
A_init_method,gaussian,energetic electronic dance music with heavy bass,0,2,0.3451349437236786,0.2846688504020373,0.06776421070098877,0
A_init_method,gaussian,energetic electronic dance music with heavy bass,0,3,0.6656509041786194,0.3734079599380493,0.05939135154088338,0
A_init_method,gaussian,energetic electronic dance music with heavy bass,0,4,0.7108525633811951,0.5293524811665217,0.05478503704071045,0
A_init_method,gaussian,energetic electronic dance music with heavy bass,0,5,0.7108525633811951,0.6711189051469167,0.07462027867635092,1
A_init_method,gaussian,energetic electronic dance music with heavy bass,0,6,0.7317010164260864,0.7065061032772064,0.023680615425109863,2
A_init_method,gaussian,energetic electronic dance music with heavy bass,0,7,0.7317010164260864,0.7130743563175201,0.022196797529856364,3
A_init_method,slerp_prompt,energetic electronic dance music with heavy bass,1,0,0.5009152889251709,0.4425630768140157,0.09576625029246012,0
A_init_method,slerp_prompt,energetic electronic dance music with heavy bass,1,1,0.7000080347061157,0.5278314749399821,0.03606456518173218,0
A_init_method,slerp_prompt,energetic electronic dance music with heavy bass,1,2,0.7000080347061157,0.5974858999252319,0.08139111995697021,0
A_init_method,slerp_prompt,energetic electronic dance music with heavy bass,1,3,0.7000080347061157,0.6503515839576721,0.06092517375946045,1
A_init_method,slerp_prompt,energetic electronic dance music with heavy bass,1,4,0.7000080347061157,0.6661385893821716,0.07021198670069377,2
A_init_method,slerp_prompt,energetic electronic dance music with heavy bass,1,5,0.7000080347061157,0.6864162186781565,0.01954672336578369,3
A_init_method,slerp_prompt,energetic electronic dance music with heavy bass,1,6,0.7054274082183838,0.6909944514433543,0.028808220227559408,4
A_init_method,slerp_prompt,energetic electronic dance music with heavy bass,1,7,0.731250524520874,0.6796911458174387,0.05692307154337565,5
A_init_method,slerp_random,energetic electronic dance music with heavy bass,1,0,0.3841637372970581,0.3571273535490036,0.21082760492960612,0
A_init_method,slerp_random,energetic electronic dance music with heavy bass,1,1,0.4833720326423645,0.41333521405855816,0.09500934680302937,0
A_init_method,slerp_random,energetic electronic dance music with heavy bass,1,2,0.5008649230003357,0.4774106542269389,0.10618295272191365,0
A_init_method,slerp_random,energetic electronic dance music with heavy bass,1,3,0.5275229811668396,0.4999040563901265,0.11296622355779012,1
A_init_method,slerp_random,energetic electronic dance music with heavy bass,1,4,0.5390505194664001,0.5253425091505051,0.06675132115681966,2
A_init_method,slerp_random,energetic electronic dance music with heavy bass,1,5,0.5390505194664001,0.5356470843156179,0.01961308717727661,3
A_init_method,slerp_random,energetic electronic dance music with heavy bass,1,6,0.5801378488540649,0.5503559708595276,0.05402010281880697,0
A_init_method,slerp_random,energetic electronic dance music with heavy bass,1,7,0.5985230207443237,0.5731946527957916,0.12222126722335816,1
A_init_method,gaussian,energetic electronic dance music with heavy bass,1,0,0.19547098875045776,0.1593561259408792,0.8608757885793845,0
A_init_method,gaussian,energetic electronic dance music with heavy bass,1,1,0.2777199447154999,0.23752339432636896,0.2776439825693766,0
A_init_method,gaussian,energetic electronic dance music with heavy bass,1,2,0.38987183570861816,0.3034989933172862,0.10647499163945516,0
A_init_method,gaussian,energetic electronic dance music with heavy bass,1,3,0.42546194791793823,0.36161379516124725,0.0900433381398519,0
A_init_method,gaussian,energetic electronic dance music with heavy bass,1,4,0.46562108397483826,0.4241478890180588,0.08865387439727783,0
A_init_method,gaussian,energetic electronic dance music with heavy bass,1,5,0.49794086813926697,0.4674262801806132,0.06914581855138142,0
A_init_method,gaussian,energetic electronic dance music with heavy bass,1,6,0.5558679699897766,0.5071983685096105,0.07347443103790283,0
A_init_method,gaussian,energetic electronic dance music with heavy bass,1,7,0.5737919807434082,0.5469824274381002,0.1014539877573649,1
A_init_method,slerp_prompt,energetic electronic dance music with heavy bass,2,0,0.5535728931427002,0.4727862477302551,0.11141374905904135,0
A_init_method,slerp_prompt,energetic electronic dance music with heavy bass,2,1,0.5668831467628479,0.5392099966605505,0.12376571893692016,1
A_init_method,slerp_prompt,energetic electronic dance music with heavy bass,2,2,0.5668831467628479,0.5617452065149943,0.02452926238377889,2
A_init_method,slerp_prompt,energetic electronic dance music with heavy bass,2,3,0.5859155654907227,0.5564848184585571,0.045189122358957924,3
A_init_method,slerp_prompt,energetic electronic dance music with heavy bass,2,4,0.5859155654907227,0.5673544903596243,0.07626027663548787,4
A_init_method,slerp_prompt,energetic electronic dance music with heavy bass,2,5,0.5859155654907227,0.5763313472270966,0.030004600683848064,5
A_init_method,slerp_prompt,energetic electronic dance music with heavy bass,2,6,0.5906040668487549,0.5673567155996958,0.04906809329986572,6
A_init_method,slerp_prompt,energetic electronic dance music with heavy bass,2,7,0.5906040668487549,0.5755707422892252,0.027978829542795815,7
A_init_method,slerp_random,energetic electronic dance music with heavy bass,2,0,0.38408300280570984,0.3637298842271169,0.2098209500312805,0
A_init_method,slerp_random,energetic electronic dance music with heavy bass,2,1,0.443085640668869,0.40131084124247235,0.1705682078997294,1
A_init_method,slerp_random,energetic electronic dance music with heavy bass,2,2,0.48581767082214355,0.4412159522374471,0.04290957848230998,0
A_init_method,slerp_random,energetic electronic dance music with heavy bass,2,3,0.5755386352539062,0.4815833518902461,0.08401702642440796,1
A_init_method,slerp_random,energetic electronic dance music with heavy bass,2,4,0.5755386352539062,0.5294359922409058,0.050138946374257407,2
A_init_method,slerp_random,energetic electronic dance music with heavy bass,2,5,0.6077930927276611,0.5697988470395406,0.04150355259577433,3
A_init_method,slerp_random,energetic electronic dance music with heavy bass,2,6,0.6078112721443176,0.5694873283306757,0.061446404457092284,4
A_init_method,slerp_random,energetic electronic dance music with heavy bass,2,7,0.6132551431655884,0.5999657015005747,0.02630350589752197,5
A_init_method,gaussian,energetic electronic dance music with heavy bass,2,0,0.2217240035533905,0.16858958701292673,0.8410638709863026,0
A_init_method,gaussian,energetic electronic dance music with heavy bass,2,1,0.2800273895263672,0.2512498324116071,0.2939445773760478,0
A_init_method,gaussian,energetic electronic dance music with heavy bass,2,2,0.3472541570663452,0.30761462450027466,0.14750819206237792,0
A_init_method,gaussian,energetic electronic dance music with heavy bass,2,3,0.4077468812465668,0.3517997960249583,0.07305908203125,0
A_init_method,gaussian,energetic electronic dance music with heavy bass,2,4,0.4518145024776459,0.4061205635468165,0.06521964073181152,0
A_init_method,gaussian,energetic electronic dance music with heavy bass,2,5,0.5067796111106873,0.45416854818662006,0.06257649660110473,0
A_init_method,gaussian,energetic electronic dance music with heavy bass,2,6,0.5229393243789673,0.48168259859085083,0.07901176214218139,0
A_init_method,gaussian,energetic electronic dance music with heavy bass,2,7,0.5267643928527832,0.514450341463089,0.021525832017262776,1
A_init_method,slerp_prompt,energetic electronic dance music with heavy bass,3,0,0.6226538419723511,0.4933992177248001,0.08718017339706421,0
A_init_method,slerp_prompt,energetic electronic dance music with heavy bass,3,1,0.6657949686050415,0.5934344828128815,0.045594171682993574,0
A_init_method,slerp_prompt,energetic electronic dance music with heavy bass,3,2,0.6657949686050415,0.6473495662212372,0.06513786315917969,1
A_init_method,slerp_prompt,energetic electronic dance music with heavy bass,3,3,0.6692477464675903,0.6553947230180105,0.0496553381284078,2
A_init_method,slerp_prompt,energetic electronic dance music with heavy bass,3,4,0.7262414693832397,0.664661188920339,0.03779536485671997,3
A_init_method,slerp_prompt,energetic electronic dance music with heavy bass,3,5,0.7262414693832397,0.6801764070987701,0.03986571629842122,4
A_init_method,slerp_prompt,energetic electronic dance music with heavy bass,3,6,0.7262414693832397,0.7005569239457449,0.02829688787460327,5
A_init_method,slerp_prompt,energetic electronic dance music with heavy bass,3,7,0.7613149881362915,0.7174485127131144,0.05073208014170329,6
A_init_method,slerp_random,energetic electronic dance music with heavy bass,3,0,0.3909485936164856,0.3744133561849594,0.20127201477686565,0
A_init_method,slerp_random,energetic electronic dance music with heavy bass,3,1,0.44677260518074036,0.4081495851278305,0.09966807365417481,0
A_init_method,slerp_random,energetic electronic dance music with heavy bass,3,2,0.45207780599594116,0.44144142667452496,0.07679036855697632,1
A_init_method,slerp_random,energetic electronic dance music with heavy bass,3,3,0.4911499321460724,0.45429494480292004,0.047431349754333496,2
A_init_method,slerp_random,energetic electronic dance music with heavy bass,3,4,0.5248958468437195,0.487968976298968,0.04348012208938599,0
A_init_method,slerp_random,energetic electronic dance music with heavy bass,3,5,0.5911491513252258,0.5342164238293966,0.06872554620107015,0
A_init_method,slerp_random,energetic electronic dance music with heavy bass,3,6,0.5911491513252258,0.5630368590354919,0.05409391323725383,0
A_init_method,slerp_random,energetic electronic dance music with heavy bass,3,7,0.5911491513252258,0.5771666765213013,0.0692782203356425,1
A_init_method,gaussian,energetic electronic dance music with heavy bass,3,0,0.24579240381717682,0.20121060560146967,0.8241279020905494,0
A_init_method,gaussian,energetic electronic dance music with heavy bass,3,1,0.30884823203086853,0.27497297525405884,0.27772501707077024,0
A_init_method,gaussian,energetic electronic dance music with heavy bass,3,2,0.37008634209632874,0.3271120836337407,0.11855517228444418,0
A_init_method,gaussian,energetic electronic dance music with heavy bass,3,3,0.3893771171569824,0.370920995871226,0.07223455905914307,0
A_init_method,gaussian,energetic electronic dance music with heavy bass,3,4,0.4534112215042114,0.4092053423325221,0.050737468401590984,0
A_init_method,gaussian,energetic electronic dance music with heavy bass,3,5,0.5490576028823853,0.4591676890850067,0.036831923325856525,0
A_init_method,gaussian,energetic electronic dance music with heavy bass,3,6,0.5490576028823853,0.506998727718989,0.034052813053131105,0
A_init_method,gaussian,energetic electronic dance music with heavy bass,3,7,0.5490576028823853,0.5334556003411611,0.05033651987711588,0
A_init_method,slerp_prompt,energetic electronic dance music with heavy bass,4,0,0.6517051458358765,0.4642820805311203,0.1028085986773173,0
A_init_method,slerp_prompt,energetic electronic dance music with heavy bass,4,1,0.6517051458358765,0.5901921292146047,0.05037020842234294,1
A_init_method,slerp_prompt,energetic electronic dance music with heavy bass,4,2,0.6803178787231445,0.6420145928859711,0.017487943172454834,2
A_init_method,slerp_prompt,energetic electronic dance music with heavy bass,4,3,0.6822178959846497,0.6517388125260671,0.04722765286763509,3
A_init_method,slerp_prompt,energetic electronic dance music with heavy bass,4,4,0.6822178959846497,0.6627040008703867,0.0645337184270223,4
A_init_method,slerp_prompt,energetic electronic dance music with heavy bass,4,5,0.6889620423316956,0.6688451369603475,0.05071988503138224,5
A_init_method,slerp_prompt,energetic electronic dance music with heavy bass,4,6,0.6889620423316956,0.682130366563797,0.01882524092992147,6
A_init_method,slerp_prompt,energetic electronic dance music with heavy bass,4,7,0.6908740401268005,0.6791909138361613,0.039528266588846846,7
A_init_method,slerp_random,energetic electronic dance music with heavy bass,4,0,0.37377724051475525,0.35743413865566254,0.20136109590530396,0
A_init_method,slerp_random,energetic electronic dance music with heavy bass,4,1,0.5164949297904968,0.40423913796742755,0.0817110021909078,0
A_init_method,slerp_random,energetic electronic dance music with heavy bass,4,2,0.5293993949890137,0.4820127834876378,0.04158335129419963,0
A_init_method,slerp_random,energetic electronic dance music with heavy bass,4,3,0.571313202381134,0.5368148982524872,0.038447372118632,0
A_init_method,slerp_random,energetic electronic dance music with heavy bass,4,4,0.571313202381134,0.550980399052302,0.06339123646418253,1
A_init_method,slerp_random,energetic electronic dance music with heavy bass,4,5,0.5722475051879883,0.5587798853715261,0.05372428099314372,2
A_init_method,slerp_random,energetic electronic dance music with heavy bass,4,6,0.5722475051879883,0.550959716240565,0.049299355347951254,3
A_init_method,slerp_random,energetic electronic dance music with heavy bass,4,7,0.5834866166114807,0.5570337176322937,0.0364603598912557,0
A_init_method,gaussian,energetic electronic dance music with heavy bass,4,0,0.20425020158290863,0.16888853907585144,0.8233369201421737,0
A_init_method,gaussian,energetic electronic dance music with heavy bass,4,1,0.3268522024154663,0.24628301709890366,0.24069852630297342,0
A_init_method,gaussian,energetic electronic dance music with heavy bass,4,2,0.3820611834526062,0.319216122229894,0.052796598275502524,0
A_init_method,gaussian,energetic electronic dance music with heavy bass,4,3,0.5050581693649292,0.38752007981141406,0.03917667865753174,0
A_init_method,gaussian,energetic electronic dance music with heavy bass,4,4,0.5050581693649292,0.45426062246163684,0.05731128056844075,0
A_init_method,gaussian,energetic electronic dance music with heavy bass,4,5,0.5126479864120483,0.502726674079895,0.03558227221171061,1
A_init_method,gaussian,energetic electronic dance music with heavy bass,4,6,0.5126479864120483,0.49674544235070545,0.028471899032592774,2
A_init_method,gaussian,energetic electronic dance music with heavy bass,4,7,0.5261557102203369,0.5048950662215551,0.024480724334716798,3
A_init_method,slerp_prompt,energetic electronic dance music with heavy bass,5,0,0.6517051458358765,0.4833185076713562,0.09806950092315674,0
A_init_method,slerp_prompt,energetic electronic dance music with heavy bass,5,1,0.6517051458358765,0.573569267988205,0.052574002742767335,0
A_init_method,slerp_prompt,energetic electronic dance music with heavy bass,5,2,0.6630862951278687,0.6476094722747803,0.044236417611440024,0
A_init_method,slerp_prompt,energetic electronic dance music with heavy bass,5,3,0.8668376207351685,0.69741290807724,0.04566472371419271,0
A_init_method,slerp_prompt,energetic electronic dance music with heavy bass,5,4,0.8668376207351685,0.8014764388402303,0.05364985863367717,0
A_init_method,slerp_prompt,energetic electronic dance music with heavy bass,5,5,0.8668376207351685,0.8321347932020823,0.05176111857096354,1
A_init_method,slerp_prompt,energetic electronic dance music with heavy bass,5,6,0.8668376207351685,0.8441307147343954,0.031378519535064694,2
A_init_method,slerp_prompt,energetic electronic dance music with heavy bass,5,7,0.8871420621871948,0.8673597673575083,0.008949836095174154,3
A_init_method,slerp_random,energetic electronic dance music with heavy bass,5,0,0.3766723573207855,0.3601874113082886,0.20118690331776937,0
A_init_method,slerp_random,energetic electronic dance music with heavy bass,5,1,0.42591631412506104,0.39367900788784027,0.10017002820968628,0
A_init_method,slerp_random,energetic electronic dance music with heavy bass,5,2,0.4496173858642578,0.4336149940888087,0.08172903458277385,0
A_init_method,slerp_random,energetic electronic dance music with heavy bass,5,3,0.48323094844818115,0.4626992841561635,0.05840967893600464,1
A_init_method,slerp_random,energetic electronic dance music with heavy bass,5,4,0.48685166239738464,0.4690490911404292,0.027176491419474282,2
A_init_method,slerp_random,energetic electronic dance music with heavy bass,5,5,0.5131863951683044,0.4927227397759755,0.03575098911921183,0
A_init_method,slerp_random,energetic electronic dance music with heavy bass,5,6,0.5239601731300354,0.5137427151203156,0.03879343668619792,0
A_init_method,slerp_random,energetic electronic dance music with heavy bass,5,7,0.5286499857902527,0.5237214962641398,0.035340277353922527,1
A_init_method,gaussian,energetic electronic dance music with heavy bass,5,0,0.22182154655456543,0.17220904678106308,0.8165595769882202,0
A_init_method,gaussian,energetic electronic dance music with heavy bass,5,1,0.2717916965484619,0.2454941843946775,0.24611023763815562,0
A_init_method,gaussian,energetic electronic dance music with heavy bass,5,2,0.31845223903656006,0.2884043554464976,0.08324296474456787,0
A_init_method,gaussian,energetic electronic dance music with heavy bass,5,3,0.4013739824295044,0.33491019407908124,0.03644609053929647,0
A_init_method,gaussian,energetic electronic dance music with heavy bass,5,4,0.4013739824295044,0.3735618442296982,0.05465313196182251,0
A_init_method,gaussian,energetic electronic dance music with heavy bass,5,5,0.47287875413894653,0.4137738198041916,0.03238887786865234,0
A_init_method,gaussian,energetic electronic dance music with heavy bass,5,6,0.48959118127822876,0.46014415224393207,0.04863949219385783,0
A_init_method,gaussian,energetic electronic dance music with heavy bass,5,7,0.5048650503158569,0.4864777723948161,0.030604962507883707,0
A_init_method,slerp_prompt,energetic electronic dance music with heavy bass,6,0,0.6226538419723511,0.4642862727244695,0.10412966012954712,0
A_init_method,slerp_prompt,energetic electronic dance music with heavy bass,6,1,0.6226538419723511,0.5722453494866689,0.053439092636108396,0
A_init_method,slerp_prompt,energetic electronic dance music with heavy bass,6,2,0.638298749923706,0.6302525699138641,0.061706387996673585,1
A_init_method,slerp_prompt,energetic electronic dance music with heavy bass,6,3,0.6461747884750366,0.6334044635295868,0.019677595297495524,2
A_init_method,slerp_prompt,energetic electronic dance music with heavy bass,6,4,0.6461747884750366,0.5923173973957697,0.10945212046305339,3
A_init_method,slerp_prompt,energetic electronic dance music with heavy bass,6,5,0.6461747884750366,0.6205494304498037,0.1057357390721639,4
A_init_method,slerp_prompt,energetic electronic dance music with heavy bass,6,6,0.6461747884750366,0.6336056093374888,0.06484280427296957,5
A_init_method,slerp_prompt,energetic electronic dance music with heavy bass,6,7,0.6668734550476074,0.644229898850123,0.029953932762145995,0
A_init_method,slerp_random,energetic electronic dance music with heavy bass,6,0,0.4122306704521179,0.36891043186187744,0.2156688133875529,0
A_init_method,slerp_random,energetic electronic dance music with heavy bass,6,1,0.4761846661567688,0.42607568204402924,0.08924163977305094,0
A_init_method,slerp_random,energetic electronic dance music with heavy bass,6,2,0.5091943144798279,0.48709099491437274,0.08261428276697795,0
A_init_method,slerp_random,energetic electronic dance music with heavy bass,6,3,0.535781741142273,0.5178074836730957,0.07208553155263266,0
A_init_method,slerp_random,energetic electronic dance music with heavy bass,6,4,0.5617610812187195,0.5321570485830307,0.06717513799667359,1
A_init_method,slerp_random,energetic electronic dance music with heavy bass,6,5,0.5617610812187195,0.5113332370917002,0.1054122527440389,2
A_init_method,slerp_random,energetic electronic dance music with heavy bass,6,6,0.5757302045822144,0.5532592833042145,0.05238266388575236,3
A_init_method,slerp_random,energetic electronic dance music with heavy bass,6,7,0.787743091583252,0.6021031637986501,0.030913360913594565,0
A_init_method,gaussian,energetic electronic dance music with heavy bass,6,0,0.27396059036254883,0.18128656595945358,0.8627503144244353,0
A_init_method,gaussian,energetic electronic dance music with heavy bass,6,1,0.33243951201438904,0.2845093309879303,0.235108416279157,0
A_init_method,gaussian,energetic electronic dance music with heavy bass,6,2,0.3972663879394531,0.3484688053528468,0.055087773005167644,0
A_init_method,gaussian,energetic electronic dance music with heavy bass,6,3,0.4470849633216858,0.38648296892642975,0.03604834079742432,0
A_init_method,gaussian,energetic electronic dance music with heavy bass,6,4,0.44750648736953735,0.4279027332862218,0.05334301789601644,0
A_init_method,gaussian,energetic electronic dance music with heavy bass,6,5,0.4612308740615845,0.4234944631656011,0.11543967723846435,1
A_init_method,gaussian,energetic electronic dance music with heavy bass,6,6,0.48566997051239014,0.4672741840283076,0.03201088110605876,0
A_init_method,gaussian,energetic electronic dance music with heavy bass,6,7,0.7084709405899048,0.5199807733297348,0.04857122500737508,0
A_init_method,slerp_prompt,energetic electronic dance music with heavy bass,7,0,0.469389945268631,0.4297178089618683,0.11950721343358357,0
A_init_method,slerp_prompt,energetic electronic dance music with heavy bass,7,1,0.5257236957550049,0.48069625596205395,0.07836327552795411,0
A_init_method,slerp_prompt,energetic electronic dance music with heavy bass,7,2,0.5257236957550049,0.4925893743832906,0.09962780475616455,0
A_init_method,slerp_prompt,energetic electronic dance music with heavy bass,7,3,0.538514256477356,0.5252089699109396,0.050720242659250896,1
A_init_method,slerp_prompt,energetic electronic dance music with heavy bass,7,4,0.538514256477356,0.5299773911635081,0.029412619272867837,2
A_init_method,slerp_prompt,energetic electronic dance music with heavy bass,7,5,0.538514256477356,0.5272985398769379,0.06362709204355875,3
A_init_method,slerp_prompt,energetic electronic dance music with heavy bass,7,6,0.538514256477356,0.5258982330560684,0.031609841187795,0
A_init_method,slerp_prompt,energetic electronic dance music with heavy bass,7,7,0.538514256477356,0.5375869770844778,0.012002019087473552,1
A_init_method,slerp_random,energetic electronic dance music with heavy bass,7,0,0.405673086643219,0.36942480007807416,0.20136415163675944,0
A_init_method,slerp_random,energetic electronic dance music with heavy bass,7,1,0.4529149532318115,0.42173004150390625,0.12202627261479695,0
A_init_method,slerp_random,energetic electronic dance music with heavy bass,7,2,0.6548224091529846,0.49233299493789673,0.08328166405359903,0
A_init_method,slerp_random,energetic electronic dance music with heavy bass,7,3,0.6548224091529846,0.5696020027001699,0.10569690465927124,0
A_init_method,slerp_random,energetic electronic dance music with heavy bass,7,4,0.6548224091529846,0.6385602454344431,0.05664222637812297,1
A_init_method,slerp_random,energetic electronic dance music with heavy bass,7,5,0.656084418296814,0.6264103651046753,0.07433343331019084,2
A_init_method,slerp_random,energetic electronic dance music with heavy bass,7,6,0.691720187664032,0.6362528502941132,0.07279420693715413,3
A_init_method,slerp_random,energetic electronic dance music with heavy bass,7,7,0.691720187664032,0.6681260367234548,0.04572904904683431,4
A_init_method,gaussian,energetic electronic dance music with heavy bass,7,0,0.2721274495124817,0.18951339771350226,0.8328648716211319,0
A_init_method,gaussian,energetic electronic dance music with heavy bass,7,1,0.3291049897670746,0.2918155913551648,0.22432605226834615,0
A_init_method,gaussian,energetic electronic dance music with heavy bass,7,2,0.5234782099723816,0.3647473206122716,0.03122390111287435,0
A_init_method,gaussian,energetic electronic dance music with heavy bass,7,3,0.5234782099723816,0.43703726430733997,0.05861531893412272,0
A_init_method,gaussian,energetic electronic dance music with heavy bass,7,4,0.5542808771133423,0.5250462690989176,0.04430261055628459,0
A_init_method,gaussian,energetic electronic dance music with heavy bass,7,5,0.5547251105308533,0.5348134537537893,0.062447675069173175,1
A_init_method,gaussian,energetic electronic dance music with heavy bass,7,6,0.5862358212471008,0.5498107572396597,0.050465222199757895,2
A_init_method,gaussian,energetic electronic dance music with heavy bass,7,7,0.5862358212471008,0.5685829619566599,0.02220089832941691,3
A_init_method,slerp_prompt,energetic electronic dance music with heavy bass,8,0,0.49649712443351746,0.45620285471280414,0.09339842001597086,0
A_init_method,slerp_prompt,energetic electronic dance music with heavy bass,8,1,0.7861610651016235,0.5458728770414988,0.058154662450154625,0
A_init_method,slerp_prompt,energetic electronic dance music with heavy bass,8,2,0.7861610651016235,0.6352805842955908,0.09609615008036296,0
A_init_method,slerp_prompt,energetic electronic dance music with heavy bass,8,3,0.7861610651016235,0.7277374068895975,0.042595311005910234,1
A_init_method,slerp_prompt,energetic electronic dance music with heavy bass,8,4,0.7861610651016235,0.7362174590428671,0.052693748474121095,2
A_init_method,slerp_prompt,energetic electronic dance music with heavy bass,8,5,0.8311727046966553,0.7632804910341898,0.04510657787322998,3
A_init_method,slerp_prompt,energetic electronic dance music with heavy bass,8,6,0.8311727046966553,0.778756856918335,0.050450233618418376,4
A_init_method,slerp_prompt,energetic electronic dance music with heavy bass,8,7,0.8311727046966553,0.8081778387228647,0.026537779966990152,5
A_init_method,slerp_random,energetic electronic dance music with heavy bass,8,0,0.36667364835739136,0.34863292674223584,0.21310505867004395,0
A_init_method,slerp_random,energetic electronic dance music with heavy bass,8,1,0.44032543897628784,0.38294702768325806,0.10428716341654459,0
A_init_method,slerp_random,energetic electronic dance music with heavy bass,8,2,0.4565992057323456,0.4264126618703206,0.14053083260854085,0
A_init_method,slerp_random,energetic electronic dance music with heavy bass,8,3,0.4858650863170624,0.4644213567177455,0.09022532304128011,0
A_init_method,slerp_random,energetic electronic dance music with heavy bass,8,4,0.5479752421379089,0.4891056815783183,0.06780014435450236,1
A_init_method,slerp_random,energetic electronic dance music with heavy bass,8,5,0.5479752421379089,0.5163682401180267,0.021790031592051187,2
A_init_method,slerp_random,energetic electronic dance music with heavy bass,8,6,0.5942147374153137,0.5596057772636414,0.04645604292551676,0
A_init_method,slerp_random,energetic electronic dance music with heavy bass,8,7,0.6039915680885315,0.5913715759913126,0.029925243059794108,1
A_init_method,gaussian,energetic electronic dance music with heavy bass,8,0,0.1711738556623459,0.14038275927305222,0.8554836705327034,0
A_init_method,gaussian,energetic electronic dance music with heavy bass,8,1,0.2840591371059418,0.21105045825242996,0.248729607462883,0
A_init_method,gaussian,energetic electronic dance music with heavy bass,8,2,0.3820886015892029,0.27431981017192203,0.11230456829071045,0
A_init_method,gaussian,energetic electronic dance music with heavy bass,8,3,0.4449452757835388,0.35372531910737354,0.0686277468999227,0
A_init_method,gaussian,energetic electronic dance music with heavy bass,8,4,0.46616125106811523,0.43063313762346905,0.06242303848266602,1
A_init_method,gaussian,energetic electronic dance music with heavy bass,8,5,0.46666204929351807,0.45939906934897107,0.025155083338419596,2
A_init_method,gaussian,energetic electronic dance music with heavy bass,8,6,0.533846914768219,0.4966070204973221,0.046662676334381106,0
A_init_method,gaussian,energetic electronic dance music with heavy bass,8,7,0.5603867769241333,0.5431814392407736,0.058156180381774905,0
A_init_method,slerp_prompt,energetic electronic dance music with heavy bass,9,0,0.6226538419723511,0.5180005927880605,0.07990409930547078,0
A_init_method,slerp_prompt,energetic electronic dance music with heavy bass,9,1,0.6437843441963196,0.5981177886327108,0.08358452320098878,0
A_init_method,slerp_prompt,energetic electronic dance music with heavy bass,9,2,0.6793448328971863,0.6563137670358022,0.0939763069152832,1
A_init_method,slerp_prompt,energetic electronic dance music with heavy bass,9,3,0.6972671747207642,0.6768585741519928,0.04447218974431356,0
A_init_method,slerp_prompt,energetic electronic dance music with heavy bass,9,4,0.7473878860473633,0.7058300177256266,0.05349095662434896,0
A_init_method,slerp_prompt,energetic electronic dance music with heavy bass,9,5,0.7484582662582397,0.7306595245997111,0.04413173198699951,1
A_init_method,slerp_prompt,energetic electronic dance music with heavy bass,9,6,0.7484582662582397,0.7433916529019674,0.021355577309926353,2
A_init_method,slerp_prompt,energetic electronic dance music with heavy bass,9,7,0.7484582662582397,0.7179191013177236,0.043607354164123535,3
A_init_method,slerp_random,energetic electronic dance music with heavy bass,9,0,0.38088205456733704,0.35704035063584644,0.20339983701705933,0
A_init_method,slerp_random,energetic electronic dance music with heavy bass,9,1,0.4628923535346985,0.4000668227672577,0.15277010997136434,0
A_init_method,slerp_random,energetic electronic dance music with heavy bass,9,2,0.4855411648750305,0.45552316308021545,0.13133561213811237,1
A_init_method,slerp_random,energetic electronic dance music with heavy bass,9,3,0.5042527914047241,0.47812414169311523,0.06509877840677897,2
A_init_method,slerp_random,energetic electronic dance music with heavy bass,9,4,0.517006516456604,0.5034147302309672,0.04683072964350383,0
A_init_method,slerp_random,energetic electronic dance music with heavy bass,9,5,0.5279927849769592,0.5210813184579214,0.05087997118631999,0
A_init_method,slerp_random,energetic electronic dance music with heavy bass,9,6,0.5367798805236816,0.5330924590428671,0.03318317333857219,1
A_init_method,slerp_random,energetic electronic dance music with heavy bass,9,7,0.6357612609863281,0.5303624173005422,0.06711422204971314,2
A_init_method,gaussian,energetic electronic dance music with heavy bass,9,0,0.2080957442522049,0.16526219372948012,0.8343302632371584,0
A_init_method,gaussian,energetic electronic dance music with heavy bass,9,1,0.3119351863861084,0.2554515674710274,0.30190988530715307,0
A_init_method,gaussian,energetic electronic dance music with heavy bass,9,2,0.348696231842041,0.3197217533985774,0.11701542536417643,0
A_init_method,gaussian,energetic electronic dance music with heavy bass,9,3,0.3727918267250061,0.35538722078005475,0.051200624306996664,1
A_init_method,gaussian,energetic electronic dance music with heavy bass,9,4,0.440161794424057,0.38522494832674664,0.01722311576207479,0
A_init_method,gaussian,energetic electronic dance music with heavy bass,9,5,0.4703998565673828,0.42183832327524823,0.023834609985351564,0
A_init_method,gaussian,energetic electronic dance music with heavy bass,9,6,0.5107147097587585,0.46434998015562695,0.025897924105326334,0
A_init_method,gaussian,energetic electronic dance music with heavy bass,9,7,0.5820786952972412,0.4922827382882436,0.0662492553393046,1
A_init_method,slerp_prompt,gentle acoustic guitar ballad,0,0,0.39745911955833435,0.31130219995975494,0.11396774053573608,0
A_init_method,slerp_prompt,gentle acoustic guitar ballad,0,1,0.4802633225917816,0.4187992364168167,0.0721675713857015,0
A_init_method,slerp_prompt,gentle acoustic guitar ballad,0,2,0.4802633225917816,0.45210984845956165,0.08455239534378052,0
A_init_method,slerp_prompt,gentle acoustic guitar ballad,0,3,0.49215584993362427,0.4684676378965378,0.056753424803415935,1
A_init_method,slerp_prompt,gentle acoustic guitar ballad,0,4,0.49215584993362427,0.4776369482278824,0.03199387788772583,2
A_init_method,slerp_prompt,gentle acoustic guitar ballad,0,5,0.49389487504959106,0.48006953795750934,0.06890772183736166,3
A_init_method,slerp_prompt,gentle acoustic guitar ballad,0,6,0.4944847822189331,0.48921812574068707,0.0220275084177653,4
A_init_method,slerp_prompt,gentle acoustic guitar ballad,0,7,0.5111294984817505,0.49149855971336365,0.019219636917114258,5
A_init_method,slerp_random,gentle acoustic guitar ballad,0,0,0.2359342873096466,0.21845966825882593,0.20093637704849243,0
A_init_method,slerp_random,gentle acoustic guitar ballad,0,1,0.28956612944602966,0.2563578312595685,0.09155862331390381,0
A_init_method,slerp_random,gentle acoustic guitar ballad,0,2,0.2957838475704193,0.2886386265357335,0.09330785274505615,1
A_init_method,slerp_random,gentle acoustic guitar ballad,0,3,0.3427375257015228,0.29863915344079334,0.06698643366495768,2
A_init_method,slerp_random,gentle acoustic guitar ballad,0,4,0.46851539611816406,0.35004928708076477,0.03363335132598877,0
A_init_method,slerp_random,gentle acoustic guitar ballad,0,5,0.46851539611816406,0.40808942417303723,0.062239432334899904,1
A_init_method,slerp_random,gentle acoustic guitar ballad,0,6,0.5317819714546204,0.46639751891295117,0.0228714386622111,0
A_init_method,slerp_random,gentle acoustic guitar ballad,0,7,0.5367778539657593,0.5124824742476145,0.03320071299870809,0
A_init_method,gaussian,gentle acoustic guitar ballad,0,0,0.15309317409992218,0.11851757019758224,0.815816820661227,0
A_init_method,gaussian,gentle acoustic guitar ballad,0,1,0.2043258547782898,0.18054182082414627,0.23453648289044698,0
A_init_method,gaussian,gentle acoustic guitar ballad,0,2,0.23883089423179626,0.2110339676340421,0.04135958353678385,0
A_init_method,gaussian,gentle acoustic guitar ballad,0,3,0.2606941759586334,0.23499282201131186,0.04858781894048055,0
A_init_method,gaussian,gentle acoustic guitar ballad,0,4,0.3693561851978302,0.2739565496643384,0.03597383101781209,0
A_init_method,gaussian,gentle acoustic guitar ballad,0,5,0.3693561851978302,0.32588698466618854,0.04844090541203817,0
A_init_method,gaussian,gentle acoustic guitar ballad,0,6,0.4492817521095276,0.38278521597385406,0.03579032818476359,0
A_init_method,gaussian,gentle acoustic guitar ballad,0,7,0.49024122953414917,0.43213456869125366,0.022148358821868896,0
A_init_method,slerp_prompt,gentle acoustic guitar ballad,1,0,0.4033348262310028,0.318207452694575,0.09630427360534669,0
A_init_method,slerp_prompt,gentle acoustic guitar ballad,1,1,0.4057898223400116,0.3954583654801051,0.08512173096338908,0
A_init_method,slerp_prompt,gentle acoustic guitar ballad,1,2,0.4359526038169861,0.41532846291859943,0.08844826618830363,1
A_init_method,slerp_prompt,gentle acoustic guitar ballad,1,3,0.5350639820098877,0.45234281818072003,0.05774277846018473,0
A_init_method,slerp_prompt,gentle acoustic guitar ballad,1,4,0.5350639820098877,0.48765843609968823,0.07928975025812784,0
A_init_method,slerp_prompt,gentle acoustic guitar ballad,1,5,0.6146878004074097,0.5433366099993387,0.024194467067718505,0
A_init_method,slerp_prompt,gentle acoustic guitar ballad,1,6,0.6146878004074097,0.5838497579097748,0.07636979023615519,1
A_init_method,slerp_prompt,gentle acoustic guitar ballad,1,7,0.6176266670227051,0.5888513177633286,0.05095001459121704,2
A_init_method,slerp_random,gentle acoustic guitar ballad,1,0,0.23354335129261017,0.20769630869229636,0.2152173082033793,0
A_init_method,slerp_random,gentle acoustic guitar ballad,1,1,0.439563125371933,0.27178655564785004,0.10510971546173095,0
A_init_method,slerp_random,gentle acoustic guitar ballad,1,2,0.439563125371933,0.3701916088660558,0.092497452100118,0
A_init_method,slerp_random,gentle acoustic guitar ballad,1,3,0.4779491722583771,0.44444092611471814,0.07325085798899332,1
A_init_method,slerp_random,gentle acoustic guitar ballad,1,4,0.57246333360672,0.48342327276865643,0.042425294717152916,0
A_init_method,slerp_random,gentle acoustic guitar ballad,1,5,0.57246333360672,0.5368221799532572,0.04663881858189901,0
A_init_method,slerp_random,gentle acoustic guitar ballad,1,6,0.5758280158042908,0.5561251640319824,0.08453301191329957,1
A_init_method,slerp_random,gentle acoustic guitar ballad,1,7,0.5972685813903809,0.5662442942460378,0.04780724048614502,2
A_init_method,gaussian,gentle acoustic guitar ballad,1,0,0.14373978972434998,0.0908912072579066,0.8682450264692306,0
A_init_method,gaussian,gentle acoustic guitar ballad,1,1,0.27478039264678955,0.18272864073514938,0.27135277092456817,0
A_init_method,gaussian,gentle acoustic guitar ballad,1,2,0.3169216811656952,0.25401115665833157,0.09454782406489054,0
A_init_method,gaussian,gentle acoustic guitar ballad,1,3,0.39647024869918823,0.32000746329625446,0.049594569206237796,0
A_init_method,gaussian,gentle acoustic guitar ballad,1,4,0.5022992491722107,0.39411062002182007,0.06458423535029094,0
A_init_method,gaussian,gentle acoustic guitar ballad,1,5,0.5069818496704102,0.4655563235282898,0.039392332235972084,0
A_init_method,gaussian,gentle acoustic guitar ballad,1,6,0.5172708034515381,0.4993416965007782,0.09771893421808879,1
A_init_method,gaussian,gentle acoustic guitar ballad,1,7,0.54986971616745,0.5150306721528372,0.030078581968943276,2
A_init_method,slerp_prompt,gentle acoustic guitar ballad,2,0,0.39745911955833435,0.33572686711947125,0.08216147422790528,0
A_init_method,slerp_prompt,gentle acoustic guitar ballad,2,1,0.39867764711380005,0.39514962832132977,0.0323958953221639,1
A_init_method,slerp_prompt,gentle acoustic guitar ballad,2,2,0.4622180759906769,0.4097302357355754,0.0358556071917216,0
A_init_method,slerp_prompt,gentle acoustic guitar ballad,2,3,0.46905457973480225,0.4443623075882594,0.038063859939575194,0
A_init_method,slerp_prompt,gentle acoustic guitar ballad,2,4,0.5851367115974426,0.4884803096453349,0.0677254319190979,0
A_init_method,slerp_prompt,gentle acoustic guitar ballad,2,5,0.5851367115974426,0.523140087723732,0.102577805519104,0
A_init_method,slerp_prompt,gentle acoustic guitar ballad,2,6,0.6242322325706482,0.5913674632708231,0.027726292610168457,0
A_init_method,slerp_prompt,gentle acoustic guitar ballad,2,7,0.6313081979751587,0.6121072073777517,0.03134089310963949,1
A_init_method,slerp_random,gentle acoustic guitar ballad,2,0,0.22313854098320007,0.2064646308620771,0.20484812259674073,0
A_init_method,slerp_random,gentle acoustic guitar ballad,2,1,0.36035627126693726,0.2509898493687312,0.07788757085800171,0
A_init_method,slerp_random,gentle acoustic guitar ballad,2,2,0.4575290083885193,0.3310103689630826,0.08268794218699137,0
A_init_method,slerp_random,gentle acoustic guitar ballad,2,3,0.571336030960083,0.4432320048411687,0.07084994713465373,0
A_init_method,slerp_random,gentle acoustic guitar ballad,2,4,0.571336030960083,0.5232548813025156,0.07314387559890748,0
A_init_method,slerp_random,gentle acoustic guitar ballad,2,5,0.571336030960083,0.5439233233531316,0.07008239030838012,1
A_init_method,slerp_random,gentle acoustic guitar ballad,2,6,0.571336030960083,0.559171994527181,0.02968927224477132,2
A_init_method,slerp_random,gentle acoustic guitar ballad,2,7,0.5898692607879639,0.5769747694333395,0.016079874833424886,0
A_init_method,gaussian,gentle acoustic guitar ballad,2,0,0.12215711921453476,0.09120550503333409,0.8425616030891736,0
A_init_method,gaussian,gentle acoustic guitar ballad,2,1,0.22047902643680573,0.15413390596707663,0.2544164399305979,0
A_init_method,gaussian,gentle acoustic guitar ballad,2,2,0.33409541845321655,0.22008012235164642,0.08237683375676473,0
A_init_method,gaussian,gentle acoustic guitar ballad,2,3,0.45258426666259766,0.30513691653807956,0.038682949542999265,0
A_init_method,gaussian,gentle acoustic guitar ballad,2,4,0.45862576365470886,0.4106248964866002,0.04802625179290772,0
A_init_method,gaussian,gentle acoustic guitar ballad,2,5,0.46577537059783936,0.4528689881165822,0.08348775307337443,1
A_init_method,gaussian,gentle acoustic guitar ballad,2,6,0.4658234119415283,0.46189115444819134,0.020316906770070395,2
A_init_method,gaussian,gentle acoustic guitar ballad,2,7,0.5066546201705933,0.4784655918677648,0.010588069756825766,3
A_init_method,slerp_prompt,gentle acoustic guitar ballad,3,0,0.40718117356300354,0.3447994440793991,0.10235228141148885,0
A_init_method,slerp_prompt,gentle acoustic guitar ballad,3,1,0.425695538520813,0.41264397899309796,0.04284528891245524,0
A_init_method,slerp_prompt,gentle acoustic guitar ballad,3,2,0.4496762156486511,0.42454010248184204,0.08398599624633789,1
A_init_method,slerp_prompt,gentle acoustic guitar ballad,3,3,0.4496762156486511,0.4398985505104065,0.023176908493041992,2
A_init_method,slerp_prompt,gentle acoustic guitar ballad,3,4,0.48010846972465515,0.4522654314835866,0.017636239528656006,0
A_init_method,slerp_prompt,gentle acoustic guitar ballad,3,5,0.5377188920974731,0.48572057485580444,0.03719294468561808,0
A_init_method,slerp_prompt,gentle acoustic guitar ballad,3,6,0.5761520266532898,0.5372673869132996,0.03601766029993693,0
A_init_method,slerp_prompt,gentle acoustic guitar ballad,3,7,0.5915141105651855,0.5596716900666555,0.045974111557006835,0
A_init_method,slerp_random,gentle acoustic guitar ballad,3,0,0.2451939582824707,0.22475138554970422,0.19969871838887532,0
A_init_method,slerp_random,gentle acoustic guitar ballad,3,1,0.34408220648765564,0.26356130093336105,0.0912345806757609,0
A_init_method,slerp_random,gentle acoustic guitar ballad,3,2,0.34408220648765564,0.3132414221763611,0.1333205501238505,0
A_init_method,slerp_random,gentle acoustic guitar ballad,3,3,0.3644232153892517,0.35076922674973804,0.08171672026316325,1
A_init_method,slerp_random,gentle acoustic guitar ballad,3,4,0.4167468845844269,0.37298889458179474,0.03401511510213216,0
A_init_method,slerp_random,gentle acoustic guitar ballad,3,5,0.42291033267974854,0.4028505136569341,0.04091041882832845,0
A_init_method,slerp_random,gentle acoustic guitar ballad,3,6,0.5036988854408264,0.4378112703561783,0.05910994609196981,0
A_init_method,slerp_random,gentle acoustic guitar ballad,3,7,0.5710681676864624,0.47975290815035504,0.08736398617426554,0
A_init_method,gaussian,gentle acoustic guitar ballad,3,0,0.16301730275154114,0.12728058422605196,0.8202733208735784,0
A_init_method,gaussian,gentle acoustic guitar ballad,3,1,0.22316062450408936,0.19087890287240347,0.265817133585612,0
A_init_method,gaussian,gentle acoustic guitar ballad,3,2,0.2854575216770172,0.23167968293031058,0.08710586229960124,0
A_init_method,gaussian,gentle acoustic guitar ballad,3,3,0.2909645438194275,0.2657198409239451,0.06440871556599935,0
A_init_method,gaussian,gentle acoustic guitar ballad,3,4,0.37459105253219604,0.30393393337726593,0.035898590087890626,0
A_init_method,gaussian,gentle acoustic guitar ballad,3,5,0.3834886848926544,0.3471607565879822,0.036409389972686765,0
A_init_method,gaussian,gentle acoustic guitar ballad,3,6,0.47904881834983826,0.3979395031929016,0.043383657932281494,0
A_init_method,gaussian,gentle acoustic guitar ballad,3,7,0.5619175434112549,0.4457811862230301,0.07285630702972412,0
A_init_method,slerp_prompt,gentle acoustic guitar ballad,4,0,0.37324175238609314,0.31317882736523944,0.06797348260879517,0
A_init_method,slerp_prompt,gentle acoustic guitar ballad,4,1,0.38875865936279297,0.36877431472142536,0.06890203555425008,1
A_init_method,slerp_prompt,gentle acoustic guitar ballad,4,2,0.43911391496658325,0.38235773146152496,0.0969209353129069,2
A_init_method,slerp_prompt,gentle acoustic guitar ballad,4,3,0.43911391496658325,0.41569430629412335,0.040038883686065674,3
A_init_method,slerp_prompt,gentle acoustic guitar ballad,4,4,0.5188686847686768,0.45126435657342273,0.023359409968058267,0
A_init_method,slerp_prompt,gentle acoustic guitar ballad,4,5,0.5188686847686768,0.4818050314982732,0.06609554290771484,1
A_init_method,slerp_prompt,gentle acoustic guitar ballad,4,6,0.5287799835205078,0.5088114390770594,0.033661389350891115,2
A_init_method,slerp_prompt,gentle acoustic guitar ballad,4,7,0.5287799835205078,0.5151974558830261,0.0493086576461792,3
A_init_method,slerp_random,gentle acoustic guitar ballad,4,0,0.22813500463962555,0.207823745906353,0.2007269263267517,0
A_init_method,slerp_random,gentle acoustic guitar ballad,4,1,0.3104240596294403,0.2521543577313423,0.11144365866978963,0
A_init_method,slerp_random,gentle acoustic guitar ballad,4,2,0.46152162551879883,0.3251336912314097,0.13619192043940226,0
A_init_method,slerp_random,gentle acoustic guitar ballad,4,3,0.4864337146282196,0.42473988731702167,0.09120004574457805,0
A_init_method,slerp_random,gentle acoustic guitar ballad,4,4,0.49522504210472107,0.478731503089269,0.01455906629562378,1
A_init_method,slerp_random,gentle acoustic guitar ballad,4,5,0.5748517513275146,0.5054076115290324,0.050655686855316163,0
A_init_method,slerp_random,gentle acoustic guitar ballad,4,6,0.5748517513275146,0.5401410162448883,0.06607862710952758,1
A_init_method,slerp_random,gentle acoustic guitar ballad,4,7,0.5791510343551636,0.5558323413133621,0.05056486129760742,2
A_init_method,gaussian,gentle acoustic guitar ballad,4,0,0.14281170070171356,0.09570704276363055,0.8209432274103164,0
A_init_method,gaussian,gentle acoustic guitar ballad,4,1,0.22106987237930298,0.1704630640645822,0.2481963723897934,0
A_init_method,gaussian,gentle acoustic guitar ballad,4,2,0.39118853211402893,0.24170622726281485,0.11020313103993734,0
A_init_method,gaussian,gentle acoustic guitar ballad,4,3,0.41334834694862366,0.33755606909592945,0.079292098681132,0
A_init_method,gaussian,gentle acoustic guitar ballad,4,4,0.4501239061355591,0.4130706787109375,0.024815877278645832,0
A_init_method,gaussian,gentle acoustic guitar ballad,4,5,0.5460492372512817,0.4526713291803996,0.044747006893157956,0
A_init_method,gaussian,gentle acoustic guitar ballad,4,6,0.5460492372512817,0.5057965566714605,0.05999231735865275,1
A_init_method,gaussian,gentle acoustic guitar ballad,4,7,0.5462197065353394,0.5269992599884669,0.04437404076258342,2
A_init_method,slerp_prompt,gentle acoustic guitar ballad,5,0,0.3160521388053894,0.285370593269666,0.09042514562606811,0
A_init_method,slerp_prompt,gentle acoustic guitar ballad,5,1,0.36989787220954895,0.32884130875269574,0.039084951082865395,0
A_init_method,slerp_prompt,gentle acoustic guitar ballad,5,2,0.3727104961872101,0.36567728221416473,0.06164032220840454,0
A_init_method,slerp_prompt,gentle acoustic guitar ballad,5,3,0.3763670027256012,0.36977411309878033,0.06116997798283895,1
A_init_method,slerp_prompt,gentle acoustic guitar ballad,5,4,0.46434319019317627,0.39178307354450226,0.05988254547119141,0
A_init_method,slerp_prompt,gentle acoustic guitar ballad,5,5,0.4859049916267395,0.44197983543078107,0.07005802392959595,0
A_init_method,slerp_prompt,gentle acoustic guitar ballad,5,6,0.4859049916267395,0.46500808993975323,0.04964730739593506,1
A_init_method,slerp_prompt,gentle acoustic guitar ballad,5,7,0.48859235644340515,0.4706505437692006,0.040228768189748125,2
A_init_method,slerp_random,gentle acoustic guitar ballad,5,0,0.21581344306468964,0.19702747712532678,0.20059559345245362,0
A_init_method,slerp_random,gentle acoustic guitar ballad,5,1,0.2964186668395996,0.2342184657851855,0.10582857131958008,0
A_init_method,slerp_random,gentle acoustic guitar ballad,5,2,0.2964186668395996,0.2770441522200902,0.09267092943191528,0
A_init_method,slerp_random,gentle acoustic guitar ballad,5,3,0.47088000178337097,0.3226841340462367,0.055287623405456544,0
A_init_method,slerp_random,gentle acoustic guitar ballad,5,4,0.47088000178337097,0.39968790113925934,0.10668286085128784,0
A_init_method,slerp_random,gentle acoustic guitar ballad,5,5,0.5426557660102844,0.47342943648497265,0.04383180936177571,0
A_init_method,slerp_random,gentle acoustic guitar ballad,5,6,0.5426557660102844,0.5045145948727926,0.08500845432281494,1
A_init_method,slerp_random,gentle acoustic guitar ballad,5,7,0.5715442299842834,0.524078756570816,0.05183722972869873,2
A_init_method,gaussian,gentle acoustic guitar ballad,5,0,0.1105027049779892,0.07527407010396321,0.8202633867661159,0
A_init_method,gaussian,gentle acoustic guitar ballad,5,1,0.16942048072814941,0.13510960588852564,0.26783857544263207,0
A_init_method,gaussian,gentle acoustic guitar ballad,5,2,0.2259049415588379,0.1778131996591886,0.12429010470708211,0
A_init_method,gaussian,gentle acoustic guitar ballad,5,3,0.39225953817367554,0.23239215711752573,0.08123339811960856,0
A_init_method,gaussian,gentle acoustic guitar ballad,5,4,0.39225953817367554,0.32688649495442706,0.08257772922515869,0
A_init_method,gaussian,gentle acoustic guitar ballad,5,5,0.502875566482544,0.39639752606550854,0.03983555634816487,0
A_init_method,gaussian,gentle acoustic guitar ballad,5,6,0.502875566482544,0.4501805206139882,0.07414230902989706,0
A_init_method,gaussian,gentle acoustic guitar ballad,5,7,0.5512468814849854,0.4936079184214274,0.06401071945826213,1
A_init_method,slerp_prompt,gentle acoustic guitar ballad,6,0,0.40718117356300354,0.34154412647088367,0.09521247148513794,0
A_init_method,slerp_prompt,gentle acoustic guitar ballad,6,1,0.4133918583393097,0.40511682629585266,0.08270998001098633,1
A_init_method,slerp_prompt,gentle acoustic guitar ballad,6,2,0.5163328051567078,0.4407295733690262,0.037838518619537354,0
A_init_method,slerp_prompt,gentle acoustic guitar ballad,6,3,0.6181547045707703,0.5107528020938238,0.04742669264475505,0
A_init_method,slerp_prompt,gentle acoustic guitar ballad,6,4,0.6181547045707703,0.5789885222911835,0.050295825799306235,0
A_init_method,slerp_prompt,gentle acoustic guitar ballad,6,5,0.6181547045707703,0.5953791240851084,0.04269697666168213,1
A_init_method,slerp_prompt,gentle acoustic guitar ballad,6,6,0.626689076423645,0.5981565018494924,0.05479011535644531,2
A_init_method,slerp_prompt,gentle acoustic guitar ballad,6,7,0.6386899352073669,0.6240193943182627,0.029045295715332032,0
A_init_method,slerp_random,gentle acoustic guitar ballad,6,0,0.22772593796253204,0.2113202065229416,0.20982297658920288,0
A_init_method,slerp_random,gentle acoustic guitar ballad,6,1,0.4485594630241394,0.2703317056099574,0.11890535751978557,0
A_init_method,slerp_random,gentle acoustic guitar ballad,6,2,0.5617805123329163,0.4056527614593506,0.09543836116790771,0
A_init_method,slerp_random,gentle acoustic guitar ballad,6,3,0.6244378089904785,0.5275805791219076,0.06916380325953166,0
A_init_method,slerp_random,gentle acoustic guitar ballad,6,4,0.6257577538490295,0.5900940795739492,0.0955713669459025,0
A_init_method,slerp_random,gentle acoustic guitar ballad,6,5,0.6302141547203064,0.6167270938555399,0.05386176904042562,1
A_init_method,slerp_random,gentle acoustic guitar ballad,6,6,0.6347262859344482,0.6311006744702657,0.023149494330088297,0
A_init_method,slerp_random,gentle acoustic guitar ballad,6,7,0.6424045562744141,0.6129151185353597,0.06047515471776326,1
A_init_method,gaussian,gentle acoustic guitar ballad,6,0,0.1334170401096344,0.10127000076075394,0.8488889994720618,0
A_init_method,gaussian,gentle acoustic guitar ballad,6,1,0.27273428440093994,0.17821026841799417,0.2728292008241018,0
A_init_method,gaussian,gentle acoustic guitar ballad,6,2,0.4088050127029419,0.2708566188812256,0.09288961092631022,0
A_init_method,gaussian,gentle acoustic guitar ballad,6,3,0.5227985978126526,0.3675100157658259,0.04512019554773967,0
A_init_method,gaussian,gentle acoustic guitar ballad,6,4,0.5227985978126526,0.47984953224658966,0.07232943773269654,0
A_init_method,gaussian,gentle acoustic guitar ballad,6,5,0.5361317992210388,0.5186318755149841,0.037242952982584634,0
A_init_method,gaussian,gentle acoustic guitar ballad,6,6,0.6188213229179382,0.5521531502405802,0.06170572837193807,0
A_init_method,gaussian,gentle acoustic guitar ballad,6,7,0.6188213229179382,0.5785592546065649,0.0674924373626709,0
A_init_method,slerp_prompt,gentle acoustic guitar ballad,7,0,0.38798579573631287,0.32670943439006805,0.07910460631052653,0
A_init_method,slerp_prompt,gentle acoustic guitar ballad,7,1,0.4119012653827667,0.3775952806075414,0.07514437437057495,1
A_init_method,slerp_prompt,gentle acoustic guitar ballad,7,2,0.45161157846450806,0.40620318055152893,0.03283678690592448,2
A_init_method,slerp_prompt,gentle acoustic guitar ballad,7,3,0.45161157846450806,0.43484999736150104,0.059434247016906736,3
A_init_method,slerp_prompt,gentle acoustic guitar ballad,7,4,0.5037358999252319,0.4589333236217499,0.03905691703160604,4
A_init_method,slerp_prompt,gentle acoustic guitar ballad,7,5,0.5037358999252319,0.47891686856746674,0.022278499603271485,0
A_init_method,slerp_prompt,gentle acoustic guitar ballad,7,6,0.5443374514579773,0.5056629081567129,0.045713011423746744,0
A_init_method,slerp_prompt,gentle acoustic guitar ballad,7,7,0.5505760908126831,0.52706907192866,0.05909169514973958,1
A_init_method,slerp_random,gentle acoustic guitar ballad,7,0,0.22082041203975677,0.19657441476980844,0.20465271472930907,0
A_init_method,slerp_random,gentle acoustic guitar ballad,7,1,0.3329733610153198,0.24933543304602304,0.10671184460322063,0
A_init_method,slerp_random,gentle acoustic guitar ballad,7,2,0.3828299939632416,0.3254832873741786,0.08844415346781413,0
A_init_method,slerp_random,gentle acoustic guitar ballad,7,3,0.5289138555526733,0.3981983810663223,0.10968487660090129,0
A_init_method,slerp_random,gentle acoustic guitar ballad,7,4,0.5289138555526733,0.4760657201210658,0.10007462898890178,0
A_init_method,slerp_random,gentle acoustic guitar ballad,7,5,0.5289138555526733,0.515385498603185,0.031775907675425215,1
A_init_method,slerp_random,gentle acoustic guitar ballad,7,6,0.5290062427520752,0.5138501524925232,0.04229898452758789,2
A_init_method,slerp_random,gentle acoustic guitar ballad,7,7,0.5316329002380371,0.5158215314149857,0.04473946889241536,3
A_init_method,gaussian,gentle acoustic guitar ballad,7,0,0.12249530851840973,0.06952065803731482,0.8329133744041125,0
A_init_method,gaussian,gentle acoustic guitar ballad,7,1,0.24537105858325958,0.15660313020149866,0.2762151837348938,0
A_init_method,gaussian,gentle acoustic guitar ballad,7,2,0.3128542900085449,0.2338191494345665,0.1141905148824056,0
A_init_method,gaussian,gentle acoustic guitar ballad,7,3,0.48126357793807983,0.3222637052337329,0.07558980385462442,0
A_init_method,gaussian,gentle acoustic guitar ballad,7,4,0.48126357793807983,0.4121488680442174,0.08243361711502076,0
A_init_method,gaussian,gentle acoustic guitar ballad,7,5,0.4917086064815521,0.48026107251644135,0.03736016352971395,1
A_init_method,gaussian,gentle acoustic guitar ballad,7,6,0.4917086064815521,0.47984546919663745,0.03393526871999105,2
A_init_method,gaussian,gentle acoustic guitar ballad,7,7,0.49933093786239624,0.4823213815689087,0.0335982084274292,3
A_init_method,slerp_prompt,gentle acoustic guitar ballad,8,0,0.40718117356300354,0.3129022568464279,0.07576602697372437,0
A_init_method,slerp_prompt,gentle acoustic guitar ballad,8,1,0.40718117356300354,0.3926359365383784,0.06833659013112386,0
A_init_method,slerp_prompt,gentle acoustic guitar ballad,8,2,0.4397319555282593,0.4170196106036504,0.06539198557535807,1
A_init_method,slerp_prompt,gentle acoustic guitar ballad,8,3,0.4397319555282593,0.41677895188331604,0.04048394759496053,2
A_init_method,slerp_prompt,gentle acoustic guitar ballad,8,4,0.4397319555282593,0.4297666996717453,0.092472775777181,3
A_init_method,slerp_prompt,gentle acoustic guitar ballad,8,5,0.4952850639820099,0.4557589540878932,0.027021865049997967,0
A_init_method,slerp_prompt,gentle acoustic guitar ballad,8,6,0.5347192883491516,0.5014218091964722,0.03806730111440023,0
A_init_method,slerp_prompt,gentle acoustic guitar ballad,8,7,0.5347192883491516,0.509029303987821,0.06943244139353434,1
A_init_method,slerp_random,gentle acoustic guitar ballad,8,0,0.22592033445835114,0.21211078763008118,0.20903493960698447,0
A_init_method,slerp_random,gentle acoustic guitar ballad,8,1,0.3150685429573059,0.2431777243812879,0.11613241831461589,0
A_init_method,slerp_random,gentle acoustic guitar ballad,8,2,0.4692069888114929,0.3209014634291331,0.08086953560511272,0
A_init_method,slerp_random,gentle acoustic guitar ballad,8,3,0.4692069888114929,0.4069206615289052,0.07034952243169149,0
A_init_method,slerp_random,gentle acoustic guitar ballad,8,4,0.4692069888114929,0.4425460646549861,0.07652425368626913,1
A_init_method,slerp_random,gentle acoustic guitar ballad,8,5,0.5558872222900391,0.479021484653155,0.03273627758026123,0
A_init_method,slerp_random,gentle acoustic guitar ballad,8,6,0.5558872222900391,0.5144880612691244,0.04128046830495199,1
A_init_method,slerp_random,gentle acoustic guitar ballad,8,7,0.6064661145210266,0.5513722896575928,0.050556623935699464,0
A_init_method,gaussian,gentle acoustic guitar ballad,8,0,0.11805345118045807,0.10025184849898021,0.8416897743940354,0
A_init_method,gaussian,gentle acoustic guitar ballad,8,1,0.20593228936195374,0.14546252166231474,0.2911072075366974,0
A_init_method,gaussian,gentle acoustic guitar ballad,8,2,0.32770973443984985,0.21103861927986145,0.0732207457224528,0
A_init_method,gaussian,gentle acoustic guitar ballad,8,3,0.32770973443984985,0.28639038900534314,0.0423268715540568,0
A_init_method,gaussian,gentle acoustic guitar ballad,8,4,0.328858882188797,0.3242216557264328,0.07356340090433756,1
A_init_method,gaussian,gentle acoustic guitar ballad,8,5,0.4356040954589844,0.3489270508289337,0.01896291176478068,0
A_init_method,gaussian,gentle acoustic guitar ballad,8,6,0.4356040954589844,0.3946746637423833,0.026230915387471517,0
A_init_method,gaussian,gentle acoustic guitar ballad,8,7,0.5459238886833191,0.4532868762811025,0.04481190045674642,0
A_init_method,slerp_prompt,gentle acoustic guitar ballad,9,0,0.40718117356300354,0.3366570820411046,0.09015876054763794,0
A_init_method,slerp_prompt,gentle acoustic guitar ballad,9,1,0.4135877788066864,0.40874330699443817,0.07735252380371094,1
A_init_method,slerp_prompt,gentle acoustic guitar ballad,9,2,0.517467200756073,0.4304419805606206,0.03532490332921346,0
A_init_method,slerp_prompt,gentle acoustic guitar ballad,9,3,0.565117597579956,0.49143414199352264,0.0517314354578654,0
A_init_method,slerp_prompt,gentle acoustic guitar ballad,9,4,0.5659899711608887,0.5430117150147756,0.07696771621704102,1
A_init_method,slerp_prompt,gentle acoustic guitar ballad,9,5,0.577849268913269,0.5620582302411398,0.05452357133229573,2
A_init_method,slerp_prompt,gentle acoustic guitar ballad,9,6,0.5962551832199097,0.5809810856978098,0.034807852904001874,3
A_init_method,slerp_prompt,gentle acoustic guitar ballad,9,7,0.5962551832199097,0.583098957935969,0.02790908416112264,4
A_init_method,slerp_random,gentle acoustic guitar ballad,9,0,0.24495093524456024,0.22266757984956106,0.20239684581756592,0
A_init_method,slerp_random,gentle acoustic guitar ballad,9,1,0.38636666536331177,0.27379334221283597,0.09293320178985595,0
A_init_method,slerp_random,gentle acoustic guitar ballad,9,2,0.42063063383102417,0.34009236594041187,0.06077093680699666,0
A_init_method,slerp_random,gentle acoustic guitar ballad,9,3,0.5442321300506592,0.43299393355846405,0.0591506838798523,0
A_init_method,slerp_random,gentle acoustic guitar ballad,9,4,0.5836302638053894,0.5049443542957306,0.08060651222864787,0
A_init_method,slerp_random,gentle acoustic guitar ballad,9,5,0.5937818288803101,0.5665205717086792,0.08302539189656576,0
A_init_method,slerp_random,gentle acoustic guitar ballad,9,6,0.5972446799278259,0.5914399723211924,0.042693666617075604,0
A_init_method,slerp_random,gentle acoustic guitar ballad,9,7,0.6202816367149353,0.6081652343273163,0.0549357811609904,0
A_init_method,gaussian,gentle acoustic guitar ballad,9,0,0.17327553033828735,0.12482714653015137,0.8264880170424779,0
A_init_method,gaussian,gentle acoustic guitar ballad,9,1,0.27043336629867554,0.20900693535804749,0.26445022523403167,0
A_init_method,gaussian,gentle acoustic guitar ballad,9,2,0.3357779383659363,0.2622121224800746,0.06574374437332153,0
A_init_method,gaussian,gentle acoustic guitar ballad,9,3,0.44068047404289246,0.3295549750328064,0.028826093673706053,0
A_init_method,gaussian,gentle acoustic guitar ballad,9,4,0.5334873795509338,0.41267306605974835,0.0531762440999349,0
A_init_method,gaussian,gentle acoustic guitar ballad,9,5,0.533811092376709,0.5018405020236969,0.07739073038101196,0
A_init_method,gaussian,gentle acoustic guitar ballad,9,6,0.5582374334335327,0.541995902856191,0.054999125003814694,0
A_init_method,gaussian,gentle acoustic guitar ballad,9,7,0.6068261861801147,0.5672670801480612,0.05798795223236084,0
B_mutation_rate,p_mut=0.0,tense orchestral strings with brass fanfare,0,0,0.396906316280365,0.3020495002468427,0.10873947938283285,0
B_mutation_rate,p_mut=0.0,tense orchestral strings with brass fanfare,0,1,0.4305919110774994,0.3884061872959137,0.04607187906901042,0
B_mutation_rate,p_mut=0.0,tense orchestral strings with brass fanfare,0,2,0.5241740942001343,0.4369392643372218,0.0633063276608785,0
B_mutation_rate,p_mut=0.0,tense orchestral strings with brass fanfare,0,3,0.658858060836792,0.5175325920184454,0.06652511358261108,0
B_mutation_rate,p_mut=0.0,tense orchestral strings with brass fanfare,0,4,0.658858060836792,0.6062657535076141,0.04045029878616333,0
B_mutation_rate,p_mut=0.0,tense orchestral strings with brass fanfare,0,5,0.6850113868713379,0.6570537587006887,0.05982964833577474,0
B_mutation_rate,p_mut=0.0,tense orchestral strings with brass fanfare,0,6,0.6942402124404907,0.6590310037136078,0.09875031312306722,1
B_mutation_rate,p_mut=0.0,tense orchestral strings with brass fanfare,0,7,0.6942402124404907,0.6804224749406179,0.025746639569600424,2
B_mutation_rate,p_mut=0.3,tense orchestral strings with brass fanfare,0,0,0.396906316280365,0.3020495002468427,0.10873947938283285,0
B_mutation_rate,p_mut=0.3,tense orchestral strings with brass fanfare,0,1,0.4305919110774994,0.3884061872959137,0.04607187906901042,0
B_mutation_rate,p_mut=0.3,tense orchestral strings with brass fanfare,0,2,0.7798594832420349,0.4831925630569458,0.09835571050643921,0
B_mutation_rate,p_mut=0.3,tense orchestral strings with brass fanfare,0,3,0.7798594832420349,0.622805138429006,0.08821981350580851,0
B_mutation_rate,p_mut=0.3,tense orchestral strings with brass fanfare,0,4,0.7798594832420349,0.7247732778390249,0.07507780392964682,1
B_mutation_rate,p_mut=0.3,tense orchestral strings with brass fanfare,0,5,0.7798594832420349,0.7536419928073883,0.0550501028696696,2
B_mutation_rate,p_mut=0.3,tense orchestral strings with brass fanfare,0,6,0.7798594832420349,0.7620101074377695,0.028858482837677002,3
B_mutation_rate,p_mut=0.3,tense orchestral strings with brass fanfare,0,7,0.7880051732063293,0.7807145019372305,0.014540032545725504,0
B_mutation_rate,p_mut=0.5,tense orchestral strings with brass fanfare,0,0,0.396906316280365,0.3020495002468427,0.10873947938283285,0
B_mutation_rate,p_mut=0.5,tense orchestral strings with brass fanfare,0,1,0.43706607818603516,0.4003475159406662,0.05663069089253744,0
B_mutation_rate,p_mut=0.5,tense orchestral strings with brass fanfare,0,2,0.514784038066864,0.456548273563385,0.054287171363830565,0
B_mutation_rate,p_mut=0.5,tense orchestral strings with brass fanfare,0,3,0.5629135966300964,0.49991844594478607,0.06279933055241903,1
B_mutation_rate,p_mut=0.5,tense orchestral strings with brass fanfare,0,4,0.6036196351051331,0.5501628418763479,0.0511140505472819,0
B_mutation_rate,p_mut=0.5,tense orchestral strings with brass fanfare,0,5,0.6757553815841675,0.6099382241566976,0.04339160919189453,0
B_mutation_rate,p_mut=0.5,tense orchestral strings with brass fanfare,0,6,0.6757553815841675,0.6282636026541392,0.05775729020436605,1
B_mutation_rate,p_mut=0.5,tense orchestral strings with brass fanfare,0,7,0.6818798780441284,0.6689522564411163,0.04685348669687907,2
B_mutation_rate,"p_mut=0.0,注入なし",tense orchestral strings with brass fanfare,0,0,0.396906316280365,0.3020495002468427,0.10873947938283285,0
B_mutation_rate,"p_mut=0.0,注入なし",tense orchestral strings with brass fanfare,0,1,0.396906316280365,0.3789234111706416,0.012859741846720377,1
B_mutation_rate,"p_mut=0.0,注入なし",tense orchestral strings with brass fanfare,0,2,0.396906316280365,0.3912872274716695,0.0026454846064249676,2
B_mutation_rate,"p_mut=0.0,注入なし",tense orchestral strings with brass fanfare,0,3,0.396906316280365,0.3950301756461461,0.0004034717877705892,3
B_mutation_rate,"p_mut=0.0,注入なし",tense orchestral strings with brass fanfare,0,4,0.396906316280365,0.3961985607941945,6.122589111328125e-05,4
B_mutation_rate,"p_mut=0.0,注入なし",tense orchestral strings with brass fanfare,0,5,0.396906316280365,0.396620233853658,1.0649363199869791e-05,5
B_mutation_rate,"p_mut=0.0,注入なし",tense orchestral strings with brass fanfare,0,6,0.396906316280365,0.3968018392721812,1.8437703450520833e-06,6
B_mutation_rate,"p_mut=0.0,注入なし",tense orchestral strings with brass fanfare,0,7,0.396906316280365,0.396869162718455,2.1457672119140626e-07,7
B_mutation_rate,p_mut=0.0,tense orchestral strings with brass fanfare,1,0,0.4567674398422241,0.30143386870622635,0.1009433388710022,0
B_mutation_rate,p_mut=0.0,tense orchestral strings with brass fanfare,1,1,0.4567674398422241,0.4353223890066147,0.07170454263687134,1
B_mutation_rate,p_mut=0.0,tense orchestral strings with brass fanfare,1,2,0.6334736347198486,0.4819597651561101,0.025896596908569335,0
B_mutation_rate,p_mut=0.0,tense orchestral strings with brass fanfare,1,3,0.6776013374328613,0.5736817717552185,0.0510098934173584,0
B_mutation_rate,p_mut=0.0,tense orchestral strings with brass fanfare,1,4,0.6781472563743591,0.6670328080654144,0.04607964754104614,0
B_mutation_rate,p_mut=0.0,tense orchestral strings with brass fanfare,1,5,0.6942272782325745,0.681836207707723,0.017989921569824218,0
B_mutation_rate,p_mut=0.0,tense orchestral strings with brass fanfare,1,6,0.751057505607605,0.7012500663598379,0.03467496236165365,0
B_mutation_rate,p_mut=0.0,tense orchestral strings with brass fanfare,1,7,0.751057505607605,0.7163017094135284,0.0524136741956075,1
B_mutation_rate,p_mut=0.3,tense orchestral strings with brass fanfare,1,0,0.4567674398422241,0.30143386870622635,0.1009433388710022,0
B_mutation_rate,p_mut=0.3,tense orchestral strings with brass fanfare,1,1,0.4567674398422241,0.43983908494313556,0.05529023806254069,0
B_mutation_rate,p_mut=0.3,tense orchestral strings with brass fanfare,1,2,0.4876789450645447,0.4363901615142822,0.11596257289250692,1
B_mutation_rate,p_mut=0.3,tense orchestral strings with brass fanfare,1,3,0.7549329996109009,0.5295039514700571,0.04527883529663086,0
B_mutation_rate,p_mut=0.3,tense orchestral strings with brass fanfare,1,4,0.7549329996109009,0.642598956823349,0.04532534678777059,0
B_mutation_rate,p_mut=0.3,tense orchestral strings with brass fanfare,1,5,0.8578023910522461,0.7468037605285645,0.047434512774149576,0
B_mutation_rate,p_mut=0.3,tense orchestral strings with brass fanfare,1,6,0.8578023910522461,0.7963316639264425,0.07302875518798828,0
B_mutation_rate,p_mut=0.3,tense orchestral strings with brass fanfare,1,7,0.8578023910522461,0.8355117738246918,0.03084571361541748,1
B_mutation_rate,p_mut=0.5,tense orchestral strings with brass fanfare,1,0,0.4567674398422241,0.30143386870622635,0.1009433388710022,0
B_mutation_rate,p_mut=0.5,tense orchestral strings with brass fanfare,1,1,0.4567674398422241,0.43983908494313556,0.05529023806254069,0
B_mutation_rate,p_mut=0.5,tense orchestral strings with brass fanfare,1,2,0.75906902551651,0.511378804842631,0.07031666437784831,0
B_mutation_rate,p_mut=0.5,tense orchestral strings with brass fanfare,1,3,0.75906902551651,0.6370094915231069,0.07598866621653239,0
B_mutation_rate,p_mut=0.5,tense orchestral strings with brass fanfare,1,4,0.75906902551651,0.7213832338651022,0.07647316058476766,1
B_mutation_rate,p_mut=0.5,tense orchestral strings with brass fanfare,1,5,0.7809439897537231,0.7410106559594473,0.040676645437876385,2
B_mutation_rate,p_mut=0.5,tense orchestral strings with brass fanfare,1,6,0.7809439897537231,0.7523276110490164,0.05024315516153972,3
B_mutation_rate,p_mut=0.5,tense orchestral strings with brass fanfare,1,7,0.7809439897537231,0.7735047042369843,0.020566956202189127,4
B_mutation_rate,"p_mut=0.0,注入なし",tense orchestral strings with brass fanfare,1,0,0.4567674398422241,0.30143386870622635,0.1009433388710022,0
B_mutation_rate,"p_mut=0.0,注入なし",tense orchestral strings with brass fanfare,1,1,0.4567674398422241,0.4355655014514923,0.01642382542292277,1
B_mutation_rate,"p_mut=0.0,注入なし",tense orchestral strings with brass fanfare,1,2,0.4567674398422241,0.4522554924090703,0.002084155877431234,2
B_mutation_rate,"p_mut=0.0,注入なし",tense orchestral strings with brass fanfare,1,3,0.4567674398422241,0.4555257111787796,0.00030291080474853516,3
B_mutation_rate,"p_mut=0.0,注入なし",tense orchestral strings with brass fanfare,1,4,0.4567674398422241,0.4563181797663371,4.397233327229818e-05,4
B_mutation_rate,"p_mut=0.0,注入なし",tense orchestral strings with brass fanfare,1,5,0.4567674398422241,0.45661285519599915,5.2014986673990885e-06,5
B_mutation_rate,"p_mut=0.0,注入なし",tense orchestral strings with brass fanfare,1,6,0.4567674398422241,0.4567171136538188,5.563100179036459e-07,6
B_mutation_rate,"p_mut=0.0,注入なし",tense orchestral strings with brass fanfare,1,7,0.4567674398422241,0.45675356686115265,7.947285970052083e-09,7
B_mutation_rate,p_mut=0.0,tense orchestral strings with brass fanfare,2,0,0.4070409834384918,0.31125738223393756,0.11739409367243449,0
B_mutation_rate,p_mut=0.0,tense orchestral strings with brass fanfare,2,1,0.5132996439933777,0.4291337579488754,0.07231658299763997,0
B_mutation_rate,p_mut=0.0,tense orchestral strings with brass fanfare,2,2,0.5132996439933777,0.47806458671887714,0.10398600101470948,0
B_mutation_rate,p_mut=0.0,tense orchestral strings with brass fanfare,2,3,0.5295079946517944,0.5091935147841772,0.09418132305145263,1
B_mutation_rate,p_mut=0.0,tense orchestral strings with brass fanfare,2,4,0.5295079946517944,0.5164970904588699,0.043661256631215416,2
B_mutation_rate,p_mut=0.0,tense orchestral strings with brass fanfare,2,5,0.6076648235321045,0.54245858391126,0.027483010292053224,0
B_mutation_rate,p_mut=0.0,tense orchestral strings with brass fanfare,2,6,0.6245447993278503,0.5841884613037109,0.06455087264378866,0
B_mutation_rate,p_mut=0.0,tense orchestral strings with brass fanfare,2,7,0.7761039137840271,0.6508402427037557,0.053627268473307295,0
B_mutation_rate,p_mut=0.3,tense orchestral strings with brass fanfare,2,0,0.4070409834384918,0.31125738223393756,0.11739409367243449,0
B_mutation_rate,p_mut=0.3,tense orchestral strings with brass fanfare,2,1,0.49147093296051025,0.4278493771950404,0.043765429655710855,0
B_mutation_rate,p_mut=0.3,tense orchestral strings with brass fanfare,2,2,0.6068342328071594,0.4988443851470947,0.05018613735834757,0
B_mutation_rate,p_mut=0.3,tense orchestral strings with brass fanfare,2,3,0.7150336503982544,0.5926406780878702,0.07239280144373576,0
B_mutation_rate,p_mut=0.3,tense orchestral strings with brass fanfare,2,4,0.7150336503982544,0.6619075735410055,0.09084929625193278,0
B_mutation_rate,p_mut=0.3,tense orchestral strings with brass fanfare,2,5,0.7609913945198059,0.7122955818970998,0.017360301812489827,1
B_mutation_rate,p_mut=0.3,tense orchestral strings with brass fanfare,2,6,0.7609913945198059,0.7225943009058634,0.04395571947097778,2
B_mutation_rate,p_mut=0.3,tense orchestral strings with brass fanfare,2,7,0.7927787899971008,0.7617938021818796,0.05026745398839315,0
B_mutation_rate,p_mut=0.5,tense orchestral strings with brass fanfare,2,0,0.4070409834384918,0.31125738223393756,0.11739409367243449,0
B_mutation_rate,p_mut=0.5,tense orchestral strings with brass fanfare,2,1,0.49147093296051025,0.4278493771950404,0.043765429655710855,0
B_mutation_rate,p_mut=0.5,tense orchestral strings with brass fanfare,2,2,0.514110267162323,0.47427788376808167,0.04882802168528239,1
B_mutation_rate,p_mut=0.5,tense orchestral strings with brass fanfare,2,3,0.6063827276229858,0.5303289194901785,0.020841813087463378,0
B_mutation_rate,p_mut=0.5,tense orchestral strings with brass fanfare,2,4,0.7257446646690369,0.5947005053361257,0.03419911464055379,0
B_mutation_rate,p_mut=0.5,tense orchestral strings with brass fanfare,2,5,0.7257446646690369,0.6700070202350616,0.04152547121047974,1
B_mutation_rate,p_mut=0.5,tense orchestral strings with brass fanfare,2,6,0.7450766563415527,0.7151745160420736,0.05315425395965576,2
B_mutation_rate,p_mut=0.5,tense orchestral strings with brass fanfare,2,7,0.7450766563415527,0.7322755853335062,0.021263245741526285,0
B_mutation_rate,"p_mut=0.0,注入なし",tense orchestral strings with brass fanfare,2,0,0.4070409834384918,0.31125738223393756,0.11739409367243449,0
B_mutation_rate,"p_mut=0.0,注入なし",tense orchestral strings with brass fanfare,2,1,0.4159429669380188,0.4128492424885432,0.01774164040883382,1
B_mutation_rate,"p_mut=0.0,注入なし",tense orchestral strings with brass fanfare,2,2,0.4159429669380188,0.41588712235291797,5.083084106445312e-05,2
B_mutation_rate,"p_mut=0.0,注入なし",tense orchestral strings with brass fanfare,2,3,0.4159429669380188,0.4159290939569473,9.34600830078125e-06,3
B_mutation_rate,"p_mut=0.0,注入なし",tense orchestral strings with brass fanfare,2,4,0.4159429669380188,0.4159398078918457,8.265177408854167e-07,4
B_mutation_rate,"p_mut=0.0,注入なし",tense orchestral strings with brass fanfare,2,5,0.4159429669380188,0.41594191392262775,9.5367431640625e-08,5
B_mutation_rate,"p_mut=0.0,注入なし",tense orchestral strings with brass fanfare,2,6,0.4159429669380188,0.41594258447488147,1.5894571940104166e-08,6
B_mutation_rate,"p_mut=0.0,注入なし",tense orchestral strings with brass fanfare,2,7,0.4159429669380188,0.41594281295935315,7.947285970052083e-09,0
B_mutation_rate,p_mut=0.0,tense orchestral strings with brass fanfare,3,0,0.4147610068321228,0.33322351177533466,0.08922234376271566,0
B_mutation_rate,p_mut=0.0,tense orchestral strings with brass fanfare,3,1,0.611664891242981,0.43878206113974255,0.08961802323659261,0
B_mutation_rate,p_mut=0.0,tense orchestral strings with brass fanfare,3,2,0.611664891242981,0.5189591646194458,0.08093164761861166,0
B_mutation_rate,p_mut=0.0,tense orchestral strings with brass fanfare,3,3,0.6123412847518921,0.5751107086737951,0.11301889022191365,1
B_mutation_rate,p_mut=0.0,tense orchestral strings with brass fanfare,3,4,0.6665568947792053,0.6212949256102244,0.06762238343556722,0
B_mutation_rate,p_mut=0.0,tense orchestral strings with brass fanfare,3,5,0.669032096862793,0.6520541111628214,0.09045796791712443,1
B_mutation_rate,p_mut=0.0,tense orchestral strings with brass fanfare,3,6,0.6798840761184692,0.6574567059675852,0.05394102334976196,2
B_mutation_rate,p_mut=0.0,tense orchestral strings with brass fanfare,3,7,0.6799541115760803,0.6655974487463633,0.041688779989878334,3
B_mutation_rate,p_mut=0.3,tense orchestral strings with brass fanfare,3,0,0.4147610068321228,0.33322351177533466,0.08922234376271566,0
B_mutation_rate,p_mut=0.3,tense orchestral strings with brass fanfare,3,1,0.48144814372062683,0.4226573606332143,0.10596251090367635,0
B_mutation_rate,p_mut=0.3,tense orchestral strings with brass fanfare,3,2,0.5971295833587646,0.5082347194353739,0.10273824135462443,0
B_mutation_rate,p_mut=0.3,tense orchestral strings with brass fanfare,3,3,0.6670048832893372,0.6108587185541788,0.07027631203333537,0
B_mutation_rate,p_mut=0.3,tense orchestral strings with brass fanfare,3,4,0.6925886869430542,0.65050142010053,0.06398003101348877,1
B_mutation_rate,p_mut=0.3,tense orchestral strings with brass fanfare,3,5,0.6925886869430542,0.6662932833035787,0.03369221289952596,2
B_mutation_rate,p_mut=0.3,tense orchestral strings with brass fanfare,3,6,0.6925886869430542,0.684656153122584,0.0377304752667745,3
B_mutation_rate,p_mut=0.3,tense orchestral strings with brass fanfare,3,7,0.711199939250946,0.6951305866241455,0.004537848631540934,4
B_mutation_rate,p_mut=0.5,tense orchestral strings with brass fanfare,3,0,0.4147610068321228,0.33322351177533466,0.08922234376271566,0
B_mutation_rate,p_mut=0.5,tense orchestral strings with brass fanfare,3,1,0.43811243772506714,0.4120931575695674,0.11890306075414021,0
B_mutation_rate,p_mut=0.5,tense orchestral strings with brass fanfare,3,2,0.5766918659210205,0.47040708859761554,0.13968453804651895,0
B_mutation_rate,p_mut=0.5,tense orchestral strings with brass fanfare,3,3,0.6226691007614136,0.5652951995531718,0.08873683214187622,0
B_mutation_rate,p_mut=0.5,tense orchestral strings with brass fanfare,3,4,0.6717503666877747,0.6218459208806356,0.06845587491989136,1
B_mutation_rate,p_mut=0.5,tense orchestral strings with brass fanfare,3,5,0.6717503666877747,0.6411467790603638,0.031404324372609455,2
B_mutation_rate,p_mut=0.5,tense orchestral strings with brass fanfare,3,6,0.6721508502960205,0.663195957740148,0.04008514881134033,3
B_mutation_rate,p_mut=0.5,tense orchestral strings with brass fanfare,3,7,0.7019436955451965,0.6752527256806692,0.019434007008870442,0
B_mutation_rate,"p_mut=0.0,注入なし",tense orchestral strings with brass fanfare,3,0,0.4147610068321228,0.33322351177533466,0.08922234376271566,0
B_mutation_rate,"p_mut=0.0,注入なし",tense orchestral strings with brass fanfare,3,1,0.4147610068321228,0.4034489244222641,0.016974250475565594,1
B_mutation_rate,"p_mut=0.0,注入なし",tense orchestral strings with brass fanfare,3,2,0.4147610068321228,0.4133586833874385,0.002283032735188802,2
B_mutation_rate,"p_mut=0.0,注入なし",tense orchestral strings with brass fanfare,3,3,0.4147610068321228,0.4145644853512446,0.0002895712852478027,3
B_mutation_rate,"p_mut=0.0,注入なし",tense orchestral strings with brass fanfare,3,4,0.4147610068321228,0.4147357443968455,3.629128138224284e-05,4
B_mutation_rate,"p_mut=0.0,注入なし",tense orchestral strings with brass fanfare,3,5,0.4147610068321228,0.41475652158260345,5.6783358256022135e-06,5
B_mutation_rate,"p_mut=0.0,注入なし",tense orchestral strings with brass fanfare,3,6,0.4147610068321228,0.41476020216941833,8.265177408854167e-07,6
B_mutation_rate,"p_mut=0.0,注入なし",tense orchestral strings with brass fanfare,3,7,0.4147610068321228,0.41476087272167206,8.742014567057291e-08,7
B_mutation_rate,p_mut=0.0,tense orchestral strings with brass fanfare,4,0,0.49935275316238403,0.29862623910109204,0.1188516616821289,0
B_mutation_rate,p_mut=0.0,tense orchestral strings with brass fanfare,4,1,0.5040788650512695,0.4631715963284175,0.08164091110229492,0
B_mutation_rate,p_mut=0.0,tense orchestral strings with brass fanfare,4,2,0.5264313817024231,0.5142187972863516,0.07491061290105185,1
B_mutation_rate,p_mut=0.0,tense orchestral strings with brass fanfare,4,3,0.6307271122932434,0.5422967076301575,0.03890595038731893,0
B_mutation_rate,p_mut=0.0,tense orchestral strings with brass fanfare,4,4,0.7899678945541382,0.6138916512330373,0.05695591370264689,0
B_mutation_rate,p_mut=0.0,tense orchestral strings with brass fanfare,4,5,0.8595090508460999,0.7423525949319204,0.041175623734792076,0
B_mutation_rate,p_mut=0.0,tense orchestral strings with brass fanfare,4,6,0.8595090508460999,0.8175444503625234,0.03590551217397054,1
B_mutation_rate,p_mut=0.0,tense orchestral strings with brass fanfare,4,7,0.8595090508460999,0.8457301557064056,0.04930553038914998,2
B_mutation_rate,p_mut=0.3,tense orchestral strings with brass fanfare,4,0,0.49935275316238403,0.29862623910109204,0.1188516616821289,0
B_mutation_rate,p_mut=0.3,tense orchestral strings with brass fanfare,4,1,0.5040788650512695,0.4631715963284175,0.08164091110229492,0
B_mutation_rate,p_mut=0.3,tense orchestral strings with brass fanfare,4,2,0.5264313817024231,0.5142187972863516,0.07491061290105185,1
B_mutation_rate,p_mut=0.3,tense orchestral strings with brass fanfare,4,3,0.6283887624740601,0.5362179776032766,0.03830407857894898,0
B_mutation_rate,p_mut=0.3,tense orchestral strings with brass fanfare,4,4,0.6744248867034912,0.6047752400239309,0.04954012632369995,0
B_mutation_rate,p_mut=0.3,tense orchestral strings with brass fanfare,4,5,0.7942478060722351,0.6891193489233652,0.033777133623758955,0
B_mutation_rate,p_mut=0.3,tense orchestral strings with brass fanfare,4,6,0.7942478060722351,0.7463590006033579,0.03178893327713013,0
B_mutation_rate,p_mut=0.3,tense orchestral strings with brass fanfare,4,7,0.7969219088554382,0.7883348762989044,0.0365386962890625,1
B_mutation_rate,p_mut=0.5,tense orchestral strings with brass fanfare,4,0,0.49935275316238403,0.29862623910109204,0.1188516616821289,0
B_mutation_rate,p_mut=0.5,tense orchestral strings with brass fanfare,4,1,0.5284554362297058,0.46963916222254437,0.11226305166880289,1
B_mutation_rate,p_mut=0.5,tense orchestral strings with brass fanfare,4,2,0.5310043692588806,0.5181323885917664,0.03564029137293498,2
B_mutation_rate,p_mut=0.5,tense orchestral strings with brass fanfare,4,3,0.6256308555603027,0.5463365117708842,0.041424540678660075,0
B_mutation_rate,p_mut=0.5,tense orchestral strings with brass fanfare,4,4,0.8174903988838196,0.6283831596374512,0.07032734553019206,0
B_mutation_rate,p_mut=0.5,tense orchestral strings with brass fanfare,4,5,0.8747518062591553,0.765521635611852,0.0505383570988973,0
B_mutation_rate,p_mut=0.5,tense orchestral strings with brass fanfare,4,6,0.8747518062591553,0.8482489287853241,0.033723596731821695,1
B_mutation_rate,p_mut=0.5,tense orchestral strings with brass fanfare,4,7,0.8747518062591553,0.8405212163925171,0.06469719807306926,2
B_mutation_rate,"p_mut=0.0,注入なし",tense orchestral strings with brass fanfare,4,0,0.49935275316238403,0.29862623910109204,0.1188516616821289,0
B_mutation_rate,"p_mut=0.0,注入なし",tense orchestral strings with brass fanfare,4,1,0.49935275316238403,0.4554457912842433,0.013648613293965658,1
B_mutation_rate,"p_mut=0.0,注入なし",tense orchestral strings with brass fanfare,4,2,0.49935275316238403,0.48155030608177185,0.0036770065625508627,2
B_mutation_rate,"p_mut=0.0,注入なし",tense orchestral strings with brass fanfare,4,3,0.49935275316238403,0.4928457736968994,0.0005492250124613444,3
B_mutation_rate,"p_mut=0.0,注入なし",tense orchestral strings with brass fanfare,4,4,0.49935275316238403,0.49739601214726764,4.935661951700847e-05,4
B_mutation_rate,"p_mut=0.0,注入なし",tense orchestral strings with brass fanfare,4,5,0.49935275316238403,0.49865952134132385,8.229414621988932e-06,5
B_mutation_rate,"p_mut=0.0,注入なし",tense orchestral strings with brass fanfare,4,6,0.49935275316238403,0.49912592271963757,8.384386698404948e-07,6
B_mutation_rate,"p_mut=0.0,注入なし",tense orchestral strings with brass fanfare,4,7,0.49935275316238403,0.4992785503466924,9.139378865559896e-08,7
B_mutation_rate,p_mut=0.0,tense orchestral strings with brass fanfare,5,0,0.49935275316238403,0.4044918393095334,0.07141998608907064,0
B_mutation_rate,p_mut=0.0,tense orchestral strings with brass fanfare,5,1,0.671908438205719,0.5256192634503046,0.04471801122029622,0
B_mutation_rate,p_mut=0.0,tense orchestral strings with brass fanfare,5,2,0.7906984090805054,0.6375996867815653,0.05492332379023234,0
B_mutation_rate,p_mut=0.0,tense orchestral strings with brass fanfare,5,3,0.7906984090805054,0.7364026308059692,0.02880560557047526,0
B_mutation_rate,p_mut=0.0,tense orchestral strings with brass fanfare,5,4,0.7906984090805054,0.7801607151826223,0.03070978323618571,1
B_mutation_rate,p_mut=0.0,tense orchestral strings with brass fanfare,5,5,0.7916944622993469,0.7555785477161407,0.06349956591924032,2
B_mutation_rate,p_mut=0.0,tense orchestral strings with brass fanfare,5,6,0.7916944622993469,0.7766004701455435,0.03075296481450399,3
B_mutation_rate,p_mut=0.0,tense orchestral strings with brass fanfare,5,7,0.7916944622993469,0.7782980600992838,0.02749731143315633,4
B_mutation_rate,p_mut=0.3,tense orchestral strings with brass fanfare,5,0,0.49935275316238403,0.4044918393095334,0.07141998608907064,0
B_mutation_rate,p_mut=0.3,tense orchestral strings with brass fanfare,5,1,0.671908438205719,0.5256192634503046,0.04471801122029622,0
B_mutation_rate,p_mut=0.3,tense orchestral strings with brass fanfare,5,2,0.7906984090805054,0.6375996867815653,0.05492332379023234,0
B_mutation_rate,p_mut=0.3,tense orchestral strings with brass fanfare,5,3,0.7906984090805054,0.7338916560014089,0.04267719586690267,1
B_mutation_rate,p_mut=0.3,tense orchestral strings with brass fanfare,5,4,0.7906984090805054,0.7658558885256449,0.029472378889719646,2
B_mutation_rate,p_mut=0.3,tense orchestral strings with brass fanfare,5,5,0.7906984090805054,0.7769563893477122,0.022786970933278403,3
B_mutation_rate,p_mut=0.3,tense orchestral strings with brass fanfare,5,6,0.7906984090805054,0.7549267411231995,0.0735784371693929,4
B_mutation_rate,p_mut=0.3,tense orchestral strings with brass fanfare,5,7,0.7933439016342163,0.7675624390443166,0.053248639901479086,5
B_mutation_rate,p_mut=0.5,tense orchestral strings with brass fanfare,5,0,0.49935275316238403,0.4044918393095334,0.07141998608907064,0
B_mutation_rate,p_mut=0.5,tense orchestral strings with brass fanfare,5,1,0.6073269844055176,0.5233922203381857,0.05901359717051188,0
B_mutation_rate,p_mut=0.5,tense orchestral strings with brass fanfare,5,2,0.6157701015472412,0.5715220173199972,0.10904922485351562,0
B_mutation_rate,p_mut=0.5,tense orchestral strings with brass fanfare,5,3,0.6212502121925354,0.5968098143736521,0.04836516777674357,1
B_mutation_rate,p_mut=0.5,tense orchestral strings with brass fanfare,5,4,0.7180415391921997,0.6483366986115774,0.06797349452972412,0
B_mutation_rate,p_mut=0.5,tense orchestral strings with brass fanfare,5,5,0.7266191244125366,0.6854462424914042,0.10188332001368204,1
B_mutation_rate,p_mut=0.5,tense orchestral strings with brass fanfare,5,6,0.7454433441162109,0.7204627692699432,0.025181778271993003,2
B_mutation_rate,p_mut=0.5,tense orchestral strings with brass fanfare,5,7,0.7454433441162109,0.7322256366411845,0.03776657183965047,3
B_mutation_rate,"p_mut=0.0,注入なし",tense orchestral strings with brass fanfare,5,0,0.49935275316238403,0.4044918393095334,0.07141998608907064,0
B_mutation_rate,"p_mut=0.0,注入なし",tense orchestral strings with brass fanfare,5,1,0.4997568130493164,0.49687662223974866,0.008224634329477946,1
B_mutation_rate,"p_mut=0.0,注入なし",tense orchestral strings with brass fanfare,5,2,0.4997568130493164,0.4996103396018346,1.6689300537109375e-05,2
B_mutation_rate,"p_mut=0.0,注入なし",tense orchestral strings with brass fanfare,5,3,0.4997568130493164,0.49969599147637683,3.3656756083170574e-06,3
B_mutation_rate,"p_mut=0.0,注入なし",tense orchestral strings with brass fanfare,5,4,0.4997568130493164,0.4997338801622391,3.536542256673177e-07,4
B_mutation_rate,"p_mut=0.0,注入なし",tense orchestral strings with brass fanfare,5,5,0.4997568130493164,0.4997478872537613,3.178914388020833e-08,5
B_mutation_rate,"p_mut=0.0,注入なし",tense orchestral strings with brass fanfare,5,6,0.4997568130493164,0.4997534503539403,-4.76837158203125e-08,6
B_mutation_rate,"p_mut=0.0,注入なし",tense orchestral strings with brass fanfare,5,7,0.4997568130493164,0.4997556457916896,-5.960464477539063e-08,7
B_mutation_rate,p_mut=0.0,tense orchestral strings with brass fanfare,6,0,0.4567674398422241,0.36945020655790967,0.0840431292851766,0
B_mutation_rate,p_mut=0.0,tense orchestral strings with brass fanfare,6,1,0.7684835195541382,0.4886913001537323,0.07719246943791708,0
B_mutation_rate,p_mut=0.0,tense orchestral strings with brass fanfare,6,2,0.7684835195541382,0.6028275291124979,0.0992100199063619,1
B_mutation_rate,p_mut=0.0,tense orchestral strings with brass fanfare,6,3,0.7921121120452881,0.7189023395379385,0.044162321090698245,0
B_mutation_rate,p_mut=0.0,tense orchestral strings with brass fanfare,6,4,0.7975627183914185,0.788648396730423,0.048151902357737225,0
B_mutation_rate,p_mut=0.0,tense orchestral strings with brass fanfare,6,5,0.8164978623390198,0.7986927231152853,0.05722031990687052,1
B_mutation_rate,p_mut=0.0,tense orchestral strings with brass fanfare,6,6,0.816520094871521,0.7721474667390188,0.07607322533925374,2
B_mutation_rate,p_mut=0.0,tense orchestral strings with brass fanfare,6,7,0.816520094871521,0.7978096306324005,0.03846164147059123,3
B_mutation_rate,p_mut=0.3,tense orchestral strings with brass fanfare,6,0,0.4567674398422241,0.36945020655790967,0.0840431292851766,0
B_mutation_rate,p_mut=0.3,tense orchestral strings with brass fanfare,6,1,0.7083879113197327,0.48814647396405536,0.051034013430277504,0
B_mutation_rate,p_mut=0.3,tense orchestral strings with brass fanfare,6,2,0.7083879113197327,0.6163924882809321,0.06785223881403606,1
B_mutation_rate,p_mut=0.3,tense orchestral strings with brass fanfare,6,3,0.7138204574584961,0.6878719925880432,0.0156946063041687,2
B_mutation_rate,p_mut=0.3,tense orchestral strings with brass fanfare,6,4,0.7266693711280823,0.7173260649045309,0.047474928696950275,0
B_mutation_rate,p_mut=0.3,tense orchestral strings with brass fanfare,6,5,0.7438018321990967,0.7357220550378164,0.03879870176315307,1
B_mutation_rate,p_mut=0.3,tense orchestral strings with brass fanfare,6,6,0.7447208166122437,0.7345774869124094,0.03723384936650594,2
B_mutation_rate,p_mut=0.3,tense orchestral strings with brass fanfare,6,7,0.7447208166122437,0.7379006544748942,0.017558797200520834,3
B_mutation_rate,p_mut=0.5,tense orchestral strings with brass fanfare,6,0,0.4567674398422241,0.36945020655790967,0.0840431292851766,0
B_mutation_rate,p_mut=0.5,tense orchestral strings with brass fanfare,6,1,0.7083879113197327,0.48814647396405536,0.051034013430277504,0
B_mutation_rate,p_mut=0.5,tense orchestral strings with brass fanfare,6,2,0.7083879113197327,0.6163924882809321,0.06785223881403606,1
B_mutation_rate,p_mut=0.5,tense orchestral strings with brass fanfare,6,3,0.7083879113197327,0.6876744131247202,0.03790009021759033,0
B_mutation_rate,p_mut=0.5,tense orchestral strings with brass fanfare,6,4,0.7242056727409363,0.7153174082438151,0.08512073755264282,1
B_mutation_rate,p_mut=0.5,tense orchestral strings with brass fanfare,6,5,0.7519421577453613,0.7317491372426351,0.03209150234858195,0
B_mutation_rate,p_mut=0.5,tense orchestral strings with brass fanfare,6,6,0.7606939077377319,0.7386406262715658,0.05594365994135539,1
B_mutation_rate,p_mut=0.5,tense orchestral strings with brass fanfare,6,7,0.761036217212677,0.7375854055086771,0.06670889457066854,2
B_mutation_rate,"p_mut=0.0,注入なし",tense orchestral strings with brass fanfare,6,0,0.4567674398422241,0.36945020655790967,0.0840431292851766,0
B_mutation_rate,"p_mut=0.0,注入なし",tense orchestral strings with brass fanfare,6,1,0.4567674398422241,0.43263181547323865,0.010954344272613525,1
B_mutation_rate,"p_mut=0.0,注入なし",tense orchestral strings with brass fanfare,6,2,0.4567674398422241,0.44809862474600476,0.003468457857767741,2
B_mutation_rate,"p_mut=0.0,注入なし",tense orchestral strings with brass fanfare,6,3,0.4567674398422241,0.4542242983977,0.0004065910975138346,3
B_mutation_rate,"p_mut=0.0,注入なし",tense orchestral strings with brass fanfare,6,4,0.4567674398422241,0.45586082835992175,4.798173904418945e-05,4
B_mutation_rate,"p_mut=0.0,注入なし",tense orchestral strings with brass fanfare,6,5,0.4567674398422241,0.45644021530946094,8.014837900797526e-06,5
B_mutation_rate,"p_mut=0.0,注入なし",tense orchestral strings with brass fanfare,6,6,0.4567674398422241,0.4566633254289627,7.510185241699219e-07,6
B_mutation_rate,"p_mut=0.0,注入なし",tense orchestral strings with brass fanfare,6,7,0.4567674398422241,0.45672836403052014,3.9736429850260414e-08,0
B_mutation_rate,p_mut=0.0,tense orchestral strings with brass fanfare,7,0,0.49935275316238403,0.3773956050475438,0.09383488893508911,0
B_mutation_rate,p_mut=0.0,tense orchestral strings with brass fanfare,7,1,0.57562255859375,0.4956141610940297,0.04671199321746826,0
B_mutation_rate,p_mut=0.0,tense orchestral strings with brass fanfare,7,2,0.7038043737411499,0.5732474525769552,0.08114779790242513,0
B_mutation_rate,p_mut=0.0,tense orchestral strings with brass fanfare,7,3,0.8156504034996033,0.6830505430698395,0.05714250802993774,0
B_mutation_rate,p_mut=0.0,tense orchestral strings with brass fanfare,7,4,0.8156504034996033,0.7413591146469116,0.06953157186508178,1
B_mutation_rate,p_mut=0.0,tense orchestral strings with brass fanfare,7,5,0.8156504034996033,0.7846852938334147,0.034410373369852705,2
B_mutation_rate,p_mut=0.0,tense orchestral strings with brass fanfare,7,6,0.8156504034996033,0.8087201019128164,0.01296851634979248,3
B_mutation_rate,p_mut=0.0,tense orchestral strings with brass fanfare,7,7,0.8156504034996033,0.8089056213696798,0.01923534870147705,4
B_mutation_rate,p_mut=0.3,tense orchestral strings with brass fanfare,7,0,0.49935275316238403,0.3773956050475438,0.09383488893508911,0
B_mutation_rate,p_mut=0.3,tense orchestral strings with brass fanfare,7,1,0.5670655965805054,0.49895548820495605,0.027442284425099692,0
B_mutation_rate,p_mut=0.3,tense orchestral strings with brass fanfare,7,2,0.6673343181610107,0.5586570600668589,0.07193018595377604,0
B_mutation_rate,p_mut=0.3,tense orchestral strings with brass fanfare,7,3,0.7986035346984863,0.6604470511277517,0.05576279163360596,0
B_mutation_rate,p_mut=0.3,tense orchestral strings with brass fanfare,7,4,0.7986035346984863,0.7202241917451223,0.07545557419459024,1
B_mutation_rate,p_mut=0.3,tense orchestral strings with brass fanfare,7,5,0.8007030487060547,0.7773424983024597,0.029942687352498373,2
B_mutation_rate,p_mut=0.3,tense orchestral strings with brass fanfare,7,6,0.8130406141281128,0.791492352883021,0.02535941203435262,3
B_mutation_rate,p_mut=0.3,tense orchestral strings with brass fanfare,7,7,0.8130406141281128,0.7773642440636953,0.054686450958251955,4
B_mutation_rate,p_mut=0.5,tense orchestral strings with brass fanfare,7,0,0.49935275316238403,0.3773956050475438,0.09383488893508911,0
B_mutation_rate,p_mut=0.5,tense orchestral strings with brass fanfare,7,1,0.5670655965805054,0.49895548820495605,0.027442284425099692,0
B_mutation_rate,p_mut=0.5,tense orchestral strings with brass fanfare,7,2,0.7179712057113647,0.5745549897352854,0.03900756041208903,0
B_mutation_rate,p_mut=0.5,tense orchestral strings with brass fanfare,7,3,0.758876383304596,0.6766057213147482,0.039515113830566405,0
B_mutation_rate,p_mut=0.5,tense orchestral strings with brass fanfare,7,4,0.758876383304596,0.7234023710091909,0.026141393184661865,1
B_mutation_rate,p_mut=0.5,tense orchestral strings with brass fanfare,7,5,0.7750848531723022,0.7319715221722921,0.0306394100189209,2
B_mutation_rate,p_mut=0.5,tense orchestral strings with brass fanfare,7,6,0.7873563170433044,0.7284436424573263,0.06485012372334799,3
B_mutation_rate,p_mut=0.5,tense orchestral strings with brass fanfare,7,7,0.7873563170433044,0.7643945713837942,0.021453527609507243,4
B_mutation_rate,"p_mut=0.0,注入なし",tense orchestral strings with brass fanfare,7,0,0.49935275316238403,0.3773956050475438,0.09383488893508911,0
B_mutation_rate,"p_mut=0.0,注入なし",tense orchestral strings with brass fanfare,7,1,0.49935275316238403,0.4797729402780533,0.008262431621551514,1
B_mutation_rate,"p_mut=0.0,注入なし",tense orchestral strings with brass fanfare,7,2,0.49935275316238403,0.4918491542339325,0.0017160137494405111,2
B_mutation_rate,"p_mut=0.0,注入なし",tense orchestral strings with brass fanfare,7,3,0.49935275316238403,0.4964442402124405,0.0004945437113444011,3
B_mutation_rate,"p_mut=0.0,注入なし",tense orchestral strings with brass fanfare,7,4,0.49935275316238403,0.49833789467811584,6.989638010660808e-05,4
B_mutation_rate,"p_mut=0.0,注入なし",tense orchestral strings with brass fanfare,7,5,0.49935275316238403,0.4990649571021398,7.653236389160157e-06,5
B_mutation_rate,"p_mut=0.0,注入なし",tense orchestral strings with brass fanfare,7,6,0.49935275316238403,0.499239777525266,6.556510925292969e-07,6
B_mutation_rate,"p_mut=0.0,注入なし",tense orchestral strings with brass fanfare,7,7,0.49935275316238403,0.49931075672308606,6.357828776041667e-08,7
B_mutation_rate,p_mut=0.0,tense orchestral strings with brass fanfare,8,0,0.4810062050819397,0.36563655237356824,0.0890890916188558,0
B_mutation_rate,p_mut=0.0,tense orchestral strings with brass fanfare,8,1,0.4810062050819397,0.43435266117254895,0.06791331768035888,1
B_mutation_rate,p_mut=0.0,tense orchestral strings with brass fanfare,8,2,0.4810062050819397,0.4552986075480779,0.026670380433400472,2
B_mutation_rate,p_mut=0.0,tense orchestral strings with brass fanfare,8,3,0.4810062050819397,0.47153139611085254,0.04512715737024943,3
B_mutation_rate,p_mut=0.0,tense orchestral strings with brass fanfare,8,4,0.4810062050819397,0.4735441704591115,0.04407727320988973,4
B_mutation_rate,p_mut=0.0,tense orchestral strings with brass fanfare,8,5,0.4810062050819397,0.4683925658464432,0.07226719856262206,5
B_mutation_rate,p_mut=0.0,tense orchestral strings with brass fanfare,8,6,0.6290197968482971,0.5055363029241562,0.046276402473449704,0
B_mutation_rate,p_mut=0.0,tense orchestral strings with brass fanfare,8,7,0.6676614284515381,0.578329861164093,0.0664070208867391,0
B_mutation_rate,p_mut=0.3,tense orchestral strings with brass fanfare,8,0,0.4810062050819397,0.36563655237356824,0.0890890916188558,0
B_mutation_rate,p_mut=0.3,tense orchestral strings with brass fanfare,8,1,0.6806478500366211,0.4852210233608882,0.04345704317092895,0
B_mutation_rate,p_mut=0.3,tense orchestral strings with brass fanfare,8,2,0.7014679312705994,0.5962552726268768,0.09143836498260498,0
B_mutation_rate,p_mut=0.3,tense orchestral strings with brass fanfare,8,3,0.7242305278778076,0.7077281673749288,0.06316666603088379,0
B_mutation_rate,p_mut=0.3,tense orchestral strings with brass fanfare,8,4,0.7497177124023438,0.7110052903493246,0.062208410104115805,1
B_mutation_rate,p_mut=0.3,tense orchestral strings with brass fanfare,8,5,0.7497177124023438,0.7283984919389089,0.03477890094121297,2
B_mutation_rate,p_mut=0.3,tense orchestral strings with brass fanfare,8,6,0.7547404170036316,0.7477859258651733,0.01740324099858602,0
B_mutation_rate,p_mut=0.3,tense orchestral strings with brass fanfare,8,7,0.7613031268119812,0.7457206845283508,0.040076029300689694,1
B_mutation_rate,p_mut=0.5,tense orchestral strings with brass fanfare,8,0,0.4810062050819397,0.36563655237356824,0.0890890916188558,0
B_mutation_rate,p_mut=0.5,tense orchestral strings with brass fanfare,8,1,0.4810062050819397,0.4437918464342753,0.11273536284764608,1
B_mutation_rate,p_mut=0.5,tense orchestral strings with brass fanfare,8,2,0.7278897762298584,0.5371502637863159,0.06480563879013061,0
B_mutation_rate,p_mut=0.5,tense orchestral strings with brass fanfare,8,3,0.7404659986495972,0.6749650736649832,0.06723386843999227,0
B_mutation_rate,p_mut=0.5,tense orchestral strings with brass fanfare,8,4,0.7530384659767151,0.712263286113739,0.0798083225886027,1
B_mutation_rate,p_mut=0.5,tense orchestral strings with brass fanfare,8,5,0.7701854705810547,0.7413518528143564,0.033001001675923666,2
B_mutation_rate,p_mut=0.5,tense orchestral strings with brass fanfare,8,6,0.7744607925415039,0.7644585072994232,0.02978701194127401,3
B_mutation_rate,p_mut=0.5,tense orchestral strings with brass fanfare,8,7,0.7744607925415039,0.7450171212355295,0.05038745800654094,4
B_mutation_rate,"p_mut=0.0,注入なし",tense orchestral strings with brass fanfare,8,0,0.4810062050819397,0.36563655237356824,0.0890890916188558,0
B_mutation_rate,"p_mut=0.0,注入なし",tense orchestral strings with brass fanfare,8,1,0.4810062050819397,0.4422333339850108,0.02112200657526652,1
B_mutation_rate,"p_mut=0.0,注入なし",tense orchestral strings with brass fanfare,8,2,0.4810062050819397,0.4679753929376602,0.0036461671193440755,2
B_mutation_rate,"p_mut=0.0,注入なし",tense orchestral strings with brass fanfare,8,3,0.4810062050819397,0.47735056777795154,0.00038594802220662434,3
B_mutation_rate,"p_mut=0.0,注入なし",tense orchestral strings with brass fanfare,8,4,0.4810062050819397,0.4797050654888153,4.755655924479167e-05,4
B_mutation_rate,"p_mut=0.0,注入なし",tense orchestral strings with brass fanfare,8,5,0.4810062050819397,0.4805365055799484,6.7392985026041664e-06,5
B_mutation_rate,"p_mut=0.0,注入なし",tense orchestral strings with brass fanfare,8,6,0.4810062050819397,0.48081451654434204,1.1006991068522134e-06,6
B_mutation_rate,"p_mut=0.0,注入なし",tense orchestral strings with brass fanfare,8,7,0.4810062050819397,0.48093915979067486,1.1523564656575521e-07,7
B_mutation_rate,p_mut=0.0,tense orchestral strings with brass fanfare,9,0,0.47226667404174805,0.3454958001772563,0.10317602554957071,0
B_mutation_rate,p_mut=0.0,tense orchestral strings with brass fanfare,9,1,0.5579489469528198,0.4566993812719981,0.0681923508644104,0
B_mutation_rate,p_mut=0.0,tense orchestral strings with brass fanfare,9,2,0.8040094375610352,0.5758098363876343,0.10197092294692993,0
B_mutation_rate,p_mut=0.0,tense orchestral strings with brass fanfare,9,3,0.8356788158416748,0.7166027128696442,0.06670988003412882,0
B_mutation_rate,p_mut=0.0,tense orchestral strings with brass fanfare,9,4,0.8448898792266846,0.823315699895223,0.030257987976074218,0
B_mutation_rate,p_mut=0.0,tense orchestral strings with brass fanfare,9,5,0.8586702942848206,0.8216812908649445,0.08456072409947714,1
B_mutation_rate,p_mut=0.0,tense orchestral strings with brass fanfare,9,6,0.8586702942848206,0.8246555626392365,0.07343512773513794,2
B_mutation_rate,p_mut=0.0,tense orchestral strings with brass fanfare,9,7,0.8586702942848206,0.8421801924705505,0.02498749891916911,3
B_mutation_rate,p_mut=0.3,tense orchestral strings with brass fanfare,9,0,0.47226667404174805,0.3454958001772563,0.10317602554957071,0
B_mutation_rate,p_mut=0.3,tense orchestral strings with brass fanfare,9,1,0.6371034383773804,0.476639782389005,0.04328650236129761,0
B_mutation_rate,p_mut=0.3,tense orchestral strings with brass fanfare,9,2,0.6371034383773804,0.5494769761959711,0.07814916372299194,0
B_mutation_rate,p_mut=0.3,tense orchestral strings with brass fanfare,9,3,0.6573687791824341,0.6282201508680979,0.0190984845161438,0
B_mutation_rate,p_mut=0.3,tense orchestral strings with brass fanfare,9,4,0.7039848566055298,0.6721439262231191,0.05028418699900309,0
B_mutation_rate,p_mut=0.3,tense orchestral strings with brass fanfare,9,5,0.7138637900352478,0.7002973059813181,0.0617929736773173,1
B_mutation_rate,p_mut=0.3,tense orchestral strings with brass fanfare,9,6,0.7460196018218994,0.7154199481010437,0.01768904129664103,2
B_mutation_rate,p_mut=0.3,tense orchestral strings with brass fanfare,9,7,0.7460196018218994,0.7317395110925039,0.015291110674540202,0
B_mutation_rate,p_mut=0.5,tense orchestral strings with brass fanfare,9,0,0.47226667404174805,0.3454958001772563,0.10317602554957071,0
B_mutation_rate,p_mut=0.5,tense orchestral strings with brass fanfare,9,1,0.6371034383773804,0.476639782389005,0.04328650236129761,0
B_mutation_rate,p_mut=0.5,tense orchestral strings with brass fanfare,9,2,0.6371034383773804,0.5525950640439987,0.08145017226537068,0
B_mutation_rate,p_mut=0.5,tense orchestral strings with brass fanfare,9,3,0.6674228310585022,0.6338408291339874,0.01928414503733317,0
B_mutation_rate,p_mut=0.5,tense orchestral strings with brass fanfare,9,4,0.6919471621513367,0.6578820943832397,0.03835315704345703,1
B_mutation_rate,p_mut=0.5,tense orchestral strings with brass fanfare,9,5,0.6984665989875793,0.6731629769007365,0.0473924199740092,2
B_mutation_rate,p_mut=0.5,tense orchestral strings with brass fanfare,9,6,0.733056366443634,0.6804939409097036,0.060665229956309,3
B_mutation_rate,p_mut=0.5,tense orchestral strings with brass fanfare,9,7,0.7589102983474731,0.7361144324143728,0.02709164619445801,4
B_mutation_rate,"p_mut=0.0,注入なし",tense orchestral strings with brass fanfare,9,0,0.47226667404174805,0.3454958001772563,0.10317602554957071,0
B_mutation_rate,"p_mut=0.0,注入なし",tense orchestral strings with brass fanfare,9,1,0.47226667404174805,0.43981346984704334,0.013533560434977214,1
B_mutation_rate,"p_mut=0.0,注入なし",tense orchestral strings with brass fanfare,9,2,0.47226667404174805,0.46448247134685516,0.001249706745147705,2
B_mutation_rate,"p_mut=0.0,注入なし",tense orchestral strings with brass fanfare,9,3,0.47226667404174805,0.4687327841917674,0.00032416184743245445,3
B_mutation_rate,"p_mut=0.0,注入なし",tense orchestral strings with brass fanfare,9,4,0.47226667404174805,0.4711809108654658,3.533363342285156e-05,4
B_mutation_rate,"p_mut=0.0,注入なし",tense orchestral strings with brass fanfare,9,5,0.47226667404174805,0.4718397657076518,6.226698557535807e-06,5
B_mutation_rate,"p_mut=0.0,注入なし",tense orchestral strings with brass fanfare,9,6,0.47226667404174805,0.4720991204182307,8.026758829752604e-07,6
B_mutation_rate,"p_mut=0.0,注入なし",tense orchestral strings with brass fanfare,9,7,0.47226667404174805,0.4722054253021876,6.357828776041667e-08,0
B_mutation_rate,p_mut=0.0,energetic electronic dance music with heavy bass,0,0,0.6226538419723511,0.48730531831582385,0.0788421392440796,0
B_mutation_rate,p_mut=0.0,energetic electronic dance music with heavy bass,0,1,0.6226538419723511,0.5463238457838694,0.11157580216725667,1
B_mutation_rate,p_mut=0.0,energetic electronic dance music with heavy bass,0,2,0.6226538419723511,0.6043246487776438,0.0369403878847758,2
B_mutation_rate,p_mut=0.0,energetic electronic dance music with heavy bass,0,3,0.6226538419723511,0.5839813152949015,0.08016990025838217,3
B_mutation_rate,p_mut=0.0,energetic electronic dance music with heavy bass,0,4,0.7948004603385925,0.6496258278687795,0.020745861530303954,0
B_mutation_rate,p_mut=0.0,energetic electronic dance music with heavy bass,0,5,0.7948004603385925,0.7130687733491262,0.04447786410649617,1
B_mutation_rate,p_mut=0.0,energetic electronic dance music with heavy bass,0,6,0.7948004603385925,0.7685859898726145,0.03113689422607422,2
B_mutation_rate,p_mut=0.0,energetic electronic dance music with heavy bass,0,7,0.7948004603385925,0.7844711542129517,0.03530810276667277,3
B_mutation_rate,p_mut=0.3,energetic electronic dance music with heavy bass,0,0,0.6226538419723511,0.48730531831582385,0.0788421392440796,0
B_mutation_rate,p_mut=0.3,energetic electronic dance music with heavy bass,0,1,0.6417165994644165,0.5823260247707367,0.05226140419642131,0
B_mutation_rate,p_mut=0.3,energetic electronic dance music with heavy bass,0,2,0.7129857540130615,0.6548381447792053,0.09984728892644247,1
B_mutation_rate,p_mut=0.3,energetic electronic dance music with heavy bass,0,3,0.7257788181304932,0.6966086427370707,0.02449588378270467,0
B_mutation_rate,p_mut=0.3,energetic electronic dance music with heavy bass,0,4,0.8329399228096008,0.7433970868587494,0.030721092224121095,0
B_mutation_rate,p_mut=0.3,energetic electronic dance music with heavy bass,0,5,0.8329399228096008,0.7507061759630839,0.08537589311599732,1
B_mutation_rate,p_mut=0.3,energetic electronic dance music with heavy bass,0,6,0.8751611113548279,0.8297834495703379,0.008822933832804362,2
B_mutation_rate,p_mut=0.3,energetic electronic dance music with heavy bass,0,7,0.8751611113548279,0.8322287400563558,0.040910573800404866,3
B_mutation_rate,p_mut=0.5,energetic electronic dance music with heavy bass,0,0,0.6226538419723511,0.48730531831582385,0.0788421392440796,0
B_mutation_rate,p_mut=0.5,energetic electronic dance music with heavy bass,0,1,0.6226538419723511,0.5642367601394653,0.0859501083691915,1
B_mutation_rate,p_mut=0.5,energetic electronic dance music with heavy bass,0,2,0.6590678691864014,0.6196596523125967,0.06683619022369384,2
B_mutation_rate,p_mut=0.5,energetic electronic dance music with heavy bass,0,3,0.6590678691864014,0.6220174133777618,0.043488113085428874,3
B_mutation_rate,p_mut=0.5,energetic electronic dance music with heavy bass,0,4,0.6590678691864014,0.6486800312995911,0.01987695296605428,4
B_mutation_rate,p_mut=0.5,energetic electronic dance music with heavy bass,0,5,0.712622880935669,0.6652119557062784,0.03268601497014364,5
B_mutation_rate,p_mut=0.5,energetic electronic dance music with heavy bass,0,6,0.712622880935669,0.6979647477467855,0.0405669371287028,6
B_mutation_rate,p_mut=0.5,energetic electronic dance music with heavy bass,0,7,0.7129976749420166,0.6984815796216329,0.0575669527053833,7
B_mutation_rate,"p_mut=0.0,注入なし",energetic electronic dance music with heavy bass,0,0,0.6226538419723511,0.48730531831582385,0.0788421392440796,0
B_mutation_rate,"p_mut=0.0,注入なし",energetic electronic dance music with heavy bass,0,1,0.6226538419723511,0.5790367921193441,0.017004092534383137,1
B_mutation_rate,"p_mut=0.0,注入なし",energetic electronic dance music with heavy bass,0,2,0.6226538419723511,0.6108523309230804,0.0018427173296610515,2
B_mutation_rate,"p_mut=0.0,注入なし",energetic electronic dance music with heavy bass,0,3,0.6226538419723511,0.6191057860851288,0.0001580635706583659,3
B_mutation_rate,"p_mut=0.0,注入なし",energetic electronic dance music with heavy bass,0,4,0.6226538419723511,0.6213117043177286,1.9462903340657554e-05,4
B_mutation_rate,"p_mut=0.0,注入なし",energetic electronic dance music with heavy bass,0,5,0.6226538419723511,0.6221191187699636,3.7590662638346356e-06,5
B_mutation_rate,"p_mut=0.0,注入なし",energetic electronic dance music with heavy bass,0,6,0.6226538419723511,0.6224449674288431,3.5762786865234375e-07,6
B_mutation_rate,"p_mut=0.0,注入なし",energetic electronic dance music with heavy bass,0,7,0.6226538419723511,0.6225787997245789,3.5762786865234374e-08,7
B_mutation_rate,p_mut=0.0,energetic electronic dance music with heavy bass,1,0,0.5233039259910583,0.4556949237982432,0.11034720341364543,0
B_mutation_rate,p_mut=0.0,energetic electronic dance music with heavy bass,1,1,0.5262553095817566,0.5097622176011404,0.0649120291074117,0
B_mutation_rate,p_mut=0.0,energetic electronic dance music with heavy bass,1,2,0.5262553095817566,0.5213391184806824,0.02570329507191976,1
B_mutation_rate,p_mut=0.0,energetic electronic dance music with heavy bass,1,3,0.5264871716499329,0.5216210881868998,0.025574477513631184,2
B_mutation_rate,p_mut=0.0,energetic electronic dance music with heavy bass,1,4,0.559043824672699,0.5319128930568695,0.046858219305674235,0
B_mutation_rate,p_mut=0.0,energetic electronic dance music with heavy bass,1,5,0.5658391714096069,0.5463789304097494,0.07366814613342285,1
B_mutation_rate,p_mut=0.0,energetic electronic dance music with heavy bass,1,6,0.5658391714096069,0.5607838730017344,0.021910603841145834,2
B_mutation_rate,p_mut=0.0,energetic electronic dance music with heavy bass,1,7,0.5658391714096069,0.5601097742716471,0.026917858918507894,3
B_mutation_rate,p_mut=0.3,energetic electronic dance music with heavy bass,1,0,0.5233039259910583,0.4556949237982432,0.11034720341364543,0
B_mutation_rate,p_mut=0.3,energetic electronic dance music with heavy bass,1,1,0.5788320899009705,0.5179624756177267,0.07783732016881308,1
B_mutation_rate,p_mut=0.3,energetic electronic dance music with heavy bass,1,2,0.5788320899009705,0.5381445189317068,0.09096171458562215,2
B_mutation_rate,p_mut=0.3,energetic electronic dance music with heavy bass,1,3,0.5788320899009705,0.56804092725118,0.017841776212056477,3
B_mutation_rate,p_mut=0.3,energetic electronic dance music with heavy bass,1,4,0.5788320899009705,0.570113887389501,0.0531247615814209,4
B_mutation_rate,p_mut=0.3,energetic electronic dance music with heavy bass,1,5,0.7503844499588013,0.607550173997879,0.01738099257151286,0
B_mutation_rate,p_mut=0.3,energetic electronic dance music with heavy bass,1,6,0.7503844499588013,0.6777952313423157,0.036236206690470375,0
B_mutation_rate,p_mut=0.3,energetic electronic dance music with heavy bass,1,7,0.7527804374694824,0.7441657384236654,0.040288253625233965,1
B_mutation_rate,p_mut=0.5,energetic electronic dance music with heavy bass,1,0,0.5233039259910583,0.4556949237982432,0.11034720341364543,0
B_mutation_rate,p_mut=0.5,energetic electronic dance music with heavy bass,1,1,0.5312598943710327,0.5192485551039377,0.09305025339126587,0
B_mutation_rate,p_mut=0.5,energetic electronic dance music with heavy bass,1,2,0.5738289952278137,0.5521930158138275,0.09484839042027791,0
B_mutation_rate,p_mut=0.5,energetic electronic dance music with heavy bass,1,3,0.5902299880981445,0.5801596740881602,0.057275040944417314,1
B_mutation_rate,p_mut=0.5,energetic electronic dance music with heavy bass,1,4,0.5902299880981445,0.577704538901647,0.01834054390589396,2
B_mutation_rate,p_mut=0.5,energetic electronic dance music with heavy bass,1,5,0.6601249575614929,0.6012861629327139,0.00756067434946696,3
B_mutation_rate,p_mut=0.5,energetic electronic dance music with heavy bass,1,6,0.6601249575614929,0.6127674778302511,0.08565083344777426,4
B_mutation_rate,p_mut=0.5,energetic electronic dance music with heavy bass,1,7,0.8253957033157349,0.6767300963401794,0.025283920764923095,0
B_mutation_rate,"p_mut=0.0,注入なし",energetic electronic dance music with heavy bass,1,0,0.5233039259910583,0.4556949237982432,0.11034720341364543,0
B_mutation_rate,"p_mut=0.0,注入なし",energetic electronic dance music with heavy bass,1,1,0.5262553095817566,0.5181231498718262,0.020784485340118408,0
B_mutation_rate,"p_mut=0.0,注入なし",energetic electronic dance music with heavy bass,1,2,0.5264362096786499,0.5257068475087484,0.002195429801940918,1
B_mutation_rate,"p_mut=0.0,注入なし",energetic electronic dance music with heavy bass,1,3,0.5264362096786499,0.5264272689819336,5.284945170084636e-07,2
B_mutation_rate,"p_mut=0.0,注入なし",energetic electronic dance music with heavy bass,1,4,0.5264362096786499,0.5264334281285604,5.1657358805338543e-08,3
B_mutation_rate,"p_mut=0.0,注入なし",energetic electronic dance music with heavy bass,1,5,0.5264362096786499,0.5264350573221842,-1.9868214925130207e-08,4
B_mutation_rate,"p_mut=0.0,注入なし",energetic electronic dance music with heavy bass,1,6,0.5264362096786499,0.5264356732368469,-4.76837158203125e-08,5
B_mutation_rate,"p_mut=0.0,注入なし",energetic electronic dance music with heavy bass,1,7,0.5264362096786499,0.5264360308647156,-3.9736429850260414e-08,6
B_mutation_rate,p_mut=0.0,energetic electronic dance music with heavy bass,2,0,0.6517051458358765,0.5065715064605077,0.07598755359649659,0
B_mutation_rate,p_mut=0.0,energetic electronic dance music with heavy bass,2,1,0.6517051458358765,0.5923937757809957,0.04718026320139567,0
B_mutation_rate,p_mut=0.0,energetic electronic dance music with heavy bass,2,2,0.6639282703399658,0.6521695156892141,0.05010931889216105,1
B_mutation_rate,p_mut=0.0,energetic electronic dance music with heavy bass,2,3,0.6645839214324951,0.6380570232868195,0.07553364038467407,2
B_mutation_rate,p_mut=0.0,energetic electronic dance music with heavy bass,2,4,0.6645839214324951,0.6581977307796478,0.019341997305552163,3
B_mutation_rate,p_mut=0.0,energetic electronic dance music with heavy bass,2,5,0.6645839214324951,0.6576999326546987,0.03372716506322225,4
B_mutation_rate,p_mut=0.0,energetic electronic dance music with heavy bass,2,6,0.6645839214324951,0.6445283989111582,0.07536717255910237,5
B_mutation_rate,p_mut=0.0,energetic electronic dance music with heavy bass,2,7,0.7953685522079468,0.6863813002904257,0.012068597475687663,6
B_mutation_rate,p_mut=0.3,energetic electronic dance music with heavy bass,2,0,0.6517051458358765,0.5065715064605077,0.07598755359649659,0
B_mutation_rate,p_mut=0.3,energetic electronic dance music with heavy bass,2,1,0.6517051458358765,0.5923937757809957,0.04718026320139567,0
B_mutation_rate,p_mut=0.3,energetic electronic dance music with heavy bass,2,2,0.6639282703399658,0.6521695156892141,0.05010931889216105,1
B_mutation_rate,p_mut=0.3,energetic electronic dance music with heavy bass,2,3,0.6642286777496338,0.6517552534739176,0.036054221789042155,2
B_mutation_rate,p_mut=0.3,energetic electronic dance music with heavy bass,2,4,0.6642286777496338,0.661579837401708,0.022064002354939778,3
B_mutation_rate,p_mut=0.3,energetic electronic dance music with heavy bass,2,5,0.6676890254020691,0.6553585330645243,0.04444768031438192,4
B_mutation_rate,p_mut=0.3,energetic electronic dance music with heavy bass,2,6,0.6677981019020081,0.6426327923933665,0.07659025192260742,5
B_mutation_rate,p_mut=0.3,energetic electronic dance music with heavy bass,2,7,0.673764705657959,0.6412241756916046,0.06396751006444296,6
B_mutation_rate,p_mut=0.5,energetic electronic dance music with heavy bass,2,0,0.6517051458358765,0.5065715064605077,0.07598755359649659,0
B_mutation_rate,p_mut=0.5,energetic electronic dance music with heavy bass,2,1,0.6517051458358765,0.5923937757809957,0.04718026320139567,0
B_mutation_rate,p_mut=0.5,energetic electronic dance music with heavy bass,2,2,0.6639282703399658,0.6521695156892141,0.05010931889216105,1
B_mutation_rate,p_mut=0.5,energetic electronic dance music with heavy bass,2,3,0.6642286777496338,0.6517552534739176,0.036054221789042155,2
B_mutation_rate,p_mut=0.5,energetic electronic dance music with heavy bass,2,4,0.6642286777496338,0.661579837401708,0.022064002354939778,3
B_mutation_rate,p_mut=0.5,energetic electronic dance music with heavy bass,2,5,0.6676890254020691,0.6553585330645243,0.04444768031438192,4
B_mutation_rate,p_mut=0.5,energetic electronic dance music with heavy bass,2,6,0.6711685657501221,0.6507668793201447,0.05360016425450643,5
B_mutation_rate,p_mut=0.5,energetic electronic dance music with heavy bass,2,7,0.6749429702758789,0.6430972814559937,0.06283431053161621,6
B_mutation_rate,"p_mut=0.0,注入なし",energetic electronic dance music with heavy bass,2,0,0.6517051458358765,0.5065715064605077,0.07598755359649659,0
B_mutation_rate,"p_mut=0.0,注入なし",energetic electronic dance music with heavy bass,2,1,0.6517051458358765,0.5851478179295858,0.010298415025075277,1
B_mutation_rate,"p_mut=0.0,注入なし",energetic electronic dance music with heavy bass,2,2,0.6517051458358765,0.6255464355150858,0.001759803295135498,2
B_mutation_rate,"p_mut=0.0,注入なし",energetic electronic dance music with heavy bass,2,3,0.6517051458358765,0.6419844528039297,0.00027583837509155275,3
B_mutation_rate,"p_mut=0.0,注入なし",energetic electronic dance music with heavy bass,2,4,0.6517051458358765,0.6484253505865732,2.8622150421142577e-05,4
B_mutation_rate,"p_mut=0.0,注入なし",energetic electronic dance music with heavy bass,2,5,0.6517051458358765,0.6502082745234171,7.323424021402994e-06,5
B_mutation_rate,"p_mut=0.0,注入なし",energetic electronic dance music with heavy bass,2,6,0.6517051458358765,0.6513035694758097,6.794929504394531e-07,6
B_mutation_rate,"p_mut=0.0,注入なし",energetic electronic dance music with heavy bass,2,7,0.6517051458358765,0.6515509684880575,7.947285970052083e-08,0
B_mutation_rate,p_mut=0.0,energetic electronic dance music with heavy bass,3,0,0.5233039259910583,0.4423609624306361,0.11069481372833252,0
B_mutation_rate,p_mut=0.0,energetic electronic dance music with heavy bass,3,1,0.5233039259910583,0.5040993889172872,0.0868945837020874,1
B_mutation_rate,p_mut=0.0,energetic electronic dance music with heavy bass,3,2,0.5233039259910583,0.5162344376246134,0.07282274961471558,2
B_mutation_rate,p_mut=0.0,energetic electronic dance music with heavy bass,3,3,0.5287395119667053,0.5237478117148081,0.04632134437561035,0
B_mutation_rate,p_mut=0.0,energetic electronic dance music with heavy bass,3,4,0.5536489486694336,0.5392963886260986,0.06819024483362833,0
B_mutation_rate,p_mut=0.0,energetic electronic dance music with heavy bass,3,5,0.8043253421783447,0.5986545085906982,0.05286189317703247,0
B_mutation_rate,p_mut=0.0,energetic electronic dance music with heavy bass,3,6,0.8043253421783447,0.6973470946153005,0.030133390426635744,0
B_mutation_rate,p_mut=0.0,energetic electronic dance music with heavy bass,3,7,0.8043253421783447,0.743181566397349,0.03099677562713623,1
B_mutation_rate,p_mut=0.3,energetic electronic dance music with heavy bass,3,0,0.5233039259910583,0.4423609624306361,0.11069481372833252,0
B_mutation_rate,p_mut=0.3,energetic electronic dance music with heavy bass,3,1,0.5476604700088501,0.513012150923411,0.056238241990407306,0
B_mutation_rate,p_mut=0.3,energetic electronic dance music with heavy bass,3,2,0.5502014756202698,0.532117078701655,0.10097238222757975,0
B_mutation_rate,p_mut=0.3,energetic electronic dance music with heavy bass,3,3,0.5993711948394775,0.5641258557637533,0.014800453186035156,1
B_mutation_rate,p_mut=0.3,energetic electronic dance music with heavy bass,3,4,0.6042372584342957,0.5909819503625234,0.0531532883644104,2
B_mutation_rate,p_mut=0.3,energetic electronic dance music with heavy bass,3,5,0.6597182154655457,0.6025242606798807,0.07579794327418009,3
B_mutation_rate,p_mut=0.3,energetic electronic dance music with heavy bass,3,6,0.6597182154655457,0.611531525850296,0.06885713736216227,4
B_mutation_rate,p_mut=0.3,energetic electronic dance music with heavy bass,3,7,0.6597182154655457,0.6339578628540039,0.03848735888799031,5
B_mutation_rate,p_mut=0.5,energetic electronic dance music with heavy bass,3,0,0.5233039259910583,0.4423609624306361,0.11069481372833252,0
B_mutation_rate,p_mut=0.5,energetic electronic dance music with heavy bass,3,1,0.6488903760910034,0.5265433390935262,0.05466743310292562,0
B_mutation_rate,p_mut=0.5,energetic electronic dance music with heavy bass,3,2,0.835989236831665,0.6324694255987803,0.07552188634872437,0
B_mutation_rate,p_mut=0.5,energetic electronic dance music with heavy bass,3,3,0.835989236831665,0.753646562496821,0.06371306975682577,0
B_mutation_rate,p_mut=0.5,energetic electronic dance music with heavy bass,3,4,0.835989236831665,0.7977132995923361,0.03276392221450806,1
B_mutation_rate,p_mut=0.5,energetic electronic dance music with heavy bass,3,5,0.835989236831665,0.8042434255282084,0.04394595623016358,2
B_mutation_rate,p_mut=0.5,energetic electronic dance music with heavy bass,3,6,0.835989236831665,0.8197946945826212,0.019838074843088787,3
B_mutation_rate,p_mut=0.5,energetic electronic dance music with heavy bass,3,7,0.8507174849510193,0.8368718226750692,0.0097450852394104,4
B_mutation_rate,"p_mut=0.0,注入なし",energetic electronic dance music with heavy bass,3,0,0.5233039259910583,0.4423609624306361,0.11069481372833252,0
B_mutation_rate,"p_mut=0.0,注入なし",energetic electronic dance music with heavy bass,3,1,0.5233039259910583,0.5054508248964945,0.02327167590459188,1
B_mutation_rate,"p_mut=0.0,注入なし",energetic electronic dance music with heavy bass,3,2,0.5233039259910583,0.5204607844352722,0.0038770834604899087,2
B_mutation_rate,"p_mut=0.0,注入なし",energetic electronic dance music with heavy bass,3,3,0.5233154296875,0.5230804284413656,0.0005800406138102214,3
B_mutation_rate,"p_mut=0.0,注入なし",energetic electronic dance music with heavy bass,3,4,0.5233511328697205,0.5233362217744192,6.95188840230306e-05,4
B_mutation_rate,"p_mut=0.0,注入なし",energetic electronic dance music with heavy bass,3,5,0.5233511328697205,0.5233510434627533,3.178914388020833e-08,5
B_mutation_rate,"p_mut=0.0,注入なし",energetic electronic dance music with heavy bass,3,6,0.5233511328697205,0.5233510831991831,-1.1920928955078126e-08,0
B_mutation_rate,"p_mut=0.0,注入なし",energetic electronic dance music with heavy bass,3,7,0.5233511328697205,0.5233510831991831,-1.1920928955078126e-08,0
B_mutation_rate,p_mut=0.0,energetic electronic dance music with heavy bass,4,0,0.6226538419723511,0.5010069111982981,0.09893602927525838,0
B_mutation_rate,p_mut=0.0,energetic electronic dance music with heavy bass,4,1,0.6380816102027893,0.5927981535593668,0.04997868140538533,0
B_mutation_rate,p_mut=0.0,energetic electronic dance music with heavy bass,4,2,0.6466695070266724,0.6229142447312673,0.08508792320887247,1
B_mutation_rate,p_mut=0.0,energetic electronic dance music with heavy bass,4,3,0.6466695070266724,0.6346011559168497,0.02503812313079834,2
B_mutation_rate,p_mut=0.0,energetic electronic dance music with heavy bass,4,4,0.6466695070266724,0.6391032437483469,0.014783179759979248,3
B_mutation_rate,p_mut=0.0,energetic electronic dance music with heavy bass,4,5,0.6466695070266724,0.6284604072570801,0.03722915252049764,4
B_mutation_rate,p_mut=0.0,energetic electronic dance music with heavy bass,4,6,0.6466695070266724,0.635176956653595,0.033898341655731204,5
B_mutation_rate,p_mut=0.0,energetic electronic dance music with heavy bass,4,7,0.6466695070266724,0.6331125398476919,0.031074790159861247,6
B_mutation_rate,p_mut=0.3,energetic electronic dance music with heavy bass,4,0,0.6226538419723511,0.5010069111982981,0.09893602927525838,0
B_mutation_rate,p_mut=0.3,energetic electronic dance music with heavy bass,4,1,0.6380816102027893,0.5927981535593668,0.04997868140538533,0
B_mutation_rate,p_mut=0.3,energetic electronic dance music with heavy bass,4,2,0.6466695070266724,0.6229142447312673,0.08508792320887247,1
B_mutation_rate,p_mut=0.3,energetic electronic dance music with heavy bass,4,3,0.6466695070266724,0.6346011559168497,0.02503812313079834,2
B_mutation_rate,p_mut=0.3,energetic electronic dance music with heavy bass,4,4,0.6466695070266724,0.6331735153992971,0.05619288682937622,3
B_mutation_rate,p_mut=0.3,energetic electronic dance music with heavy bass,4,5,0.6466695070266724,0.6305082241694132,0.0321713129679362,4
B_mutation_rate,p_mut=0.3,energetic electronic dance music with heavy bass,4,6,0.7670804858207703,0.6662664910157522,0.010445713996887207,5
B_mutation_rate,p_mut=0.3,energetic electronic dance music with heavy bass,4,7,0.7670804858207703,0.7028440833091736,0.06799144347508748,6
B_mutation_rate,p_mut=0.5,energetic electronic dance music with heavy bass,4,0,0.6226538419723511,0.5010069111982981,0.09893602927525838,0
B_mutation_rate,p_mut=0.5,energetic electronic dance music with heavy bass,4,1,0.6380816102027893,0.5927981535593668,0.04997868140538533,0
B_mutation_rate,p_mut=0.5,energetic electronic dance music with heavy bass,4,2,0.6466695070266724,0.6229142447312673,0.08508792320887247,1
B_mutation_rate,p_mut=0.5,energetic electronic dance music with heavy bass,4,3,0.6623599529266357,0.6329099535942078,0.05112192233403524,2
B_mutation_rate,p_mut=0.5,energetic electronic dance music with heavy bass,4,4,0.7277411818504333,0.6649056176344553,0.03275986909866333,0
B_mutation_rate,p_mut=0.5,energetic electronic dance music with heavy bass,4,5,0.7277411818504333,0.6946335732936859,0.054384934902191165,1
B_mutation_rate,p_mut=0.5,energetic electronic dance music with heavy bass,4,6,0.7401342988014221,0.7221177617708842,0.02112690210342407,2
B_mutation_rate,p_mut=0.5,energetic electronic dance music with heavy bass,4,7,0.7401342988014221,0.7096459964911143,0.0550098180770874,3
B_mutation_rate,"p_mut=0.0,注入なし",energetic electronic dance music with heavy bass,4,0,0.6226538419723511,0.5010069111982981,0.09893602927525838,0
B_mutation_rate,"p_mut=0.0,注入なし",energetic electronic dance music with heavy bass,4,1,0.6226538419723511,0.5819129844506582,0.020349474747975667,1
B_mutation_rate,"p_mut=0.0,注入なし",energetic electronic dance music with heavy bass,4,2,0.6226538419723511,0.610056479771932,0.004274610678354899,2
B_mutation_rate,"p_mut=0.0,注入なし",energetic electronic dance music with heavy bass,4,3,0.6226538419723511,0.6196723779042562,0.00037933985392252603,3
B_mutation_rate,"p_mut=0.0,注入なし",energetic electronic dance music with heavy bass,4,4,0.6226538419723511,0.6215169032414755,4.8836072285970054e-05,4
B_mutation_rate,"p_mut=0.0,注入なし",energetic electronic dance music with heavy bass,4,5,0.6226538419723511,0.6220954060554504,1.3442834218343099e-05,5
B_mutation_rate,"p_mut=0.0,注入なし",energetic electronic dance music with heavy bass,4,6,0.6226538419723511,0.6224098205566406,2.845128377278646e-06,6
B_mutation_rate,"p_mut=0.0,注入なし",energetic electronic dance music with heavy bass,4,7,0.6226538419723511,0.6225775480270386,3.218650817871094e-07,7
B_mutation_rate,p_mut=0.0,energetic electronic dance music with heavy bass,5,0,0.5535728931427002,0.4588775287071864,0.09213028351465861,0
B_mutation_rate,p_mut=0.0,energetic electronic dance music with heavy bass,5,1,0.575282096862793,0.5261796166499456,0.05734007358551026,0
B_mutation_rate,p_mut=0.0,energetic electronic dance music with heavy bass,5,2,0.584290087223053,0.575354278087616,0.0667585571606954,0
B_mutation_rate,p_mut=0.0,energetic electronic dance music with heavy bass,5,3,0.5999315977096558,0.5888723830382029,0.0545743187268575,1
B_mutation_rate,p_mut=0.0,energetic electronic dance music with heavy bass,5,4,0.615020751953125,0.6021613677342733,0.06032596826553345,0
B_mutation_rate,p_mut=0.0,energetic electronic dance music with heavy bass,5,5,0.6371148228645325,0.6208606461683909,0.07123055060704549,1
B_mutation_rate,p_mut=0.0,energetic electronic dance music with heavy bass,5,6,0.6371148228645325,0.6358761191368103,0.012282991409301757,2
B_mutation_rate,p_mut=0.0,energetic electronic dance music with heavy bass,5,7,0.6371148228645325,0.6333502431710561,0.021869337558746337,3
B_mutation_rate,p_mut=0.3,energetic electronic dance music with heavy bass,5,0,0.5535728931427002,0.4588775287071864,0.09213028351465861,0
B_mutation_rate,p_mut=0.3,energetic electronic dance music with heavy bass,5,1,0.5648620128631592,0.5267121146122614,0.06430638233820597,0
B_mutation_rate,p_mut=0.3,energetic electronic dance music with heavy bass,5,2,0.596477210521698,0.5539971590042114,0.08614354133605957,1
B_mutation_rate,p_mut=0.3,energetic electronic dance music with heavy bass,5,3,0.596477210521698,0.587034672498703,0.060871771971384686,2
B_mutation_rate,p_mut=0.3,energetic electronic dance music with heavy bass,5,4,0.6310870051383972,0.5988183518250784,0.04580534696578979,3
B_mutation_rate,p_mut=0.3,energetic electronic dance music with heavy bass,5,5,0.6310870051383972,0.5959899425506592,0.09549384911855062,4
B_mutation_rate,p_mut=0.3,energetic electronic dance music with heavy bass,5,6,0.6432857513427734,0.6125515997409821,0.03511765797932943,5
B_mutation_rate,p_mut=0.3,energetic electronic dance music with heavy bass,5,7,0.6453875303268433,0.6278723478317261,0.050761918226877846,6
B_mutation_rate,p_mut=0.5,energetic electronic dance music with heavy bass,5,0,0.5535728931427002,0.4588775287071864,0.09213028351465861,0
B_mutation_rate,p_mut=0.5,energetic electronic dance music with heavy bass,5,1,0.5535728931427002,0.5194069494803747,0.10718713601430258,1
B_mutation_rate,p_mut=0.5,energetic electronic dance music with heavy bass,5,2,0.5623363256454468,0.5499265491962433,0.052837804953257246,2
B_mutation_rate,p_mut=0.5,energetic electronic dance music with heavy bass,5,3,0.6616653800010681,0.5775436460971832,0.04378619194030762,0
B_mutation_rate,p_mut=0.5,energetic electronic dance music with heavy bass,5,4,0.6616653800010681,0.6151082913080851,0.08044455846150717,0
B_mutation_rate,p_mut=0.5,energetic electronic dance music with heavy bass,5,5,0.679462194442749,0.6542159914970398,0.0400060494740804,1
B_mutation_rate,p_mut=0.5,energetic electronic dance music with heavy bass,5,6,0.8187925815582275,0.7001475791136423,0.027238877614339192,0
B_mutation_rate,p_mut=0.5,energetic electronic dance music with heavy bass,5,7,0.8187925815582275,0.757326602935791,0.02986502250035604,1
B_mutation_rate,"p_mut=0.0,注入なし",energetic electronic dance music with heavy bass,5,0,0.5535728931427002,0.4588775287071864,0.09213028351465861,0
B_mutation_rate,"p_mut=0.0,注入なし",energetic electronic dance music with heavy bass,5,1,0.5535728931427002,0.5187302778164545,0.021633211771647134,1
B_mutation_rate,"p_mut=0.0,注入なし",energetic electronic dance music with heavy bass,5,2,0.5535728931427002,0.543142169713974,0.003836814562479655,2
B_mutation_rate,"p_mut=0.0,注入なし",energetic electronic dance music with heavy bass,5,3,0.5535728931427002,0.5513469576835632,0.0003800352414449056,3
B_mutation_rate,"p_mut=0.0,注入なし",energetic electronic dance music with heavy bass,5,4,0.5535728931427002,0.552789310614268,4.475514094034831e-05,4
B_mutation_rate,"p_mut=0.0,注入なし",energetic electronic dance music with heavy bass,5,5,0.5535728931427002,0.5532976388931274,7.99099604288737e-06,5
B_mutation_rate,"p_mut=0.0,注入なし",energetic electronic dance music with heavy bass,5,6,0.5535728931427002,0.5534774462381998,7.788340250651042e-07,6
B_mutation_rate,"p_mut=0.0,注入なし",energetic electronic dance music with heavy bass,5,7,0.5535728931427002,0.5535352528095245,7.549921671549479e-08,7
B_mutation_rate,p_mut=0.0,energetic electronic dance music with heavy bass,6,0,0.5024479031562805,0.44458133975664776,0.10589441061019897,0
B_mutation_rate,p_mut=0.0,energetic electronic dance music with heavy bass,6,1,0.5052356123924255,0.4937041103839874,0.04934824307759603,1
B_mutation_rate,p_mut=0.0,energetic electronic dance music with heavy bass,6,2,0.5684177279472351,0.5157091418902079,0.026890830198923747,0
B_mutation_rate,p_mut=0.0,energetic electronic dance music with heavy bass,6,3,0.5684177279472351,0.542243113120397,0.05432682037353516,1
B_mutation_rate,p_mut=0.0,energetic electronic dance music with heavy bass,6,4,0.5684177279472351,0.5563888947168986,0.029376153151194254,2
B_mutation_rate,p_mut=0.0,energetic electronic dance music with heavy bass,6,5,0.5684177279472351,0.5551380415757498,0.021113534768422444,3
B_mutation_rate,p_mut=0.0,energetic electronic dance music with heavy bass,6,6,0.5684177279472351,0.5622560282548269,0.03517309824625651,4
B_mutation_rate,p_mut=0.0,energetic electronic dance music with heavy bass,6,7,0.5684177279472351,0.5585895975430807,0.05250404278437296,5
B_mutation_rate,p_mut=0.3,energetic electronic dance music with heavy bass,6,0,0.5024479031562805,0.44458133975664776,0.10589441061019897,0
B_mutation_rate,p_mut=0.3,energetic electronic dance music with heavy bass,6,1,0.5052356123924255,0.4937041103839874,0.04934824307759603,1
B_mutation_rate,p_mut=0.3,energetic electronic dance music with heavy bass,6,2,0.5683194398880005,0.5179718434810638,0.0258251945177714,0
B_mutation_rate,p_mut=0.3,energetic electronic dance music with heavy bass,6,3,0.5683194398880005,0.5374812583128611,0.04932812452316284,1
B_mutation_rate,p_mut=0.3,energetic electronic dance music with heavy bass,6,4,0.6325573325157166,0.5728257497151693,0.022291640440622967,2
B_mutation_rate,p_mut=0.3,energetic electronic dance music with heavy bass,6,5,0.668697714805603,0.6089031795660654,0.05473056236902873,3
B_mutation_rate,p_mut=0.3,energetic electronic dance music with heavy bass,6,6,0.668697714805603,0.6478731632232666,0.013734908898671468,4
B_mutation_rate,p_mut=0.3,energetic electronic dance music with heavy bass,6,7,0.668697714805603,0.6588509380817413,0.006393849849700928,5
B_mutation_rate,p_mut=0.5,energetic electronic dance music with heavy bass,6,0,0.5024479031562805,0.44458133975664776,0.10589441061019897,0
B_mutation_rate,p_mut=0.5,energetic electronic dance music with heavy bass,6,1,0.505093514919281,0.5008102556069692,0.07710973024368287,1
B_mutation_rate,p_mut=0.5,energetic electronic dance music with heavy bass,6,2,0.569691002368927,0.5192559560139974,0.03076333204905192,0
B_mutation_rate,p_mut=0.5,energetic electronic dance music with heavy bass,6,3,0.569691002368927,0.5495688418547312,0.04435268640518188,1
B_mutation_rate,p_mut=0.5,energetic electronic dance music with heavy bass,6,4,0.5717114806175232,0.5635068118572235,0.02205499013264974,2
B_mutation_rate,p_mut=0.5,energetic electronic dance music with heavy bass,6,5,0.6390360593795776,0.5763421157995859,0.040283381938934326,3
B_mutation_rate,p_mut=0.5,energetic electronic dance music with heavy bass,6,6,0.6390360593795776,0.6051526268323263,0.03621702591578166,4
B_mutation_rate,p_mut=0.5,energetic electronic dance music with heavy bass,6,7,0.6390360593795776,0.6043854852517446,0.04944452444712321,5
B_mutation_rate,"p_mut=0.0,注入なし",energetic electronic dance music with heavy bass,6,0,0.5024479031562805,0.44458133975664776,0.10589441061019897,0
B_mutation_rate,"p_mut=0.0,注入なし",energetic electronic dance music with heavy bass,6,1,0.5052356123924255,0.5019420882066091,0.01249460776646932,1
B_mutation_rate,"p_mut=0.0,注入なし",energetic electronic dance music with heavy bass,6,2,0.5052356123924255,0.5051739811897278,3.516674041748047e-06,2
B_mutation_rate,"p_mut=0.0,注入なし",energetic electronic dance music with heavy bass,6,3,0.5052356123924255,0.5052140851815542,4.0928522745768227e-07,3
B_mutation_rate,"p_mut=0.0,注入なし",energetic electronic dance music with heavy bass,6,4,0.5052356123924255,0.5052279035250345,1.1920928955078126e-08,4
B_mutation_rate,"p_mut=0.0,注入なし",energetic electronic dance music with heavy bass,6,5,0.5052356123924255,0.5052324831485748,-1.5894571940104166e-08,5
B_mutation_rate,"p_mut=0.0,注入なし",energetic electronic dance music with heavy bass,6,6,0.5052356123924255,0.5052346090475718,-2.384185791015625e-08,6
B_mutation_rate,"p_mut=0.0,注入なし",energetic electronic dance music with heavy bass,6,7,0.5052356123924255,0.5052351852258047,-3.5762786865234374e-08,7
B_mutation_rate,p_mut=0.0,energetic electronic dance music with heavy bass,7,0,0.49649712443351746,0.45125680168469745,0.09060049454371134,0
B_mutation_rate,p_mut=0.0,energetic electronic dance music with heavy bass,7,1,0.7357217073440552,0.5309365491072336,0.04590025345484416,0
B_mutation_rate,p_mut=0.0,energetic electronic dance music with heavy bass,7,2,0.7357217073440552,0.6211129873991013,0.05980284611384074,1
B_mutation_rate,p_mut=0.0,energetic electronic dance music with heavy bass,7,3,0.7357217073440552,0.6817754705746969,0.04234831730524699,2
B_mutation_rate,p_mut=0.0,energetic electronic dance music with heavy bass,7,4,0.7357217073440552,0.7113392154375712,0.017554553349812825,3
B_mutation_rate,p_mut=0.0,energetic electronic dance music with heavy bass,7,5,0.7357217073440552,0.7134855588277181,0.024381208419799804,4
B_mutation_rate,p_mut=0.0,energetic electronic dance music with heavy bass,7,6,0.7357217073440552,0.7047474582990011,0.07145301500956218,5
B_mutation_rate,p_mut=0.0,energetic electronic dance music with heavy bass,7,7,0.7357217073440552,0.7126722037792206,0.032529032230377196,6
B_mutation_rate,p_mut=0.3,energetic electronic dance music with heavy bass,7,0,0.49649712443351746,0.45125680168469745,0.09060049454371134,0
B_mutation_rate,p_mut=0.3,energetic electronic dance music with heavy bass,7,1,0.5532767176628113,0.4860268284877141,0.05857473611831665,1
B_mutation_rate,p_mut=0.3,energetic electronic dance music with heavy bass,7,2,0.7435742616653442,0.5655742635329565,0.029912296930948892,0
B_mutation_rate,p_mut=0.3,energetic electronic dance music with heavy bass,7,3,0.7435742616653442,0.6630389591058096,0.04418243964513143,1
B_mutation_rate,p_mut=0.3,energetic electronic dance music with heavy bass,7,4,0.7435742616653442,0.6878984471162161,0.056829945246378584,2
B_mutation_rate,p_mut=0.3,energetic electronic dance music with heavy bass,7,5,0.7435742616653442,0.7189501623312632,0.02220383087793986,3
B_mutation_rate,p_mut=0.3,energetic electronic dance music with heavy bass,7,6,0.7435742616653442,0.7257040043671926,0.02561257282892863,4
B_mutation_rate,p_mut=0.3,energetic electronic dance music with heavy bass,7,7,0.8198859691619873,0.7549809018770853,0.01013012727101644,5
B_mutation_rate,p_mut=0.5,energetic electronic dance music with heavy bass,7,0,0.49649712443351746,0.45125680168469745,0.09060049454371134,0
B_mutation_rate,p_mut=0.5,energetic electronic dance music with heavy bass,7,1,0.5532767176628113,0.4860268284877141,0.05857473611831665,1
B_mutation_rate,p_mut=0.5,energetic electronic dance music with heavy bass,7,2,0.7435742616653442,0.5655742635329565,0.029912296930948892,0
B_mutation_rate,p_mut=0.5,energetic electronic dance music with heavy bass,7,3,0.7435742616653442,0.6630389591058096,0.04418243964513143,1
B_mutation_rate,p_mut=0.5,energetic electronic dance music with heavy bass,7,4,0.7435742616653442,0.6878984471162161,0.056829945246378584,2
B_mutation_rate,p_mut=0.5,energetic electronic dance music with heavy bass,7,5,0.7435742616653442,0.7125711143016815,0.045597259203592935,3
B_mutation_rate,p_mut=0.5,energetic electronic dance music with heavy bass,7,6,0.7435742616653442,0.7176784078280131,0.024890915552775065,4
B_mutation_rate,p_mut=0.5,energetic electronic dance music with heavy bass,7,7,0.7435742616653442,0.7011265754699707,0.07959630091985066,5
B_mutation_rate,"p_mut=0.0,注入なし",energetic electronic dance music with heavy bass,7,0,0.49649712443351746,0.45125680168469745,0.09060049454371134,0
B_mutation_rate,"p_mut=0.0,注入なし",energetic electronic dance music with heavy bass,7,1,0.49649712443351746,0.4907489021619161,0.01161586046218872,1
B_mutation_rate,"p_mut=0.0,注入なし",energetic electronic dance music with heavy bass,7,2,0.4968811273574829,0.49634390076001483,0.0019013365109761557,2
B_mutation_rate,"p_mut=0.0,注入なし",energetic electronic dance music with heavy bass,7,3,0.4968811273574829,0.4968304882446925,1.190503438313802e-05,3
B_mutation_rate,"p_mut=0.0,注入なし",energetic electronic dance music with heavy bass,7,4,0.4968811273574829,0.4968642592430115,3.254413604736328e-06,4
B_mutation_rate,"p_mut=0.0,注入なし",energetic electronic dance music with heavy bass,7,5,0.4968811273574829,0.49687578280766803,2.6226043701171877e-07,5
B_mutation_rate,"p_mut=0.0,注入なし",energetic electronic dance music with heavy bass,7,6,0.4968811273574829,0.4968794286251068,1.9868214925130207e-08,6
B_mutation_rate,"p_mut=0.0,注入なし",energetic electronic dance music with heavy bass,7,7,0.4968811273574829,0.4968806803226471,3.178914388020833e-08,7
B_mutation_rate,p_mut=0.0,energetic electronic dance music with heavy bass,8,0,0.4614645540714264,0.42101506392161053,0.10195080041885377,0
B_mutation_rate,p_mut=0.0,energetic electronic dance music with heavy bass,8,1,0.47585755586624146,0.4643384963274002,0.06065730253855387,0
B_mutation_rate,p_mut=0.0,energetic electronic dance music with heavy bass,8,2,0.4832051694393158,0.47305747369925183,0.06365976333618165,1
B_mutation_rate,p_mut=0.0,energetic electronic dance music with heavy bass,8,3,0.4832051694393158,0.47559327880541485,0.02053623596827189,2
B_mutation_rate,p_mut=0.0,energetic electronic dance music with heavy bass,8,4,0.7981961369514465,0.5356944253047308,0.051666661103566484,0
B_mutation_rate,p_mut=0.0,energetic electronic dance music with heavy bass,8,5,0.851207435131073,0.6807951877514521,0.07253521680831909,0
B_mutation_rate,p_mut=0.0,energetic electronic dance music with heavy bass,8,6,0.851207435131073,0.7957850297292074,0.07271874745686849,1
B_mutation_rate,p_mut=0.0,energetic electronic dance music with heavy bass,8,7,0.851207435131073,0.8404110570748647,0.028036860624949138,2
B_mutation_rate,p_mut=0.3,energetic electronic dance music with heavy bass,8,0,0.4614645540714264,0.42101506392161053,0.10195080041885377,0
B_mutation_rate,p_mut=0.3,energetic electronic dance music with heavy bass,8,1,0.47585755586624146,0.4643384963274002,0.06065730253855387,0
B_mutation_rate,p_mut=0.3,energetic electronic dance music with heavy bass,8,2,0.5188770294189453,0.48290834824244183,0.05834091107050578,0
B_mutation_rate,p_mut=0.3,energetic electronic dance music with heavy bass,8,3,0.5233354568481445,0.4921976923942566,0.08569846550623576,1
B_mutation_rate,p_mut=0.3,energetic electronic dance music with heavy bass,8,4,0.5483781099319458,0.5270143747329712,0.039362967014312744,0
B_mutation_rate,p_mut=0.3,energetic electronic dance music with heavy bass,8,5,0.8562639951705933,0.5995971957842509,0.08569959004720053,0
B_mutation_rate,p_mut=0.3,energetic electronic dance music with heavy bass,8,6,0.8562639951705933,0.7079593141873678,0.08181339502334595,1
B_mutation_rate,p_mut=0.3,energetic electronic dance music with heavy bass,8,7,0.8562639951705933,0.7960964540640513,0.026720170180002847,2
B_mutation_rate,p_mut=0.5,energetic electronic dance music with heavy bass,8,0,0.4614645540714264,0.42101506392161053,0.10195080041885377,0
B_mutation_rate,p_mut=0.5,energetic electronic dance music with heavy bass,8,1,0.49883994460105896,0.4700126200914383,0.07768787145614624,0
B_mutation_rate,p_mut=0.5,energetic electronic dance music with heavy bass,8,2,0.523134171962738,0.502689465880394,0.07102839946746826,0
B_mutation_rate,p_mut=0.5,energetic electronic dance music with heavy bass,8,3,0.5330513715744019,0.5009771088759104,0.08307733535766601,1
B_mutation_rate,p_mut=0.5,energetic electronic dance music with heavy bass,8,4,0.5496600270271301,0.5186042139927546,0.029535984992980956,2
B_mutation_rate,p_mut=0.5,energetic electronic dance music with heavy bass,8,5,0.8438716530799866,0.5921658972899119,0.060760621229807535,0
B_mutation_rate,p_mut=0.5,energetic electronic dance music with heavy bass,8,6,0.8438716530799866,0.6926035483678182,0.06358600457509359,1
B_mutation_rate,p_mut=0.5,energetic electronic dance music with heavy bass,8,7,0.8438716530799866,0.7746221721172333,0.03366282383600871,2
B_mutation_rate,"p_mut=0.0,注入なし",energetic electronic dance music with heavy bass,8,0,0.4614645540714264,0.42101506392161053,0.10195080041885377,0
B_mutation_rate,"p_mut=0.0,注入なし",energetic electronic dance music with heavy bass,8,1,0.4687294065952301,0.4628582348426183,0.02572657267252604,1
B_mutation_rate,"p_mut=0.0,注入なし",energetic electronic dance music with heavy bass,8,2,0.4689262807369232,0.4685711661974589,0.001261587937672933,2
B_mutation_rate,"p_mut=0.0,注入なし",energetic electronic dance music with heavy bass,8,3,0.4689262807369232,0.4689190288384755,2.964337666829427e-06,3
B_mutation_rate,"p_mut=0.0,注入なし",energetic electronic dance music with heavy bass,8,4,0.4689262807369232,0.46892401576042175,2.384185791015625e-07,4
B_mutation_rate,"p_mut=0.0,注入なし",energetic electronic dance music with heavy bass,8,5,0.4689262807369232,0.4689255903164546,-1.1920928955078126e-08,5
B_mutation_rate,"p_mut=0.0,注入なし",energetic electronic dance music with heavy bass,8,6,0.4689262807369232,0.46892598768075305,-3.5762786865234374e-08,6
B_mutation_rate,"p_mut=0.0,注入なし",energetic electronic dance music with heavy bass,8,7,0.4689262807369232,0.46892620126406354,-5.5631001790364584e-08,0
B_mutation_rate,p_mut=0.0,energetic electronic dance music with heavy bass,9,0,0.5024479031562805,0.44170157611370087,0.08794834613800048,0
B_mutation_rate,p_mut=0.0,energetic electronic dance music with heavy bass,9,1,0.7712435126304626,0.5469375054041544,0.053921186923980714,0
B_mutation_rate,p_mut=0.0,energetic electronic dance music with heavy bass,9,2,0.7712435126304626,0.6589034299055735,0.07427310943603516,0
B_mutation_rate,p_mut=0.0,energetic electronic dance music with heavy bass,9,3,0.7712435126304626,0.7310754060745239,0.07568929195404053,0
B_mutation_rate,p_mut=0.0,energetic electronic dance music with heavy bass,9,4,0.8294340968132019,0.778576006491979,0.010618054866790771,1
B_mutation_rate,p_mut=0.0,energetic electronic dance music with heavy bass,9,5,0.8294340968132019,0.7651751935482025,0.0853175441424052,2
B_mutation_rate,p_mut=0.0,energetic electronic dance music with heavy bass,9,6,0.8294340968132019,0.7929433286190033,0.057512954870859785,3
B_mutation_rate,p_mut=0.0,energetic electronic dance music with heavy bass,9,7,0.8294340968132019,0.8018919825553894,0.04482426246007284,4
B_mutation_rate,p_mut=0.3,energetic electronic dance music with heavy bass,9,0,0.5024479031562805,0.44170157611370087,0.08794834613800048,0
B_mutation_rate,p_mut=0.3,energetic electronic dance music with heavy bass,9,1,0.7712435126304626,0.5469375054041544,0.053921186923980714,0
B_mutation_rate,p_mut=0.3,energetic electronic dance music with heavy bass,9,2,0.7936253547668457,0.6669613619645437,0.07541268269220988,0
B_mutation_rate,p_mut=0.3,energetic electronic dance music with heavy bass,9,3,0.8019061088562012,0.7652219633261362,0.06778002182642619,1
B_mutation_rate,p_mut=0.3,energetic electronic dance music with heavy bass,9,4,0.8019061088562012,0.7776551345984141,0.043739120165506996,2
B_mutation_rate,p_mut=0.3,energetic electronic dance music with heavy bass,9,5,0.8019061088562012,0.7780270179112753,0.05879237651824951,3
B_mutation_rate,p_mut=0.3,energetic electronic dance music with heavy bass,9,6,0.8019061088562012,0.7740623156229655,0.04499765634536743,4
B_mutation_rate,p_mut=0.3,energetic electronic dance music with heavy bass,9,7,0.8019061088562012,0.7888016700744629,0.019968807697296143,5
B_mutation_rate,p_mut=0.5,energetic electronic dance music with heavy bass,9,0,0.5024479031562805,0.44170157611370087,0.08794834613800048,0
B_mutation_rate,p_mut=0.5,energetic electronic dance music with heavy bass,9,1,0.7456839084625244,0.5450925827026367,0.04548356533050537,0
B_mutation_rate,p_mut=0.5,energetic electronic dance music with heavy bass,9,2,0.7456839084625244,0.6444970071315765,0.05963151057561238,0
B_mutation_rate,p_mut=0.5,energetic electronic dance music with heavy bass,9,3,0.7456839084625244,0.7068727115790049,0.04616059064865112,1
B_mutation_rate,p_mut=0.5,energetic electronic dance music with heavy bass,9,4,0.7737475633621216,0.7379672725995382,0.046916532516479495,0
B_mutation_rate,p_mut=0.5,energetic electronic dance music with heavy bass,9,5,0.7856857776641846,0.7599518497784933,0.061967702706654866,1
B_mutation_rate,p_mut=0.5,energetic electronic dance music with heavy bass,9,6,0.7856857776641846,0.7632565200328827,0.05028283993403117,2
B_mutation_rate,p_mut=0.5,energetic electronic dance music with heavy bass,9,7,0.7856857776641846,0.7683793803056082,0.026526896158854167,3
B_mutation_rate,"p_mut=0.0,注入なし",energetic electronic dance music with heavy bass,9,0,0.5024479031562805,0.44170157611370087,0.08794834613800048,0
B_mutation_rate,"p_mut=0.0,注入なし",energetic electronic dance music with heavy bass,9,1,0.505763053894043,0.5025225083033243,0.012647147973378499,1
B_mutation_rate,"p_mut=0.0,注入なし",energetic electronic dance music with heavy bass,9,2,0.5057664513587952,0.505652497212092,0.0002916137377421061,2
B_mutation_rate,"p_mut=0.0,注入なし",energetic electronic dance music with heavy bass,9,3,0.5057828426361084,0.5057763457298279,3.0704339345296224e-05,3
B_mutation_rate,"p_mut=0.0,注入なし",energetic electronic dance music with heavy bass,9,4,0.5057829022407532,0.5057828028996786,3.9736429850260414e-08,0
B_mutation_rate,"p_mut=0.0,注入なし",energetic electronic dance music with heavy bass,9,5,0.5057829022407532,0.5057828724384308,3.973642985026042e-09,1
B_mutation_rate,"p_mut=0.0,注入なし",energetic electronic dance music with heavy bass,9,6,0.5057829022407532,0.5057828923066457,-3.9736429850260414e-08,2
B_mutation_rate,"p_mut=0.0,注入なし",energetic electronic dance music with heavy bass,9,7,0.5057829022407532,0.5057829022407532,-5.5631001790364584e-08,3
B_mutation_rate,p_mut=0.0,gentle acoustic guitar ballad,0,0,0.39707502722740173,0.30453353623549145,0.10887123743693033,0
B_mutation_rate,p_mut=0.0,gentle acoustic guitar ballad,0,1,0.4859146475791931,0.4000933716694514,0.056650972366333006,0
B_mutation_rate,p_mut=0.0,gentle acoustic guitar ballad,0,2,0.4859146475791931,0.4468032568693161,0.05876925786336263,1
B_mutation_rate,p_mut=0.0,gentle acoustic guitar ballad,0,3,0.4859146475791931,0.46989092727502185,0.03561923503875732,2
B_mutation_rate,p_mut=0.0,gentle acoustic guitar ballad,0,4,0.4859146475791931,0.47563740611076355,0.04178569714228312,3
B_mutation_rate,p_mut=0.0,gentle acoustic guitar ballad,0,5,0.4859146475791931,0.47594913343588513,0.04380927483240763,4
B_mutation_rate,p_mut=0.0,gentle acoustic guitar ballad,0,6,0.5071651935577393,0.4889596452315648,0.02165271043777466,0
B_mutation_rate,p_mut=0.0,gentle acoustic guitar ballad,0,7,0.5071651935577393,0.49332748850186664,0.04238629738489787,1
B_mutation_rate,p_mut=0.3,gentle acoustic guitar ballad,0,0,0.39707502722740173,0.30453353623549145,0.10887123743693033,0
B_mutation_rate,p_mut=0.3,gentle acoustic guitar ballad,0,1,0.47756046056747437,0.4117152988910675,0.08329311609268189,0
B_mutation_rate,p_mut=0.3,gentle acoustic guitar ballad,0,2,0.4881780743598938,0.4679964731136958,0.06652303536732991,0
B_mutation_rate,p_mut=0.3,gentle acoustic guitar ballad,0,3,0.5033936500549316,0.4793758789698283,0.1079282283782959,1
B_mutation_rate,p_mut=0.3,gentle acoustic guitar ballad,0,4,0.5034922361373901,0.49810252090295154,0.020809543132781983,2
B_mutation_rate,p_mut=0.3,gentle acoustic guitar ballad,0,5,0.5338282585144043,0.5084318220615387,0.02386718193689982,0
B_mutation_rate,p_mut=0.3,gentle acoustic guitar ballad,0,6,0.5338282585144043,0.5107237795988718,0.08648994763692221,1
B_mutation_rate,p_mut=0.3,gentle acoustic guitar ballad,0,7,0.5342445373535156,0.5223488956689835,0.020099616050720213,2
B_mutation_rate,p_mut=0.5,gentle acoustic guitar ballad,0,0,0.39707502722740173,0.30453353623549145,0.10887123743693033,0
B_mutation_rate,p_mut=0.5,gentle acoustic guitar ballad,0,1,0.47756046056747437,0.4117152988910675,0.08329311609268189,0
B_mutation_rate,p_mut=0.5,gentle acoustic guitar ballad,0,2,0.5332778096199036,0.48444793621699017,0.0683206836382548,0
B_mutation_rate,p_mut=0.5,gentle acoustic guitar ballad,0,3,0.5496755838394165,0.5165436367193857,0.08448775211970011,1
B_mutation_rate,p_mut=0.5,gentle acoustic guitar ballad,0,4,0.5981015563011169,0.5524078210194906,0.05763428608576457,0
B_mutation_rate,p_mut=0.5,gentle acoustic guitar ballad,0,5,0.6057178378105164,0.5765854914983114,0.06063023010889689,1
B_mutation_rate,p_mut=0.5,gentle acoustic guitar ballad,0,6,0.618706464767456,0.5849789530038834,0.05898294448852539,2
B_mutation_rate,p_mut=0.5,gentle acoustic guitar ballad,0,7,0.6261948347091675,0.6173727711041769,0.019680897394816082,3
B_mutation_rate,"p_mut=0.0,注入なし",gentle acoustic guitar ballad,0,0,0.39707502722740173,0.30453353623549145,0.10887123743693033,0
B_mutation_rate,"p_mut=0.0,注入なし",gentle acoustic guitar ballad,0,1,0.39707502722740173,0.38443860908349353,0.026871315638224282,0
B_mutation_rate,"p_mut=0.0,注入なし",gentle acoustic guitar ballad,0,2,0.39707502722740173,0.39579779903093976,0.0028177380561828615,1
B_mutation_rate,"p_mut=0.0,注入なし",gentle acoustic guitar ballad,0,3,0.39707502722740173,0.3968718449274699,0.00037081638971964517,2
B_mutation_rate,"p_mut=0.0,注入なし",gentle acoustic guitar ballad,0,4,0.39707502722740173,0.39704055587450665,8.044640223185222e-05,3
B_mutation_rate,"p_mut=0.0,注入なし",gentle acoustic guitar ballad,0,5,0.3970782458782196,0.39707394937674206,1.8187363942464192e-05,4
B_mutation_rate,"p_mut=0.0,注入なし",gentle acoustic guitar ballad,0,6,0.3970782458782196,0.3970777889092763,5.483627319335937e-07,5
B_mutation_rate,"p_mut=0.0,注入なし",gentle acoustic guitar ballad,0,7,0.3970782458782196,0.39707815150419873,0.0,6
B_mutation_rate,p_mut=0.0,gentle acoustic guitar ballad,1,0,0.4033348262310028,0.30785854160785675,0.11481940746307373,0
B_mutation_rate,p_mut=0.0,gentle acoustic guitar ballad,1,1,0.4033348262310028,0.36913026372591656,0.04158014853795369,0
B_mutation_rate,p_mut=0.0,gentle acoustic guitar ballad,1,2,0.40673211216926575,0.3991842071215312,0.08572204907735188,1
B_mutation_rate,p_mut=0.0,gentle acoustic guitar ballad,1,3,0.41758620738983154,0.4082910617192586,0.029986743132273355,0
B_mutation_rate,p_mut=0.0,gentle acoustic guitar ballad,1,4,0.42503729462623596,0.4190677007039388,0.04443770249684652,0
B_mutation_rate,p_mut=0.0,gentle acoustic guitar ballad,1,5,0.4830208718776703,0.4371793468793233,0.042789836724599205,0
B_mutation_rate,p_mut=0.0,gentle acoustic guitar ballad,1,6,0.5344684720039368,0.4729473392168681,0.047107354799906416,0
B_mutation_rate,p_mut=0.0,gentle acoustic guitar ballad,1,7,0.6005058884620667,0.528396005431811,0.06638404130935668,0
B_mutation_rate,p_mut=0.3,gentle acoustic guitar ballad,1,0,0.4033348262310028,0.30785854160785675,0.11481940746307373,0
B_mutation_rate,p_mut=0.3,gentle acoustic guitar ballad,1,1,0.4033348262310028,0.36913026372591656,0.04158014853795369,0
B_mutation_rate,p_mut=0.3,gentle acoustic guitar ballad,1,2,0.40867307782173157,0.39919649561246234,0.08649171590805053,1
B_mutation_rate,p_mut=0.3,gentle acoustic guitar ballad,1,3,0.4293464422225952,0.4057630995909373,0.0429991086324056,2
B_mutation_rate,p_mut=0.3,gentle acoustic guitar ballad,1,4,0.4293464422225952,0.4183957874774933,0.030028104782104492,0
B_mutation_rate,p_mut=0.3,gentle acoustic guitar ballad,1,5,0.4358707368373871,0.4247065434853236,0.07624214092890422,1
B_mutation_rate,p_mut=0.3,gentle acoustic guitar ballad,1,6,0.4515286684036255,0.4354361246029536,0.031084700425465902,2
B_mutation_rate,p_mut=0.3,gentle acoustic guitar ballad,1,7,0.4959683418273926,0.45253056784470874,0.028253193696339926,3
B_mutation_rate,p_mut=0.5,gentle acoustic guitar ballad,1,0,0.4033348262310028,0.30785854160785675,0.11481940746307373,0
B_mutation_rate,p_mut=0.5,gentle acoustic guitar ballad,1,1,0.4872382581233978,0.38754282395044964,0.05857193470001221,0
B_mutation_rate,p_mut=0.5,gentle acoustic guitar ballad,1,2,0.4872382581233978,0.46091579894224805,0.053136038780212405,0
B_mutation_rate,p_mut=0.5,gentle acoustic guitar ballad,1,3,0.49259623885154724,0.480130930741628,0.07098325093587239,1
B_mutation_rate,p_mut=0.5,gentle acoustic guitar ballad,1,4,0.49259623885154724,0.4885936180750529,0.018275880813598634,0
B_mutation_rate,p_mut=0.5,gentle acoustic guitar ballad,1,5,0.4979643225669861,0.4851592530806859,0.04046935240427653,1
B_mutation_rate,p_mut=0.5,gentle acoustic guitar ballad,1,6,0.5855473875999451,0.511351947983106,0.07815746068954468,0
B_mutation_rate,p_mut=0.5,gentle acoustic guitar ballad,1,7,0.5855473875999451,0.559901754061381,0.1102606733640035,0
B_mutation_rate,"p_mut=0.0,注入なし",gentle acoustic guitar ballad,1,0,0.4033348262310028,0.30785854160785675,0.11481940746307373,0
B_mutation_rate,"p_mut=0.0,注入なし",gentle acoustic guitar ballad,1,1,0.4033348262310028,0.3675076514482498,0.018980673948923745,1
B_mutation_rate,"p_mut=0.0,注入なし",gentle acoustic guitar ballad,1,2,0.4033348262310028,0.3925563146670659,0.0020580172538757326,2
B_mutation_rate,"p_mut=0.0,注入なし",gentle acoustic guitar ballad,1,3,0.4033348262310028,0.39855348070462543,0.00042192935943603517,3
B_mutation_rate,"p_mut=0.0,注入なし",gentle acoustic guitar ballad,1,4,0.4033348262310028,0.40135879814624786,0.0001018842061360677,4
B_mutation_rate,"p_mut=0.0,注入なし",gentle acoustic guitar ballad,1,5,0.4033348262310028,0.40273180107275647,9.961922963460286e-06,5
B_mutation_rate,"p_mut=0.0,注入なし",gentle acoustic guitar ballad,1,6,0.4033348262310028,0.40310799578825635,1.1046727498372397e-06,6
B_mutation_rate,"p_mut=0.0,注入なし",gentle acoustic guitar ballad,1,7,0.4033348262310028,0.40324782331784564,3.0994415283203126e-07,7
B_mutation_rate,p_mut=0.0,gentle acoustic guitar ballad,2,0,0.37181222438812256,0.31148098409175873,0.1115199089050293,0
B_mutation_rate,p_mut=0.0,gentle acoustic guitar ballad,2,1,0.45063310861587524,0.3823501467704773,0.04700636068979899,0
B_mutation_rate,p_mut=0.0,gentle acoustic guitar ballad,2,2,0.45063310861587524,0.4106435577074687,0.06286073128382365,0
B_mutation_rate,p_mut=0.0,gentle acoustic guitar ballad,2,3,0.5615861415863037,0.463370144367218,0.046685357888539634,0
B_mutation_rate,p_mut=0.0,gentle acoustic guitar ballad,2,4,0.5726187825202942,0.5294435421625773,0.057393980026245114,0
B_mutation_rate,p_mut=0.0,gentle acoustic guitar ballad,2,5,0.6270332932472229,0.5803859333197275,0.030696519215901694,0
B_mutation_rate,p_mut=0.0,gentle acoustic guitar ballad,2,6,0.6270332932472229,0.5756686677535375,0.10921646356582641,1
B_mutation_rate,p_mut=0.0,gentle acoustic guitar ballad,2,7,0.6355379819869995,0.6240277687708536,0.018728427092234292,0
B_mutation_rate,p_mut=0.3,gentle acoustic guitar ballad,2,0,0.37181222438812256,0.31148098409175873,0.1115199089050293,0
B_mutation_rate,p_mut=0.3,gentle acoustic guitar ballad,2,1,0.42125946283340454,0.3775206506252289,0.08499443928400675,1
B_mutation_rate,p_mut=0.3,gentle acoustic guitar ballad,2,2,0.42125946283340454,0.4010847210884094,0.04554501374562581,2
B_mutation_rate,p_mut=0.3,gentle acoustic guitar ballad,2,3,0.42125946283340454,0.4074014226595561,0.04088991085688273,3
B_mutation_rate,p_mut=0.3,gentle acoustic guitar ballad,2,4,0.5124903917312622,0.4413086026906967,0.028667402267456055,0
B_mutation_rate,p_mut=0.3,gentle acoustic guitar ballad,2,5,0.5908917784690857,0.5026665131251017,0.057499019304911296,0
B_mutation_rate,p_mut=0.3,gentle acoustic guitar ballad,2,6,0.5908917784690857,0.5508885284264883,0.08207602500915527,1
B_mutation_rate,p_mut=0.3,gentle acoustic guitar ballad,2,7,0.6091707944869995,0.5885612666606903,0.024030729134877523,0
B_mutation_rate,p_mut=0.5,gentle acoustic guitar ballad,2,0,0.37181222438812256,0.31148098409175873,0.1115199089050293,0
B_mutation_rate,p_mut=0.5,gentle acoustic guitar ballad,2,1,0.42125946283340454,0.3775206506252289,0.08499443928400675,1
B_mutation_rate,p_mut=0.5,gentle acoustic guitar ballad,2,2,0.42125946283340454,0.4010847210884094,0.04554501374562581,2
B_mutation_rate,p_mut=0.5,gentle acoustic guitar ballad,2,3,0.42125946283340454,0.4074014226595561,0.04088991085688273,3
B_mutation_rate,p_mut=0.5,gentle acoustic guitar ballad,2,4,0.5124903917312622,0.4413086026906967,0.028667402267456055,0
B_mutation_rate,p_mut=0.5,gentle acoustic guitar ballad,2,5,0.5908917784690857,0.5026665131251017,0.057499019304911296,0
B_mutation_rate,p_mut=0.5,gentle acoustic guitar ballad,2,6,0.5908917784690857,0.5508885284264883,0.08207602500915527,1
B_mutation_rate,p_mut=0.5,gentle acoustic guitar ballad,2,7,0.5967784523963928,0.5749229490756989,0.031168341636657715,2
B_mutation_rate,"p_mut=0.0,注入なし",gentle acoustic guitar ballad,2,0,0.37181222438812256,0.31148098409175873,0.1115199089050293,0
B_mutation_rate,"p_mut=0.0,注入なし",gentle acoustic guitar ballad,2,1,0.3722809851169586,0.36878304680188495,0.018104060490926107,1
B_mutation_rate,"p_mut=0.0,注入なし",gentle acoustic guitar ballad,2,2,0.37414857745170593,0.3733718891938527,0.004751316706339518,2
B_mutation_rate,"p_mut=0.0,注入なし",gentle acoustic guitar ballad,2,3,0.3741486072540283,0.37414853274822235,2.90075937906901e-07,3
B_mutation_rate,"p_mut=0.0,注入なし",gentle acoustic guitar ballad,2,4,0.3741486370563507,0.3741486072540283,-4.76837158203125e-08,4
B_mutation_rate,"p_mut=0.0,注入なし",gentle acoustic guitar ballad,2,5,0.3741486370563507,0.3741486171881358,-4.3710072835286455e-08,0
B_mutation_rate,"p_mut=0.0,注入なし",gentle acoustic guitar ballad,2,6,0.3741486370563507,0.3741486221551895,-5.1657358805338543e-08,0
B_mutation_rate,"p_mut=0.0,注入なし",gentle acoustic guitar ballad,2,7,0.3741486370563507,0.3741486171881358,-7.152557373046875e-08,0
B_mutation_rate,p_mut=0.0,gentle acoustic guitar ballad,3,0,0.3476972281932831,0.29595792293548584,0.08863258361816406,0
B_mutation_rate,p_mut=0.0,gentle acoustic guitar ballad,3,1,0.3522789478302002,0.34478164712587994,0.04882866938908895,1
B_mutation_rate,p_mut=0.0,gentle acoustic guitar ballad,3,2,0.3868090808391571,0.357432742913564,0.04635442892710368,0
B_mutation_rate,p_mut=0.0,gentle acoustic guitar ballad,3,3,0.5206214189529419,0.40158918003241223,0.07670975128809611,0
B_mutation_rate,p_mut=0.0,gentle acoustic guitar ballad,3,4,0.5206214189529419,0.46325014531612396,0.10162299076716105,1
B_mutation_rate,p_mut=0.0,gentle acoustic guitar ballad,3,5,0.526947557926178,0.503401463230451,0.07130763133366903,0
B_mutation_rate,p_mut=0.0,gentle acoustic guitar ballad,3,6,0.6002948880195618,0.5454708834489187,0.05317309300104777,0
B_mutation_rate,p_mut=0.0,gentle acoustic guitar ballad,3,7,0.6155709028244019,0.5830851395924886,0.05006173054377238,0
B_mutation_rate,p_mut=0.3,gentle acoustic guitar ballad,3,0,0.3476972281932831,0.29595792293548584,0.08863258361816406,0
B_mutation_rate,p_mut=0.3,gentle acoustic guitar ballad,3,1,0.3522789478302002,0.34478164712587994,0.04882866938908895,1
B_mutation_rate,p_mut=0.3,gentle acoustic guitar ballad,3,2,0.4895104169845581,0.37762487928072613,0.036555349826812744,0
B_mutation_rate,p_mut=0.3,gentle acoustic guitar ballad,3,3,0.4895104169845581,0.4473610272010167,0.07947694460550944,1
B_mutation_rate,p_mut=0.3,gentle acoustic guitar ballad,3,4,0.4895104169845581,0.4672378748655319,0.034661173820495605,2
B_mutation_rate,p_mut=0.3,gentle acoustic guitar ballad,3,5,0.546504020690918,0.49755164484182995,0.02977350155512492,0
B_mutation_rate,p_mut=0.3,gentle acoustic guitar ballad,3,6,0.546504020690918,0.5220876981814703,0.06446767250696818,1
B_mutation_rate,p_mut=0.3,gentle acoustic guitar ballad,3,7,0.549231231212616,0.5219747175772985,0.0671966036160787,2
B_mutation_rate,p_mut=0.5,gentle acoustic guitar ballad,3,0,0.3476972281932831,0.29595792293548584,0.08863258361816406,0
B_mutation_rate,p_mut=0.5,gentle acoustic guitar ballad,3,1,0.3522789478302002,0.34478164712587994,0.04882866938908895,1
B_mutation_rate,p_mut=0.5,gentle acoustic guitar ballad,3,2,0.36304736137390137,0.3537876456975937,0.02912667195002238,0
B_mutation_rate,p_mut=0.5,gentle acoustic guitar ballad,3,3,0.5424762964248657,0.3977898061275482,0.0499166210492452,0
B_mutation_rate,p_mut=0.5,gentle acoustic guitar ballad,3,4,0.5424762964248657,0.47699158390363056,0.04431569576263428,1
B_mutation_rate,p_mut=0.5,gentle acoustic guitar ballad,3,5,0.5424762964248657,0.5239050537347794,0.045331350962320965,2
B_mutation_rate,p_mut=0.5,gentle acoustic guitar ballad,3,6,0.5820541977882385,0.5463289817174276,0.017659862836201985,0
B_mutation_rate,p_mut=0.5,gentle acoustic guitar ballad,3,7,0.6163906455039978,0.571340392033259,0.0391608993212382,1
B_mutation_rate,"p_mut=0.0,注入なし",gentle acoustic guitar ballad,3,0,0.3476972281932831,0.29595792293548584,0.08863258361816406,0
B_mutation_rate,"p_mut=0.0,注入なし",gentle acoustic guitar ballad,3,1,0.3522789478302002,0.34890463948249817,0.018498563766479494,1
B_mutation_rate,"p_mut=0.0,注入なし",gentle acoustic guitar ballad,3,2,0.3522789478302002,0.35200004279613495,0.00013853311538696288,2
B_mutation_rate,"p_mut=0.0,注入なし",gentle acoustic guitar ballad,3,3,0.3522789478302002,0.35218527913093567,3.7439664204915364e-05,3
B_mutation_rate,"p_mut=0.0,注入なし",gentle acoustic guitar ballad,3,4,0.3522789478302002,0.35224659740924835,4.319349924723307e-06,4
B_mutation_rate,"p_mut=0.0,注入なし",gentle acoustic guitar ballad,3,5,0.3522789478302002,0.3522692620754242,3.417332967122396e-07,5
B_mutation_rate,"p_mut=0.0,注入なし",gentle acoustic guitar ballad,3,6,0.3522789478302002,0.3522742787996928,8.344650268554687e-08,6
B_mutation_rate,"p_mut=0.0,注入なし",gentle acoustic guitar ballad,3,7,0.3522789478302002,0.3522769957780838,3.5762786865234374e-08,0
B_mutation_rate,p_mut=0.0,gentle acoustic guitar ballad,4,0,0.39707502722740173,0.3301772326231003,0.09421625932057699,0
B_mutation_rate,p_mut=0.0,gentle acoustic guitar ballad,4,1,0.40247756242752075,0.39850418269634247,0.08761456410090128,1
B_mutation_rate,p_mut=0.0,gentle acoustic guitar ballad,4,2,0.49701032042503357,0.4182466020186742,0.02900320291519165,0
B_mutation_rate,p_mut=0.0,gentle acoustic guitar ballad,4,3,0.49701032042503357,0.4586046636104584,0.12447266181310018,1
B_mutation_rate,p_mut=0.0,gentle acoustic guitar ballad,4,4,0.49942854046821594,0.48662035663922626,0.06279081106185913,0
B_mutation_rate,p_mut=0.0,gentle acoustic guitar ballad,4,5,0.5255398750305176,0.513958344856898,0.09554553031921387,0
B_mutation_rate,p_mut=0.0,gentle acoustic guitar ballad,4,6,0.5577145218849182,0.5397856930891672,0.08880082766215007,0
B_mutation_rate,p_mut=0.0,gentle acoustic guitar ballad,4,7,0.5829598307609558,0.5687504907449087,0.06166099309921265,0
B_mutation_rate,p_mut=0.3,gentle acoustic guitar ballad,4,0,0.39707502722740173,0.3301772326231003,0.09421625932057699,0
B_mutation_rate,p_mut=0.3,gentle acoustic guitar ballad,4,1,0.40247756242752075,0.39850418269634247,0.08761456410090128,1
B_mutation_rate,p_mut=0.3,gentle acoustic guitar ballad,4,2,0.4427478313446045,0.40517597397168476,0.07820691665013631,2
B_mutation_rate,p_mut=0.3,gentle acoustic guitar ballad,4,3,0.4427478313446045,0.4258008549610774,0.04255951642990112,0
B_mutation_rate,p_mut=0.3,gentle acoustic guitar ballad,4,4,0.4504584074020386,0.43655262887477875,0.05574635664621989,1
B_mutation_rate,p_mut=0.3,gentle acoustic guitar ballad,4,5,0.5312879681587219,0.4682375093301137,0.04145987033843994,0
B_mutation_rate,p_mut=0.3,gentle acoustic guitar ballad,4,6,0.5798162221908569,0.5224562486012777,0.06967768669128419,0
B_mutation_rate,p_mut=0.3,gentle acoustic guitar ballad,4,7,0.6166560649871826,0.5717794199784597,0.04551177024841309,0
B_mutation_rate,p_mut=0.5,gentle acoustic guitar ballad,4,0,0.39707502722740173,0.3301772326231003,0.09421625932057699,0
B_mutation_rate,p_mut=0.5,gentle acoustic guitar ballad,4,1,0.40247756242752075,0.39850418269634247,0.08761456410090128,1
B_mutation_rate,p_mut=0.5,gentle acoustic guitar ballad,4,2,0.4427478313446045,0.40517597397168476,0.07820691665013631,2
B_mutation_rate,p_mut=0.5,gentle acoustic guitar ballad,4,3,0.4427478313446045,0.4258008549610774,0.04255951642990112,0
B_mutation_rate,p_mut=0.5,gentle acoustic guitar ballad,4,4,0.5081453919410706,0.4542533953984578,0.06009027163187663,0
B_mutation_rate,p_mut=0.5,gentle acoustic guitar ballad,4,5,0.571090042591095,0.5017035752534866,0.05323306322097778,0
B_mutation_rate,p_mut=0.5,gentle acoustic guitar ballad,4,6,0.6121957898139954,0.5581614176432291,0.061015617847442624,0
B_mutation_rate,p_mut=0.5,gentle acoustic guitar ballad,4,7,0.6182690858840942,0.5836399098237356,0.05400791168212891,1
B_mutation_rate,"p_mut=0.0,注入なし",gentle acoustic guitar ballad,4,0,0.39707502722740173,0.3301772326231003,0.09421625932057699,0
B_mutation_rate,"p_mut=0.0,注入なし",gentle acoustic guitar ballad,4,1,0.40247756242752075,0.39894689122835797,0.020312694708506267,1
B_mutation_rate,"p_mut=0.0,注入なし",gentle acoustic guitar ballad,4,2,0.4025077819824219,0.40249621371428174,6.887118021647136e-05,2
B_mutation_rate,"p_mut=0.0,注入なし",gentle acoustic guitar ballad,4,3,0.40250787138938904,0.4025076429049174,8.344650268554688e-07,3
B_mutation_rate,"p_mut=0.0,注入なし",gentle acoustic guitar ballad,4,4,0.40250787138938904,0.40250782668590546,8.742014567057291e-08,4
B_mutation_rate,"p_mut=0.0,注入なし",gentle acoustic guitar ballad,4,5,0.40250787138938904,0.40250785648822784,3.178914388020833e-08,5
B_mutation_rate,"p_mut=0.0,注入なし",gentle acoustic guitar ballad,4,6,0.40250787138938904,0.40250785152117413,-3.5762786865234374e-08,6
B_mutation_rate,"p_mut=0.0,注入なし",gentle acoustic guitar ballad,4,7,0.40250787138938904,0.4025078664223353,-4.3710072835286455e-08,7
B_mutation_rate,p_mut=0.0,gentle acoustic guitar ballad,5,0,0.39707502722740173,0.3135400861501694,0.10870198408762614,0
B_mutation_rate,p_mut=0.0,gentle acoustic guitar ballad,5,1,0.39707502722740173,0.3794539272785187,0.07902998526891072,0
B_mutation_rate,p_mut=0.0,gentle acoustic guitar ballad,5,2,0.39707502722740173,0.38896678388118744,0.03599550724029541,1
B_mutation_rate,p_mut=0.0,gentle acoustic guitar ballad,5,3,0.39707502722740173,0.39354026814301807,0.06497243245442709,2
B_mutation_rate,p_mut=0.0,gentle acoustic guitar ballad,5,4,0.39707502722740173,0.39521434903144836,0.05668294827143351,3
B_mutation_rate,p_mut=0.0,gentle acoustic guitar ballad,5,5,0.4299134910106659,0.40254896382490796,0.07019551992416381,0
B_mutation_rate,p_mut=0.0,gentle acoustic guitar ballad,5,6,0.43995314836502075,0.4266114632288615,0.08191011349360149,1
B_mutation_rate,p_mut=0.0,gentle acoustic guitar ballad,5,7,0.5479084253311157,0.45794402062892914,0.05007766882578532,0
B_mutation_rate,p_mut=0.3,gentle acoustic guitar ballad,5,0,0.39707502722740173,0.3135400861501694,0.10870198408762614,0
B_mutation_rate,p_mut=0.3,gentle acoustic guitar ballad,5,1,0.441984087228775,0.4015374978383382,0.0628871242205302,0
B_mutation_rate,p_mut=0.3,gentle acoustic guitar ballad,5,2,0.44409194588661194,0.4196939865748088,0.08327070474624634,1
B_mutation_rate,p_mut=0.3,gentle acoustic guitar ballad,5,3,0.4520580470561981,0.4383975515762965,0.03335930903752645,2
B_mutation_rate,p_mut=0.3,gentle acoustic guitar ballad,5,4,0.4520580470561981,0.44632336497306824,0.026594936847686768,3
B_mutation_rate,p_mut=0.3,gentle acoustic guitar ballad,5,5,0.4520580470561981,0.45068858563899994,0.04012064933776856,4
B_mutation_rate,p_mut=0.3,gentle acoustic guitar ballad,5,6,0.45714616775512695,0.4376922945181529,0.0493307908376058,5
B_mutation_rate,p_mut=0.3,gentle acoustic guitar ballad,5,7,0.561784029006958,0.4730275720357895,0.07613867123921712,0
B_mutation_rate,p_mut=0.5,gentle acoustic guitar ballad,5,0,0.39707502722740173,0.3135400861501694,0.10870198408762614,0
B_mutation_rate,p_mut=0.5,gentle acoustic guitar ballad,5,1,0.441984087228775,0.4015374978383382,0.0628871242205302,0
B_mutation_rate,p_mut=0.5,gentle acoustic guitar ballad,5,2,0.44409194588661194,0.4196939865748088,0.08327070474624634,1
B_mutation_rate,p_mut=0.5,gentle acoustic guitar ballad,5,3,0.4520580470561981,0.4383975515762965,0.03335930903752645,2
B_mutation_rate,p_mut=0.5,gentle acoustic guitar ballad,5,4,0.4520580470561981,0.44632336497306824,0.026594936847686768,3
B_mutation_rate,p_mut=0.5,gentle acoustic guitar ballad,5,5,0.4520580470561981,0.45068858563899994,0.04012064933776856,4
B_mutation_rate,p_mut=0.5,gentle acoustic guitar ballad,5,6,0.45714616775512695,0.4376922945181529,0.0493307908376058,5
B_mutation_rate,p_mut=0.5,gentle acoustic guitar ballad,5,7,0.4825277030467987,0.45558607081572217,0.04175791343053182,6
B_mutation_rate,"p_mut=0.0,注入なし",gentle acoustic guitar ballad,5,0,0.39707502722740173,0.3135400861501694,0.10870198408762614,0
B_mutation_rate,"p_mut=0.0,注入なし",gentle acoustic guitar ballad,5,1,0.39707502722740173,0.38173580666383106,0.027040131886800132,0
B_mutation_rate,"p_mut=0.0,注入なし",gentle acoustic guitar ballad,5,2,0.39707502722740173,0.3946183423201243,0.003406631946563721,1
B_mutation_rate,"p_mut=0.0,注入なし",gentle acoustic guitar ballad,5,3,0.39707502722740173,0.3965902974208196,0.0009532769521077474,2
B_mutation_rate,"p_mut=0.0,注入なし",gentle acoustic guitar ballad,5,4,0.39707502722740173,0.3970411519209544,9.572903315226237e-05,3
B_mutation_rate,"p_mut=0.0,注入なし",gentle acoustic guitar ballad,5,5,0.3970782160758972,0.39707671602567035,8.881092071533203e-06,4
B_mutation_rate,"p_mut=0.0,注入なし",gentle acoustic guitar ballad,5,6,0.3970782458782196,0.3970782111088435,-1.9868214925130207e-08,5
B_mutation_rate,"p_mut=0.0,注入なし",gentle acoustic guitar ballad,5,7,0.3970782458782196,0.3970782111088435,-7.947285970052083e-09,0
B_mutation_rate,p_mut=0.0,gentle acoustic guitar ballad,6,0,0.39745911955833435,0.3122594952583313,0.07527352174123128,0
B_mutation_rate,p_mut=0.0,gentle acoustic guitar ballad,6,1,0.5202209949493408,0.38742561638355255,0.04056152105331421,0
B_mutation_rate,p_mut=0.0,gentle acoustic guitar ballad,6,2,0.5202209949493408,0.4652581363916397,0.042092076937357586,0
B_mutation_rate,p_mut=0.0,gentle acoustic guitar ballad,6,3,0.523252010345459,0.49534227947394055,0.07805982033411661,1
B_mutation_rate,p_mut=0.0,gentle acoustic guitar ballad,6,4,0.5686711668968201,0.530670166015625,0.027605211734771727,0
B_mutation_rate,p_mut=0.0,gentle acoustic guitar ballad,6,5,0.6370959877967834,0.5649058620134989,0.04916453758875529,0
B_mutation_rate,p_mut=0.0,gentle acoustic guitar ballad,6,6,0.6370959877967834,0.5806390096743902,0.05867151021957397,1
B_mutation_rate,p_mut=0.0,gentle acoustic guitar ballad,6,7,0.6370959877967834,0.6215329070885977,0.02965562343597412,2
B_mutation_rate,p_mut=0.3,gentle acoustic guitar ballad,6,0,0.39745911955833435,0.3122594952583313,0.07527352174123128,0
B_mutation_rate,p_mut=0.3,gentle acoustic guitar ballad,6,1,0.4662286043167114,0.3875730137030284,0.06092128753662109,0
B_mutation_rate,p_mut=0.3,gentle acoustic guitar ballad,6,2,0.4662286043167114,0.4420016010602315,0.07292594114939371,0
B_mutation_rate,p_mut=0.3,gentle acoustic guitar ballad,6,3,0.4662286043167114,0.4596138844887416,0.0191140611966451,1
B_mutation_rate,p_mut=0.3,gentle acoustic guitar ballad,6,4,0.4665205180644989,0.452517569065094,0.039805320898691814,2
B_mutation_rate,p_mut=0.3,gentle acoustic guitar ballad,6,5,0.4665205180644989,0.464758038520813,0.03769384225209554,3
B_mutation_rate,p_mut=0.3,gentle acoustic guitar ballad,6,6,0.4817008972167969,0.4661608835061391,0.019941190878550213,4
B_mutation_rate,p_mut=0.3,gentle acoustic guitar ballad,6,7,0.5374898910522461,0.4920784533023834,0.02427279551823934,0
B_mutation_rate,p_mut=0.5,gentle acoustic guitar ballad,6,0,0.39745911955833435,0.3122594952583313,0.07527352174123128,0
B_mutation_rate,p_mut=0.5,gentle acoustic guitar ballad,6,1,0.4662286043167114,0.3875730137030284,0.06092128753662109,0
B_mutation_rate,p_mut=0.5,gentle acoustic guitar ballad,6,2,0.4662286043167114,0.45020915071169537,0.0603072722752889,1
B_mutation_rate,p_mut=0.5,gentle acoustic guitar ballad,6,3,0.47018542885780334,0.443508783976237,0.07849313020706176,2
B_mutation_rate,p_mut=0.5,gentle acoustic guitar ballad,6,4,0.5790677070617676,0.4880857716004054,0.07014019886652628,0
B_mutation_rate,p_mut=0.5,gentle acoustic guitar ballad,6,5,0.5889236927032471,0.5421351343393326,0.09194215138753255,0
B_mutation_rate,p_mut=0.5,gentle acoustic guitar ballad,6,6,0.6019313335418701,0.5724983314673106,0.06871107816696168,1
B_mutation_rate,p_mut=0.5,gentle acoustic guitar ballad,6,7,0.6037922501564026,0.5790760864814123,0.0541375994682312,2
B_mutation_rate,"p_mut=0.0,注入なし",gentle acoustic guitar ballad,6,0,0.39745911955833435,0.3122594952583313,0.07527352174123128,0
B_mutation_rate,"p_mut=0.0,注入なし",gentle acoustic guitar ballad,6,1,0.39745911955833435,0.36225487291812897,0.012951330343882243,1
B_mutation_rate,"p_mut=0.0,注入なし",gentle acoustic guitar ballad,6,2,0.39745911955833435,0.38505201041698456,0.0017324368158976237,2
B_mutation_rate,"p_mut=0.0,注入なし",gentle acoustic guitar ballad,6,3,0.39745911955833435,0.392466867963473,0.0003348946571350098,3
B_mutation_rate,"p_mut=0.0,注入なし",gentle acoustic guitar ballad,6,4,0.39745911955833435,0.3958902011315028,3.4085909525553386e-05,4
B_mutation_rate,"p_mut=0.0,注入なし",gentle acoustic guitar ballad,6,5,0.39745911955833435,0.39689619342486065,5.0266583760579424e-06,5
B_mutation_rate,"p_mut=0.0,注入なし",gentle acoustic guitar ballad,6,6,0.39745911955833435,0.39724210401376087,7.351239522298177e-07,6
B_mutation_rate,"p_mut=0.0,注入なし",gentle acoustic guitar ballad,6,7,0.39745911955833435,0.3973815192778905,9.934107462565105e-08,7
B_mutation_rate,p_mut=0.0,gentle acoustic guitar ballad,7,0,0.39707502722740173,0.3395353704690933,0.11114092270533243,0
B_mutation_rate,p_mut=0.0,gentle acoustic guitar ballad,7,1,0.39707502722740173,0.3798481523990631,0.10130634705225626,1
B_mutation_rate,p_mut=0.0,gentle acoustic guitar ballad,7,2,0.497422456741333,0.41382213433583576,0.03841528097788493,0
B_mutation_rate,p_mut=0.0,gentle acoustic guitar ballad,7,3,0.497422456741333,0.44016792873541516,0.10211373567581176,1
B_mutation_rate,p_mut=0.0,gentle acoustic guitar ballad,7,4,0.497422456741333,0.4752899557352066,0.07569984197616578,2
B_mutation_rate,p_mut=0.0,gentle acoustic guitar ballad,7,5,0.5005685687065125,0.49348128338654834,0.030278571446736655,0
B_mutation_rate,p_mut=0.0,gentle acoustic guitar ballad,7,6,0.5079694986343384,0.4969696005185445,0.06246218681335449,1
B_mutation_rate,p_mut=0.0,gentle acoustic guitar ballad,7,7,0.5079694986343384,0.5010795742273331,0.04389870564142863,2
B_mutation_rate,p_mut=0.3,gentle acoustic guitar ballad,7,0,0.39707502722740173,0.3395353704690933,0.11114092270533243,0
B_mutation_rate,p_mut=0.3,gentle acoustic guitar ballad,7,1,0.4054417610168457,0.386883685986201,0.0744199554125468,1
B_mutation_rate,p_mut=0.3,gentle acoustic guitar ballad,7,2,0.4214416742324829,0.4088106354077657,0.08253925641377767,0
B_mutation_rate,p_mut=0.3,gentle acoustic guitar ballad,7,3,0.5110211968421936,0.44848864277203876,0.1181470553080241,0
B_mutation_rate,p_mut=0.3,gentle acoustic guitar ballad,7,4,0.5110211968421936,0.49334416290124256,0.08864687283833822,1
B_mutation_rate,p_mut=0.3,gentle acoustic guitar ballad,7,5,0.5176799297332764,0.5091778934001923,0.06553301413853964,2
B_mutation_rate,p_mut=0.3,gentle acoustic guitar ballad,7,6,0.5213881134986877,0.5146501809358597,0.03146208922068278,3
B_mutation_rate,p_mut=0.3,gentle acoustic guitar ballad,7,7,0.6092246174812317,0.5347994963328043,0.02747663656870524,0
B_mutation_rate,p_mut=0.5,gentle acoustic guitar ballad,7,0,0.39707502722740173,0.3395353704690933,0.11114092270533243,0
B_mutation_rate,p_mut=0.5,gentle acoustic guitar ballad,7,1,0.43951380252838135,0.40486689905325574,0.05170962413152059,0
B_mutation_rate,p_mut=0.5,gentle acoustic guitar ballad,7,2,0.46663612127304077,0.4343288044134776,0.0793440858523051,1
B_mutation_rate,p_mut=0.5,gentle acoustic guitar ballad,7,3,0.46663612127304077,0.4555582006772359,0.04834649165471395,2
B_mutation_rate,p_mut=0.5,gentle acoustic guitar ballad,7,4,0.46663612127304077,0.45543959240118664,0.021209903558095298,3
B_mutation_rate,p_mut=0.5,gentle acoustic guitar ballad,7,5,0.5529817342758179,0.4877646416425705,0.017317485809326173,0
B_mutation_rate,p_mut=0.5,gentle acoustic guitar ballad,7,6,0.5529817342758179,0.5340597828229269,0.03872356017430623,1
B_mutation_rate,p_mut=0.5,gentle acoustic guitar ballad,7,7,0.5717617273330688,0.5519441564877828,0.020352407296498617,0
B_mutation_rate,"p_mut=0.0,注入なし",gentle acoustic guitar ballad,7,0,0.39707502722740173,0.3395353704690933,0.11114092270533243,0
B_mutation_rate,"p_mut=0.0,注入なし",gentle acoustic guitar ballad,7,1,0.39707502722740173,0.38940734167893726,0.01897176504135132,1
B_mutation_rate,"p_mut=0.0,注入なし",gentle acoustic guitar ballad,7,2,0.3976173400878906,0.39717231194178265,0.0023329575856526692,2
B_mutation_rate,"p_mut=0.0,注入なし",gentle acoustic guitar ballad,7,3,0.39762744307518005,0.39762239158153534,3.207524617513021e-05,3
B_mutation_rate,"p_mut=0.0,注入なし",gentle acoustic guitar ballad,7,4,0.3976280093193054,0.3976277808348338,1.5536944071451823e-06,4
B_mutation_rate,"p_mut=0.0,注入なし",gentle acoustic guitar ballad,7,5,0.3976280093193054,0.39762799938519794,2.7815500895182292e-08,5
B_mutation_rate,"p_mut=0.0,注入なし",gentle acoustic guitar ballad,7,6,0.3976280391216278,0.3976280192534129,-5.960464477539063e-08,6
B_mutation_rate,"p_mut=0.0,注入なし",gentle acoustic guitar ballad,7,7,0.3976280391216278,0.3976280192534129,-5.960464477539063e-08,7
B_mutation_rate,p_mut=0.0,gentle acoustic guitar ballad,8,0,0.30343806743621826,0.2734795461098353,0.09583251078923544,0
B_mutation_rate,p_mut=0.0,gentle acoustic guitar ballad,8,1,0.507218599319458,0.33704809347788495,0.10759735902150472,0
B_mutation_rate,p_mut=0.0,gentle acoustic guitar ballad,8,2,0.507218599319458,0.4337732096513112,0.08741880655288696,0
B_mutation_rate,p_mut=0.0,gentle acoustic guitar ballad,8,3,0.507218599319458,0.4867745290199916,0.0237083633740743,1
B_mutation_rate,p_mut=0.0,gentle acoustic guitar ballad,8,4,0.5281296372413635,0.5048529009024302,0.05534355243047078,0
B_mutation_rate,p_mut=0.0,gentle acoustic guitar ballad,8,5,0.5792495608329773,0.5387065410614014,0.061612983544667564,0
B_mutation_rate,p_mut=0.0,gentle acoustic guitar ballad,8,6,0.5792495608329773,0.5501233985026678,0.07433114449183147,1
B_mutation_rate,p_mut=0.0,gentle acoustic guitar ballad,8,7,0.5792495608329773,0.5680238207181295,0.06715642213821411,2
B_mutation_rate,p_mut=0.3,gentle acoustic guitar ballad,8,0,0.30343806743621826,0.2734795461098353,0.09583251078923544,0
B_mutation_rate,p_mut=0.3,gentle acoustic guitar ballad,8,1,0.4598040282726288,0.34065855542818707,0.09764236609141032,0
B_mutation_rate,p_mut=0.3,gentle acoustic guitar ballad,8,2,0.4598040282726288,0.4143269161383311,0.06987797419230143,1
B_mutation_rate,p_mut=0.3,gentle acoustic guitar ballad,8,3,0.4598040282726288,0.43343419333299,0.07527848084767659,2
B_mutation_rate,p_mut=0.3,gentle acoustic guitar ballad,8,4,0.5620509386062622,0.4790581315755844,0.04456206957499186,0
B_mutation_rate,p_mut=0.3,gentle acoustic guitar ballad,8,5,0.5805090069770813,0.5488122949997584,0.07475198109944661,0
B_mutation_rate,p_mut=0.3,gentle acoustic guitar ballad,8,6,0.6089985966682434,0.5911448200543722,0.05593467156092326,0
B_mutation_rate,p_mut=0.3,gentle acoustic guitar ballad,8,7,0.6183241009712219,0.6138765017191569,0.059967132409413655,1
B_mutation_rate,p_mut=0.5,gentle acoustic guitar ballad,8,0,0.30343806743621826,0.2734795461098353,0.09583251078923544,0
B_mutation_rate,p_mut=0.5,gentle acoustic guitar ballad,8,1,0.4598040282726288,0.3310281236966451,0.09737796386082967,0
B_mutation_rate,p_mut=0.5,gentle acoustic guitar ballad,8,2,0.4598040282726288,0.3864212433497111,0.07141573826471964,0
B_mutation_rate,p_mut=0.5,gentle acoustic guitar ballad,8,3,0.4598040282726288,0.4266728659470876,0.026222928365071615,1
B_mutation_rate,p_mut=0.5,gentle acoustic guitar ballad,8,4,0.5621895790100098,0.4855399926503499,0.04736812512079875,0
B_mutation_rate,p_mut=0.5,gentle acoustic guitar ballad,8,5,0.5770366787910461,0.5473578075567881,0.043337806065877275,0
B_mutation_rate,p_mut=0.5,gentle acoustic guitar ballad,8,6,0.5770366787910461,0.5497217774391174,0.07411166032155354,1
B_mutation_rate,p_mut=0.5,gentle acoustic guitar ballad,8,7,0.5839798450469971,0.5574807673692703,0.05684025684992473,2
B_mutation_rate,"p_mut=0.0,注入なし",gentle acoustic guitar ballad,8,0,0.30343806743621826,0.2734795461098353,0.09583251078923544,0
B_mutation_rate,"p_mut=0.0,注入なし",gentle acoustic guitar ballad,8,1,0.3068477213382721,0.30311717589696247,0.022788119316101075,1
B_mutation_rate,"p_mut=0.0,注入なし",gentle acoustic guitar ballad,8,2,0.3068477213382721,0.3066299756368001,0.0006106336911519369,2
B_mutation_rate,"p_mut=0.0,注入なし",gentle acoustic guitar ballad,8,3,0.3068486452102661,0.30683058500289917,8.231798807779948e-05,3
B_mutation_rate,"p_mut=0.0,注入なし",gentle acoustic guitar ballad,8,4,0.30685290694236755,0.30685123304526013,1.3128916422526042e-05,4
B_mutation_rate,"p_mut=0.0,注入なし",gentle acoustic guitar ballad,8,5,0.30685290694236755,0.3068528821070989,1.1920928955078126e-08,5
B_mutation_rate,"p_mut=0.0,注入なし",gentle acoustic guitar ballad,8,6,0.30685290694236755,0.30685288707415265,-2.384185791015625e-08,6
B_mutation_rate,"p_mut=0.0,注入なし",gentle acoustic guitar ballad,8,7,0.30685290694236755,0.30685289204120636,-7.947285970052083e-08,7
B_mutation_rate,p_mut=0.0,gentle acoustic guitar ballad,9,0,0.39745911955833435,0.3398995598157247,0.08033528725306192,0
B_mutation_rate,p_mut=0.0,gentle acoustic guitar ballad,9,1,0.5360945463180542,0.41613303621610004,0.10054459969202677,0
B_mutation_rate,p_mut=0.0,gentle acoustic guitar ballad,9,2,0.6536869406700134,0.5169489880402883,0.08643917242685954,0
B_mutation_rate,p_mut=0.0,gentle acoustic guitar ballad,9,3,0.6536869406700134,0.6088866690794627,0.07704411745071411,0
B_mutation_rate,p_mut=0.0,gentle acoustic guitar ballad,9,4,0.6617942452430725,0.6555390655994415,0.05445370276769002,1
B_mutation_rate,p_mut=0.0,gentle acoustic guitar ballad,9,5,0.6618656516075134,0.638214776913325,0.049400142828623456,2
B_mutation_rate,p_mut=0.0,gentle acoustic guitar ballad,9,6,0.6618656516075134,0.6495143175125122,0.020709602038065593,3
B_mutation_rate,p_mut=0.0,gentle acoustic guitar ballad,9,7,0.6618656516075134,0.6560153961181641,0.0244156281153361,4
B_mutation_rate,p_mut=0.3,gentle acoustic guitar ballad,9,0,0.39745911955833435,0.3398995598157247,0.08033528725306192,0
B_mutation_rate,p_mut=0.3,gentle acoustic guitar ballad,9,1,0.500702440738678,0.4125376691420873,0.03829838832219442,0
B_mutation_rate,p_mut=0.3,gentle acoustic guitar ballad,9,2,0.5782697796821594,0.4760580559571584,0.06453911066055298,0
B_mutation_rate,p_mut=0.3,gentle acoustic guitar ballad,9,3,0.649974524974823,0.57504603266716,0.0559215505917867,0
B_mutation_rate,p_mut=0.3,gentle acoustic guitar ballad,9,4,0.649974524974823,0.6227230628331503,0.0545140544573466,1
B_mutation_rate,p_mut=0.3,gentle acoustic guitar ballad,9,5,0.649974524974823,0.6316688259442648,0.0284137487411499,2
B_mutation_rate,p_mut=0.3,gentle acoustic guitar ballad,9,6,0.649974524974823,0.616780087351799,0.06130557854970296,3
B_mutation_rate,p_mut=0.3,gentle acoustic guitar ballad,9,7,0.6636470556259155,0.63996954758962,0.02853464682896932,4
B_mutation_rate,p_mut=0.5,gentle acoustic guitar ballad,9,0,0.39745911955833435,0.3398995598157247,0.08033528725306192,0
B_mutation_rate,p_mut=0.5,gentle acoustic guitar ballad,9,1,0.500702440738678,0.4125376691420873,0.03829838832219442,0
B_mutation_rate,p_mut=0.5,gentle acoustic guitar ballad,9,2,0.5014905333518982,0.46841949721177417,0.05858089526494344,1
B_mutation_rate,p_mut=0.5,gentle acoustic guitar ballad,9,3,0.5172455906867981,0.5005090733369192,0.029249016443888345,2
B_mutation_rate,p_mut=0.5,gentle acoustic guitar ballad,9,4,0.5172455906867981,0.507882739106814,0.02500334580739339,3
B_mutation_rate,p_mut=0.5,gentle acoustic guitar ballad,9,5,0.5172455906867981,0.5148003697395325,0.022431957721710204,0
B_mutation_rate,p_mut=0.5,gentle acoustic guitar ballad,9,6,0.557823896408081,0.5249897539615631,0.042569140593210854,0
B_mutation_rate,p_mut=0.5,gentle acoustic guitar ballad,9,7,0.557823896408081,0.5403921902179718,0.053538739681243896,1
B_mutation_rate,"p_mut=0.0,注入なし",gentle acoustic guitar ballad,9,0,0.39745911955833435,0.3398995598157247,0.08033528725306192,0
B_mutation_rate,"p_mut=0.0,注入なし",gentle acoustic guitar ballad,9,1,0.39957764744758606,0.3933802197376887,0.02404547929763794,0
B_mutation_rate,"p_mut=0.0,注入なし",gentle acoustic guitar ballad,9,2,0.39977049827575684,0.39925344785054523,0.0025806506474812824,1
B_mutation_rate,"p_mut=0.0,注入なし",gentle acoustic guitar ballad,9,3,0.39977049827575684,0.39975614845752716,3.933906555175781e-07,2
B_mutation_rate,"p_mut=0.0,注入なし",gentle acoustic guitar ballad,9,4,0.39977049827575684,0.39976373314857483,0.0,3
B_mutation_rate,"p_mut=0.0,注入なし",gentle acoustic guitar ballad,9,5,0.39977049827575684,0.3997679352760315,-5.5631001790364584e-08,0
B_mutation_rate,"p_mut=0.0,注入なし",gentle acoustic guitar ballad,9,6,0.39977049827575684,0.3997695595026016,-3.9736429850260414e-08,0
B_mutation_rate,"p_mut=0.0,注入なし",gentle acoustic guitar ballad,9,7,0.39977049827575684,0.39977016548315686,-7.947285970052083e-08,0
C_selection,上位選択,tense orchestral strings with brass fanfare,0,0,0.4810062050819397,0.42955220739046734,0.06712683836619059,0
C_selection,上位選択,tense orchestral strings with brass fanfare,0,1,0.5422616004943848,0.4916708171367645,0.03905808528264364,0
C_selection,上位選択,tense orchestral strings with brass fanfare,0,2,0.6636708378791809,0.5472375899553299,0.045674510796864826,0
C_selection,上位選択,tense orchestral strings with brass fanfare,0,3,0.6636708378791809,0.6051446795463562,0.05685498317082723,1
C_selection,上位選択,tense orchestral strings with brass fanfare,0,4,0.8212128281593323,0.6787812014420828,0.049794212977091475,0
C_selection,上位選択,tense orchestral strings with brass fanfare,0,5,0.8212128281593323,0.7590069770812988,0.07705702384312947,0
C_selection,上位選択,tense orchestral strings with brass fanfare,0,6,0.8378152847290039,0.8104421397050222,0.07085066239039103,1
C_selection,上位選択,tense orchestral strings with brass fanfare,0,7,0.8585180044174194,0.7989188532034556,0.0660785436630249,2
C_selection,ランダム選択,tense orchestral strings with brass fanfare,0,0,0.4810062050819397,0.42955220739046734,0.06712683836619059,0
C_selection,ランダム選択,tense orchestral strings with brass fanfare,0,1,0.5078637003898621,0.41485805809497833,0.0560888409614563,1
C_selection,ランダム選択,tense orchestral strings with brass fanfare,0,2,0.5275135040283203,0.4331471820672353,0.04459466536839803,0
C_selection,ランダム選択,tense orchestral strings with brass fanfare,0,3,0.5593116879463196,0.4976339240868886,0.1029797355333964,1
C_selection,ランダム選択,tense orchestral strings with brass fanfare,0,4,0.5738667845726013,0.5171306331952413,0.04283085266749064,0
C_selection,ランダム選択,tense orchestral strings with brass fanfare,0,5,0.6754434108734131,0.5611935456593832,0.0833950956662496,1
C_selection,ランダム選択,tense orchestral strings with brass fanfare,0,6,0.625268816947937,0.5623536209265391,0.042507004737854,2
C_selection,ランダム選択,tense orchestral strings with brass fanfare,0,7,0.625268816947937,0.5780335962772369,0.02674014170964559,3
C_selection,上位選択,tense orchestral strings with brass fanfare,1,0,0.4810062050819397,0.335721159974734,0.09904448588689169,0
C_selection,上位選択,tense orchestral strings with brass fanfare,1,1,0.6197422742843628,0.49574034412701923,0.06449673175811768,0
C_selection,上位選択,tense orchestral strings with brass fanfare,1,2,0.6887631416320801,0.6135794123013815,0.04348938862482707,0
C_selection,上位選択,tense orchestral strings with brass fanfare,1,3,0.7620832324028015,0.6914264957110087,0.03605126142501831,0
C_selection,上位選択,tense orchestral strings with brass fanfare,1,4,0.763844907283783,0.7338037292162577,0.07400745550791422,1
C_selection,上位選択,tense orchestral strings with brass fanfare,1,5,0.766826868057251,0.7512258291244507,0.044120760758717854,2
C_selection,上位選択,tense orchestral strings with brass fanfare,1,6,0.766826868057251,0.7313934961954752,0.06390263239542643,3
C_selection,上位選択,tense orchestral strings with brass fanfare,1,7,0.7941375970840454,0.7729193965593973,0.05018308957417806,0
C_selection,ランダム選択,tense orchestral strings with brass fanfare,1,0,0.4810062050819397,0.335721159974734,0.09904448588689169,0
C_selection,ランダム選択,tense orchestral strings with brass fanfare,1,1,0.596952497959137,0.43907877802848816,0.11011534134546916,0
C_selection,ランダム選択,tense orchestral strings with brass fanfare,1,2,0.6619630455970764,0.5610978603363037,0.09465821186701456,1
C_selection,ランダム選択,tense orchestral strings with brass fanfare,1,3,0.7651726603507996,0.5513601452112198,0.07298409541447957,2
C_selection,ランダム選択,tense orchestral strings with brass fanfare,1,4,0.618145763874054,0.5624867528676987,0.0386230190594991,0
C_selection,ランダム選択,tense orchestral strings with brass fanfare,1,5,0.7093602418899536,0.6152313848336538,0.04541355768839518,1
C_selection,ランダム選択,tense orchestral strings with brass fanfare,1,6,0.6261568069458008,0.5930081109205881,0.04860599040985107,0
C_selection,ランダム選択,tense orchestral strings with brass fanfare,1,7,0.7703483700752258,0.60066819190979,0.08002554575602214,0
C_selection,上位選択,tense orchestral strings with brass fanfare,2,0,0.49935275316238403,0.387325257062912,0.07422441641489665,0
C_selection,上位選択,tense orchestral strings with brass fanfare,2,1,0.599869966506958,0.4945284277200699,0.05432678858439128,0
C_selection,上位選択,tense orchestral strings with brass fanfare,2,2,0.599869966506958,0.5588323076566061,0.05897292693456014,0
C_selection,上位選択,tense orchestral strings with brass fanfare,2,3,0.6113088130950928,0.5873311559359232,0.050928227106730145,1
C_selection,上位選択,tense orchestral strings with brass fanfare,2,4,0.6113088130950928,0.5825471778710684,0.046821256478627525,2
C_selection,上位選択,tense orchestral strings with brass fanfare,2,5,0.678861677646637,0.6085384140412012,0.02735823392868042,3
C_selection,上位選択,tense orchestral strings with brass fanfare,2,6,0.678861677646637,0.648216317097346,0.03475647767384847,4
C_selection,上位選択,tense orchestral strings with brass fanfare,2,7,0.678861677646637,0.6678733925024668,0.027110926310221353,5
C_selection,ランダム選択,tense orchestral strings with brass fanfare,2,0,0.49935275316238403,0.387325257062912,0.07422441641489665,0
C_selection,ランダム選択,tense orchestral strings with brass fanfare,2,1,0.5587111711502075,0.4723614702622096,0.04399999777475993,1
C_selection,ランダム選択,tense orchestral strings with brass fanfare,2,2,0.5405014753341675,0.46222833792368573,0.028668769200642905,2
C_selection,ランダム選択,tense orchestral strings with brass fanfare,2,3,0.5814690589904785,0.4679750899473826,0.030945563316345216,3
C_selection,ランダム選択,tense orchestral strings with brass fanfare,2,4,0.5582209825515747,0.4892369955778122,0.03140653769175212,0
C_selection,ランダム選択,tense orchestral strings with brass fanfare,2,5,0.5582209825515747,0.4926637460788091,0.06984105110168456,0
C_selection,ランダム選択,tense orchestral strings with brass fanfare,2,6,0.5582209825515747,0.5405390113592148,0.04193038543065389,0
C_selection,ランダム選択,tense orchestral strings with brass fanfare,2,7,0.5562337040901184,0.5192683438460032,0.07963292598724366,1
C_selection,上位選択,tense orchestral strings with brass fanfare,3,0,0.47226667404174805,0.3624727477629979,0.09100934664408365,0
C_selection,上位選択,tense orchestral strings with brass fanfare,3,1,0.5073180198669434,0.44366603593031567,0.0722556193669637,1
C_selection,上位選択,tense orchestral strings with brass fanfare,3,2,0.577914297580719,0.5068885336319605,0.03588241736094157,0
C_selection,上位選択,tense orchestral strings with brass fanfare,3,3,0.658601701259613,0.5679135620594025,0.05737104813257853,0
C_selection,上位選択,tense orchestral strings with brass fanfare,3,4,0.7970180511474609,0.6622762481371561,0.04544720649719238,0
C_selection,上位選択,tense orchestral strings with brass fanfare,3,5,0.7970180511474609,0.7219351132710775,0.08498833974202474,1
C_selection,上位選択,tense orchestral strings with brass fanfare,3,6,0.8484945893287659,0.7983016073703766,0.02095102071762085,0
C_selection,上位選択,tense orchestral strings with brass fanfare,3,7,0.8484945893287659,0.796581894159317,0.052766156196594236,1
C_selection,ランダム選択,tense orchestral strings with brass fanfare,3,0,0.47226667404174805,0.3624727477629979,0.09100934664408365,0
C_selection,ランダム選択,tense orchestral strings with brass fanfare,3,1,0.6707966327667236,0.4293298025925954,0.06287697156270346,1
C_selection,ランダム選択,tense orchestral strings with brass fanfare,3,2,0.5104616284370422,0.4303077658017476,0.03409140904744466,2
C_selection,ランダム選択,tense orchestral strings with brass fanfare,3,3,0.43367987871170044,0.39740602175394696,0.05618733565012614,0
C_selection,ランダム選択,tense orchestral strings with brass fanfare,3,4,0.7201859354972839,0.4523419340451558,0.1032793124516805,1
C_selection,ランダム選択,tense orchestral strings with brass fanfare,3,5,0.49422717094421387,0.4424680868784587,0.05359164476394653,0
C_selection,ランダム選択,tense orchestral strings with brass fanfare,3,6,0.46898138523101807,0.42162338892618817,0.13276690244674683,0
C_selection,ランダム選択,tense orchestral strings with brass fanfare,3,7,0.46470651030540466,0.41590070724487305,0.10733120441436768,1
C_selection,上位選択,tense orchestral strings with brass fanfare,4,0,0.49935275316238403,0.399837759633859,0.08588125705718994,0
C_selection,上位選択,tense orchestral strings with brass fanfare,4,1,0.5812680125236511,0.500969871878624,0.05160886843999227,1
C_selection,上位選択,tense orchestral strings with brass fanfare,4,2,0.6842477321624756,0.6091580887635549,0.08341486851374308,0
C_selection,上位選択,tense orchestral strings with brass fanfare,4,3,0.6949257850646973,0.664255807797114,0.11420115232467651,1
C_selection,上位選択,tense orchestral strings with brass fanfare,4,4,0.7583714723587036,0.7018881837526957,0.02115284204483032,0
C_selection,上位選択,tense orchestral strings with brass fanfare,4,5,0.7583714723587036,0.731150488058726,0.03166680733362834,1
C_selection,上位選択,tense orchestral strings with brass fanfare,4,6,0.7583714723587036,0.7478451033433279,0.025290886561075848,2
C_selection,上位選択,tense orchestral strings with brass fanfare,4,7,0.7619418501853943,0.7523999214172363,0.014510591824849447,3
C_selection,ランダム選択,tense orchestral strings with brass fanfare,4,0,0.49935275316238403,0.399837759633859,0.08588125705718994,0
C_selection,ランダム選択,tense orchestral strings with brass fanfare,4,1,0.4059763252735138,0.29313566039005917,0.07155005931854248,1
C_selection,ランダム選択,tense orchestral strings with brass fanfare,4,2,0.3920949399471283,0.31613581379254657,0.09906059900919596,2
C_selection,ランダム選択,tense orchestral strings with brass fanfare,4,3,0.5441413521766663,0.37800418337186176,0.05416049957275391,3
C_selection,ランダム選択,tense orchestral strings with brass fanfare,4,4,0.5506550669670105,0.410640815893809,0.029266873995463055,4
C_selection,ランダム選択,tense orchestral strings with brass fanfare,4,5,0.5701913833618164,0.3972730835278829,0.057653045654296874,0
C_selection,ランダム選択,tense orchestral strings with brass fanfare,4,6,0.5701913833618164,0.49599436422189075,0.062071188290913897,0
C_selection,ランダム選択,tense orchestral strings with brass fanfare,4,7,0.6472737193107605,0.5566942145427068,0.07081195910771688,1
C_selection,上位選択,tense orchestral strings with brass fanfare,5,0,0.35896870493888855,0.3069208984573682,0.09819510777791342,0
C_selection,上位選択,tense orchestral strings with brass fanfare,5,1,0.6491591930389404,0.4089761823415756,0.05375616153081258,0
C_selection,上位選択,tense orchestral strings with brass fanfare,5,2,0.6491591930389404,0.5227202127377192,0.10284167130788167,0
C_selection,上位選択,tense orchestral strings with brass fanfare,5,3,0.8127152323722839,0.65297532081604,0.09370354016621908,0
C_selection,上位選択,tense orchestral strings with brass fanfare,5,4,0.8127152323722839,0.7445733646551768,0.05820406675338745,1
C_selection,上位選択,tense orchestral strings with brass fanfare,5,5,0.8127152323722839,0.7737265725930532,0.04342706203460693,2
C_selection,上位選択,tense orchestral strings with brass fanfare,5,6,0.8127152323722839,0.800547868013382,0.04066431919733683,3
C_selection,上位選択,tense orchestral strings with brass fanfare,5,7,0.8127152323722839,0.7999507784843445,0.02699540853500366,4
C_selection,ランダム選択,tense orchestral strings with brass fanfare,5,0,0.35896870493888855,0.3069208984573682,0.09819510777791342,0
C_selection,ランダム選択,tense orchestral strings with brass fanfare,5,1,0.7669050693511963,0.37755876531203586,0.11971879005432129,1
C_selection,ランダム選択,tense orchestral strings with brass fanfare,5,2,0.5737881660461426,0.363731250166893,0.11497459014256796,0
C_selection,ランダム選択,tense orchestral strings with brass fanfare,5,3,0.5737881660461426,0.44513026376565296,0.1337614417076111,0
C_selection,ランダム選択,tense orchestral strings with brass fanfare,5,4,0.5737881660461426,0.49440333743890125,0.11773731708526611,0
C_selection,ランダム選択,tense orchestral strings with brass fanfare,5,5,0.46429112553596497,0.4226103574037552,0.05241216818491618,1
C_selection,ランダム選択,tense orchestral strings with brass fanfare,5,6,0.5444231629371643,0.4149659623702367,0.040302364031473796,2
C_selection,ランダム選択,tense orchestral strings with brass fanfare,5,7,0.4783054292201996,0.3956369310617447,0.028534754117329916,3
C_selection,上位選択,tense orchestral strings with brass fanfare,6,0,0.4888002276420593,0.32897702356179553,0.1020344058672587,0
C_selection,上位選択,tense orchestral strings with brass fanfare,6,1,0.5484595894813538,0.4837108552455902,0.08078669309616089,0
C_selection,上位選択,tense orchestral strings with brass fanfare,6,2,0.5738713145256042,0.5490484833717346,0.07238624890645345,1
C_selection,上位選択,tense orchestral strings with brass fanfare,6,3,0.5738713145256042,0.5589724580446879,0.05740444262822469,2
C_selection,上位選択,tense orchestral strings with brass fanfare,6,4,0.5738713145256042,0.554814209540685,0.042355636755625405,3
C_selection,上位選択,tense orchestral strings with brass fanfare,6,5,0.632053554058075,0.5753854165474573,0.020925756295522055,4
C_selection,上位選択,tense orchestral strings with brass fanfare,6,6,0.6578266024589539,0.630206286907196,0.015472841262817384,0
C_selection,上位選択,tense orchestral strings with brass fanfare,6,7,0.6731152534484863,0.6400394439697266,0.031136171023050944,1
C_selection,ランダム選択,tense orchestral strings with brass fanfare,6,0,0.4888002276420593,0.32897702356179553,0.1020344058672587,0
C_selection,ランダム選択,tense orchestral strings with brass fanfare,6,1,0.3642030656337738,0.2719082136948903,0.0584527850151062,1
C_selection,ランダム選択,tense orchestral strings with brass fanfare,6,2,0.7143068909645081,0.3604538713892301,0.07776041825612386,2
C_selection,ランダム選択,tense orchestral strings with brass fanfare,6,3,0.37423786520957947,0.3064031998316447,0.04811818202336629,3
C_selection,ランダム選択,tense orchestral strings with brass fanfare,6,4,0.37484458088874817,0.3070550511280696,0.056015578905741374,0
C_selection,ランダム選択,tense orchestral strings with brass fanfare,6,5,0.3908291161060333,0.3473846713701884,0.10120480060577393,1
C_selection,ランダム選択,tense orchestral strings with brass fanfare,6,6,0.40892452001571655,0.3688736508289973,0.055059925715128584,0
C_selection,ランダム選択,tense orchestral strings with brass fanfare,6,7,0.512406051158905,0.4112538645664851,0.07433019081751506,0
C_selection,上位選択,tense orchestral strings with brass fanfare,7,0,0.4060107469558716,0.2908063655098279,0.10361452500025431,0
C_selection,上位選択,tense orchestral strings with brass fanfare,7,1,0.4060107469558716,0.3745398869117101,0.0882343053817749,1
C_selection,上位選択,tense orchestral strings with brass fanfare,7,2,0.5191679000854492,0.43053921560446423,0.059527814388275146,0
C_selection,上位選択,tense orchestral strings with brass fanfare,7,3,0.5389019250869751,0.4831472436587016,0.1177372415860494,0
C_selection,上位選択,tense orchestral strings with brass fanfare,7,4,0.5457814931869507,0.5336357851823171,0.01389546791712443,1
C_selection,上位選択,tense orchestral strings with brass fanfare,7,5,0.5562384724617004,0.5437503556410471,0.05559022029240926,2
C_selection,上位選択,tense orchestral strings with brass fanfare,7,6,0.6206927299499512,0.5654075543085734,0.023648913701375326,0
C_selection,上位選択,tense orchestral strings with brass fanfare,7,7,0.6467666625976562,0.6047415633996328,0.05725885232289632,0
C_selection,ランダム選択,tense orchestral strings with brass fanfare,7,0,0.4060107469558716,0.2908063655098279,0.10361452500025431,0
C_selection,ランダム選択,tense orchestral strings with brass fanfare,7,1,0.5440859198570251,0.3383069212237994,0.07270596424738567,0
C_selection,ランダム選択,tense orchestral strings with brass fanfare,7,2,0.5666304230690002,0.401028148829937,0.10101488828659058,1
C_selection,ランダム選択,tense orchestral strings with brass fanfare,7,3,0.5440859198570251,0.47955942153930664,0.06355889240900675,2
C_selection,ランダム選択,tense orchestral strings with brass fanfare,7,4,0.5670574307441711,0.4959026575088501,0.046782322724660236,0
C_selection,ランダム選択,tense orchestral strings with brass fanfare,7,5,0.7470259070396423,0.6052874128023783,0.04563469092051188,1
C_selection,ランダム選択,tense orchestral strings with brass fanfare,7,6,0.6417198181152344,0.5954264005025228,0.044990877310434975,2
C_selection,ランダム選択,tense orchestral strings with brass fanfare,7,7,0.6170619130134583,0.6004919707775116,0.027437114715576173,0
C_selection,上位選択,tense orchestral strings with brass fanfare,8,0,0.47226667404174805,0.36574773242076236,0.09081679582595825,0
C_selection,上位選択,tense orchestral strings with brass fanfare,8,1,0.49431586265563965,0.44697702427705127,0.056336812178293866,1
C_selection,上位選択,tense orchestral strings with brass fanfare,8,2,0.5574557781219482,0.4960753470659256,0.034202698866526285,0
C_selection,上位選択,tense orchestral strings with brass fanfare,8,3,0.6338679790496826,0.5564549267292023,0.06069426933924357,0
C_selection,上位選択,tense orchestral strings with brass fanfare,8,4,0.802558422088623,0.6599337458610535,0.06187588771184285,0
C_selection,上位選択,tense orchestral strings with brass fanfare,8,5,0.802558422088623,0.7291516363620758,0.08956937392552694,1
C_selection,上位選択,tense orchestral strings with brass fanfare,8,6,0.8684155344963074,0.7999784847100576,0.028064262866973878,0
C_selection,上位選択,tense orchestral strings with brass fanfare,8,7,0.8684155344963074,0.834285706281662,0.04988186359405518,1
C_selection,ランダム選択,tense orchestral strings with brass fanfare,8,0,0.47226667404174805,0.36574773242076236,0.09081679582595825,0
C_selection,ランダム選択,tense orchestral strings with brass fanfare,8,1,0.5343886613845825,0.43615272144476575,0.08671404520670573,0
C_selection,ランダム選択,tense orchestral strings with brass fanfare,8,2,0.5719848871231079,0.5267130633195242,0.09213600158691407,0
C_selection,ランダム選択,tense orchestral strings with brass fanfare,8,3,0.5215814709663391,0.49241528411706287,0.047880287965138754,1
C_selection,ランダム選択,tense orchestral strings with brass fanfare,8,4,0.618633508682251,0.49718324343363446,0.06942727963129679,2
C_selection,ランダム選択,tense orchestral strings with brass fanfare,8,5,0.6538589596748352,0.5075780749320984,0.05780238310496012,0
C_selection,ランダム選択,tense orchestral strings with brass fanfare,8,6,0.6538589596748352,0.5586873690287272,0.07513610521952312,0
C_selection,ランダム選択,tense orchestral strings with brass fanfare,8,7,0.6711751222610474,0.5888645748297373,0.12196574211120606,0
C_selection,上位選択,tense orchestral strings with brass fanfare,9,0,0.40693551301956177,0.32215949644645053,0.09735840161641439,0
C_selection,上位選択,tense orchestral strings with brass fanfare,9,1,0.61656254529953,0.4525896906852722,0.0650871992111206,0
C_selection,上位選択,tense orchestral strings with brass fanfare,9,2,0.7016245126724243,0.5742064962784449,0.06342359781265258,0
C_selection,上位選択,tense orchestral strings with brass fanfare,9,3,0.8317263722419739,0.7035061319669088,0.06219315528869629,0
C_selection,上位選択,tense orchestral strings with brass fanfare,9,4,0.8721036314964294,0.7952581346035004,0.05746971368789673,0
C_selection,上位選択,tense orchestral strings with brass fanfare,9,5,0.8722335696220398,0.8326561351617178,0.059181217352549234,1
C_selection,上位選択,tense orchestral strings with brass fanfare,9,6,0.873537540435791,0.8350123365720113,0.06468769311904907,2
C_selection,上位選択,tense orchestral strings with brass fanfare,9,7,0.8806596398353577,0.8564307192961375,0.030328253904978435,3
C_selection,ランダム選択,tense orchestral strings with brass fanfare,9,0,0.40693551301956177,0.32215949644645053,0.09735840161641439,0
C_selection,ランダム選択,tense orchestral strings with brass fanfare,9,1,0.6325821876525879,0.4167146583398183,0.08268643220265706,1
C_selection,ランダム選択,tense orchestral strings with brass fanfare,9,2,0.4493536055088043,0.39834432303905487,0.0804943561553955,0
C_selection,ランダム選択,tense orchestral strings with brass fanfare,9,3,0.5327990055084229,0.42963901658852893,0.07632704973220825,0
C_selection,ランダム選択,tense orchestral strings with brass fanfare,9,4,0.5327990055084229,0.4606924504041672,0.11830482482910157,0
C_selection,ランダム選択,tense orchestral strings with brass fanfare,9,5,0.6322107911109924,0.5357735504706701,0.07173779805501303,1
C_selection,ランダム選択,tense orchestral strings with brass fanfare,9,6,0.549282431602478,0.5260754227638245,0.03394043445587158,0
C_selection,ランダム選択,tense orchestral strings with brass fanfare,9,7,0.6951836943626404,0.5601908266544342,0.0682651956876119,1
C_selection,上位選択,energetic electronic dance music with heavy bass,0,0,0.6226538419723511,0.4617709368467331,0.0972815990447998,0
C_selection,上位選択,energetic electronic dance music with heavy bass,0,1,0.6226538419723511,0.5536653598149618,0.08023964564005534,0
C_selection,上位選択,energetic electronic dance music with heavy bass,0,2,0.6454185247421265,0.6276079018910726,0.05556548039118449,1
C_selection,上位選択,energetic electronic dance music with heavy bass,0,3,0.6535451412200928,0.6422420839468638,0.057397683461507164,2
C_selection,上位選択,energetic electronic dance music with heavy bass,0,4,0.6536996960639954,0.6401932239532471,0.04350914557774862,3
C_selection,上位選択,energetic electronic dance music with heavy bass,0,5,0.6536996960639954,0.6386439601580302,0.0679740826288859,4
C_selection,上位選択,energetic electronic dance music with heavy bass,0,6,0.7174011468887329,0.658600777387619,0.05938644806543986,0
C_selection,上位選択,energetic electronic dance music with heavy bass,0,7,0.7218501567840576,0.7033488353093466,0.05987657308578491,1
C_selection,ランダム選択,energetic electronic dance music with heavy bass,0,0,0.6226538419723511,0.4617709368467331,0.0972815990447998,0
C_selection,ランダム選択,energetic electronic dance music with heavy bass,0,1,0.5922697186470032,0.4705575307210286,0.05750117301940918,0
C_selection,ランダム選択,energetic electronic dance music with heavy bass,0,2,0.5922697186470032,0.5257984399795532,0.09750342766443888,1
C_selection,ランダム選択,energetic electronic dance music with heavy bass,0,3,0.5732594728469849,0.5447160651286443,0.03547783692677816,2
C_selection,ランダム選択,energetic electronic dance music with heavy bass,0,4,0.569729745388031,0.5424584696690241,0.06691710551579794,3
C_selection,ランダム選択,energetic electronic dance music with heavy bass,0,5,0.5668606758117676,0.5494934221108755,0.05461790164311727,4
C_selection,ランダム選択,energetic electronic dance music with heavy bass,0,6,0.5721167325973511,0.5336937308311462,0.07310413916905721,5
C_selection,ランダム選択,energetic electronic dance music with heavy bass,0,7,0.5737167596817017,0.5690071284770966,0.04488073190053304,6
C_selection,上位選択,energetic electronic dance music with heavy bass,1,0,0.5009152889251709,0.4565443644920985,0.10459927717844646,0
C_selection,上位選択,energetic electronic dance music with heavy bass,1,1,0.5051500797271729,0.484389324982961,0.07204806407292684,1
C_selection,上位選択,energetic electronic dance music with heavy bass,1,2,0.5528077483177185,0.5133672853310903,0.019308133920033773,0
C_selection,上位選択,energetic electronic dance music with heavy bass,1,3,0.5834628939628601,0.5266457895437876,0.07744309504826864,1
C_selection,上位選択,energetic electronic dance music with heavy bass,1,4,0.6722427606582642,0.586830735206604,0.020249533653259277,0
C_selection,上位選択,energetic electronic dance music with heavy bass,1,5,0.6722427606582642,0.6411895751953125,0.05164763530095418,0
C_selection,上位選択,energetic electronic dance music with heavy bass,1,6,0.6854684948921204,0.6669993698596954,0.060700802008310954,1
C_selection,上位選択,energetic electronic dance music with heavy bass,1,7,0.6862648725509644,0.6651196380456289,0.04325587749481201,2
C_selection,ランダム選択,energetic electronic dance music with heavy bass,1,0,0.5009152889251709,0.4565443644920985,0.10459927717844646,0
C_selection,ランダム選択,energetic electronic dance music with heavy bass,1,1,0.525546133518219,0.4874885280927022,0.07303841511408488,0
C_selection,ランダム選択,energetic electronic dance music with heavy bass,1,2,0.5379022359848022,0.48833179473876953,0.051541988054911295,0
C_selection,ランダム選択,energetic electronic dance music with heavy bass,1,3,0.5379022359848022,0.5176908820867538,0.05781032641728719,1
C_selection,ランダム選択,energetic electronic dance music with heavy bass,1,4,0.678249180316925,0.5574051340421041,0.05922529300053914,2
C_selection,ランダム選択,energetic electronic dance music with heavy bass,1,5,0.5858206748962402,0.5394727190335592,0.039394938945770265,3
C_selection,ランダム選択,energetic electronic dance music with heavy bass,1,6,0.5420265793800354,0.5314432978630066,0.04985089699427287,0
C_selection,ランダム選択,energetic electronic dance music with heavy bass,1,7,0.5470037460327148,0.524169072508812,0.0624289592107137,0
C_selection,上位選択,energetic electronic dance music with heavy bass,2,0,0.5233039259910583,0.44042616585890454,0.11128692229588827,0
C_selection,上位選択,energetic electronic dance music with heavy bass,2,1,0.5551037788391113,0.5251018901666006,0.07464975516001383,0
C_selection,上位選択,energetic electronic dance music with heavy bass,2,2,0.5864427089691162,0.5661808351675669,0.06612603267033895,0
C_selection,上位選択,energetic electronic dance music with heavy bass,2,3,0.5956823825836182,0.5765340526898702,0.07288495302200318,1
C_selection,上位選択,energetic electronic dance music with heavy bass,2,4,0.6039126515388489,0.5868316690127054,0.029740719000498454,2
C_selection,上位選択,energetic electronic dance music with heavy bass,2,5,0.6039126515388489,0.595679928859075,0.03300477663675944,3
C_selection,上位選択,energetic electronic dance music with heavy bass,2,6,0.6560644507408142,0.5957273443539938,0.030387794971466063,4
C_selection,上位選択,energetic electronic dance music with heavy bass,2,7,0.6560644507408142,0.6275776028633118,0.029559810956319172,0
C_selection,ランダム選択,energetic electronic dance music with heavy bass,2,0,0.5233039259910583,0.44042616585890454,0.11128692229588827,0
C_selection,ランダム選択,energetic electronic dance music with heavy bass,2,1,0.5212205648422241,0.4760906795660655,0.07624474366505941,1
C_selection,ランダム選択,energetic electronic dance music with heavy bass,2,2,0.5428750514984131,0.48933931191762287,0.01356657346089681,2
C_selection,ランダム選択,energetic electronic dance music with heavy bass,2,3,0.5398013591766357,0.49736859897772473,0.028410593668619793,3
C_selection,ランダム選択,energetic electronic dance music with heavy bass,2,4,0.5077241659164429,0.47289634744326275,0.060331976413726805,4
C_selection,ランダム選択,energetic electronic dance music with heavy bass,2,5,0.5077241659164429,0.4801059861977895,0.07327909469604492,0
C_selection,ランダム選択,energetic electronic dance music with heavy bass,2,6,0.5196373462677002,0.48083848754564923,0.09677573839823404,1
C_selection,ランダム選択,energetic electronic dance music with heavy bass,2,7,0.4998731315135956,0.46079227328300476,0.05317884683609009,2
C_selection,上位選択,energetic electronic dance music with heavy bass,3,0,0.4927024841308594,0.4417880525191625,0.0990202824274699,0
C_selection,上位選択,energetic electronic dance music with heavy bass,3,1,0.5141403675079346,0.49101928373177844,0.06358714501063029,0
C_selection,上位選択,energetic electronic dance music with heavy bass,3,2,0.5210474729537964,0.5010742694139481,0.068710990746816,1
C_selection,上位選択,energetic electronic dance music with heavy bass,3,3,0.5314072370529175,0.5095693916082382,0.06793198585510254,2
C_selection,上位選択,energetic electronic dance music with heavy bass,3,4,0.5483382940292358,0.5142189860343933,0.0385853370030721,3
C_selection,上位選択,energetic electronic dance music with heavy bass,3,5,0.8142687082290649,0.5875839591026306,0.04683149655659993,0
C_selection,上位選択,energetic electronic dance music with heavy bass,3,6,0.8142687082290649,0.6728558441003164,0.11045098702112834,1
C_selection,上位選択,energetic electronic dance music with heavy bass,3,7,0.8142687082290649,0.754830668369929,0.04533641338348389,2
C_selection,ランダム選択,energetic electronic dance music with heavy bass,3,0,0.4927024841308594,0.4417880525191625,0.0990202824274699,0
C_selection,ランダム選択,energetic electronic dance music with heavy bass,3,1,0.7749011516571045,0.500584622224172,0.0657750646273295,1
C_selection,ランダム選択,energetic electronic dance music with heavy bass,3,2,0.4713672399520874,0.44604746500651044,0.04925895134607951,2
C_selection,ランダム選択,energetic electronic dance music with heavy bass,3,3,0.5222273468971252,0.4799596319595973,0.03097482124964396,3
C_selection,ランダム選択,energetic electronic dance music with heavy bass,3,4,0.6333910822868347,0.4993712157011032,0.04765854676564534,4
C_selection,ランダム選択,energetic electronic dance music with heavy bass,3,5,0.5184577107429504,0.4872174213329951,0.020802517731984455,0
C_selection,ランダム選択,energetic electronic dance music with heavy bass,3,6,0.5395239591598511,0.5097205440203348,0.022110132376352946,1
C_selection,ランダム選択,energetic electronic dance music with heavy bass,3,7,0.5578107237815857,0.5328459143638611,0.027177262306213378,2
C_selection,上位選択,energetic electronic dance music with heavy bass,4,0,0.6517051458358765,0.5224409252405167,0.09683512051900228,0
C_selection,上位選択,energetic electronic dance music with heavy bass,4,1,0.6865898370742798,0.6234984745581945,0.08412392536799113,1
C_selection,上位選択,energetic electronic dance music with heavy bass,4,2,0.6902440190315247,0.6388772279024124,0.09924514691034952,2
C_selection,上位選択,energetic electronic dance music with heavy bass,4,3,0.7002797722816467,0.6864056090513865,0.02889852523803711,3
C_selection,上位選択,energetic electronic dance music with heavy bass,4,4,0.7002797722816467,0.6915602882703146,0.04110860029856364,4
C_selection,上位選択,energetic electronic dance music with heavy bass,4,5,0.7002797722816467,0.679957926273346,0.07448782920837402,5
C_selection,上位選択,energetic electronic dance music with heavy bass,4,6,0.7002797722816467,0.698255697886149,0.041941575209299725,6
C_selection,上位選択,energetic electronic dance music with heavy bass,4,7,0.7002797722816467,0.6794408957163492,0.08187233209609986,7
C_selection,ランダム選択,energetic electronic dance music with heavy bass,4,0,0.6517051458358765,0.5224409252405167,0.09683512051900228,0
C_selection,ランダム選択,energetic electronic dance music with heavy bass,4,1,0.6147047281265259,0.4616078734397888,0.07393450736999511,1
C_selection,ランダム選択,energetic electronic dance music with heavy bass,4,2,0.45774412155151367,0.3945680831869443,0.09318730036417643,0
C_selection,ランダム選択,energetic electronic dance music with heavy bass,4,3,0.45774412155151367,0.4277860075235367,0.0432968537012736,1
C_selection,ランダム選択,energetic electronic dance music with heavy bass,4,4,0.4796825647354126,0.44183245301246643,0.06379021803538004,0
C_selection,ランダム選択,energetic electronic dance music with heavy bass,4,5,0.4826420843601227,0.4490256905555725,0.11956693331400553,1
C_selection,ランダム選択,energetic electronic dance music with heavy bass,4,6,0.7942178845405579,0.5465643753608068,0.05122597217559814,2
C_selection,ランダム選択,energetic electronic dance music with heavy bass,4,7,0.6048403978347778,0.5349096059799194,0.01719688574473063,3
C_selection,上位選択,energetic electronic dance music with heavy bass,5,0,0.6226538419723511,0.49074635406335193,0.08361127773920694,0
C_selection,上位選択,energetic electronic dance music with heavy bass,5,1,0.6812760233879089,0.6085949838161469,0.08117659489313761,0
C_selection,上位選択,energetic electronic dance music with heavy bass,5,2,0.709084689617157,0.6730000575383505,0.11070314248402914,1
C_selection,上位選択,energetic electronic dance music with heavy bass,5,3,0.709084689617157,0.6978826622168223,0.060709766546885174,2
C_selection,上位選択,energetic electronic dance music with heavy bass,5,4,0.7207523584365845,0.7072172065575918,0.037375541528066,3
C_selection,上位選択,energetic electronic dance music with heavy bass,5,5,0.7257150411605835,0.6883060137430826,0.0822976032892863,4
C_selection,上位選択,energetic electronic dance music with heavy bass,5,6,0.7510963678359985,0.7302057047684988,0.0192707896232605,0
C_selection,上位選択,energetic electronic dance music with heavy bass,5,7,0.7510963678359985,0.7426354686419169,0.023482914765675864,1
C_selection,ランダム選択,energetic electronic dance music with heavy bass,5,0,0.6226538419723511,0.49074635406335193,0.08361127773920694,0
C_selection,ランダム選択,energetic electronic dance music with heavy bass,5,1,0.44921839237213135,0.4361651788155238,0.0840114712715149,1
C_selection,ランダム選択,energetic electronic dance music with heavy bass,5,2,0.4710131883621216,0.4514240473508835,0.0350594162940979,2
C_selection,ランダム選択,energetic electronic dance music with heavy bass,5,3,0.521710216999054,0.46698486308256787,0.05967609087626139,0
C_selection,ランダム選択,energetic electronic dance music with heavy bass,5,4,0.5651118159294128,0.4927023301521937,0.07095243533452351,0
C_selection,ランダム選択,energetic electronic dance music with heavy bass,5,5,0.5651118159294128,0.5206167697906494,0.07503476540247599,0
C_selection,ランダム選択,energetic electronic dance music with heavy bass,5,6,0.6733942627906799,0.52265265583992,0.11316397587458292,0
C_selection,ランダム選択,energetic electronic dance music with heavy bass,5,7,0.5149035453796387,0.48866309225559235,0.0595994234085083,0
C_selection,上位選択,energetic electronic dance music with heavy bass,6,0,0.6517051458358765,0.4788698007663091,0.09236876169840495,0
C_selection,上位選択,energetic electronic dance music with heavy bass,6,1,0.6517051458358765,0.5728461543718973,0.0817804217338562,1
C_selection,上位選択,energetic electronic dance music with heavy bass,6,2,0.6517051458358765,0.6137917240460714,0.06442307631174723,2
C_selection,上位選択,energetic electronic dance music with heavy bass,6,3,0.6517051458358765,0.6376396417617798,0.0404002587000529,0
C_selection,上位選択,energetic electronic dance music with heavy bass,6,4,0.6689710021018982,0.6297236680984497,0.10675374666849773,1
C_selection,上位選択,energetic electronic dance music with heavy bass,6,5,0.6692255735397339,0.6482676168282827,0.030905354022979736,2
C_selection,上位選択,energetic electronic dance music with heavy bass,6,6,0.702042818069458,0.6677522957324982,0.0249922513961792,3
C_selection,上位選択,energetic electronic dance music with heavy bass,6,7,0.702042818069458,0.6689397295316061,0.058787127335866295,4
C_selection,ランダム選択,energetic electronic dance music with heavy bass,6,0,0.6517051458358765,0.4788698007663091,0.09236876169840495,0
C_selection,ランダム選択,energetic electronic dance music with heavy bass,6,1,0.46831607818603516,0.4387395729621251,0.0669768253962199,0
C_selection,ランダム選択,energetic electronic dance music with heavy bass,6,2,0.4875049889087677,0.45502127707004547,0.061341897646586103,1
C_selection,ランダム選択,energetic electronic dance music with heavy bass,6,3,0.4875049889087677,0.467157448331515,0.0954739252726237,2
C_selection,ランダム選択,energetic electronic dance music with heavy bass,6,4,0.48743152618408203,0.47196456293265027,0.02119747002919515,3
C_selection,ランダム選択,energetic electronic dance music with heavy bass,6,5,0.5219466090202332,0.4806155860424042,0.022840205828348795,0
C_selection,ランダム選択,energetic electronic dance music with heavy bass,6,6,0.5219466090202332,0.49364159007867175,0.026377856731414795,1
C_selection,ランダム選択,energetic electronic dance music with heavy bass,6,7,0.51035076379776,0.492072731256485,0.06309703985850017,2
C_selection,上位選択,energetic electronic dance music with heavy bass,7,0,0.6226538419723511,0.47521214683850604,0.08798190752665201,0
C_selection,上位選択,energetic electronic dance music with heavy bass,7,1,0.6476073265075684,0.5789424578348795,0.04963309367497762,0
C_selection,上位選択,energetic electronic dance music with heavy bass,7,2,0.6601476669311523,0.627063383658727,0.0730279564857483,1
C_selection,上位選択,energetic electronic dance music with heavy bass,7,3,0.6759567260742188,0.6628702382246653,0.02823645273844401,0
C_selection,上位選択,energetic electronic dance music with heavy bass,7,4,0.7371055483818054,0.6618648568789164,0.06399195591608683,1
C_selection,上位選択,energetic electronic dance music with heavy bass,7,5,0.7371055483818054,0.6975444952646891,0.02404224077860514,2
C_selection,上位選択,energetic electronic dance music with heavy bass,7,6,0.7703149318695068,0.732880562543869,0.01812909444173177,0
C_selection,上位選択,energetic electronic dance music with heavy bass,7,7,0.7703149318695068,0.7466064592202505,0.06407688856124878,1
C_selection,ランダム選択,energetic electronic dance music with heavy bass,7,0,0.6226538419723511,0.47521214683850604,0.08798190752665201,0
C_selection,ランダム選択,energetic electronic dance music with heavy bass,7,1,0.6226538419723511,0.5361564755439758,0.08807082573572794,1
C_selection,ランダム選択,energetic electronic dance music with heavy bass,7,2,0.5546574592590332,0.5326008498668671,0.027262516816457114,0
C_selection,ランダム選択,energetic electronic dance music with heavy bass,7,3,0.5998988151550293,0.5636831124623617,0.06313097476959229,1
C_selection,ランダム選択,energetic electronic dance music with heavy bass,7,4,0.5815179347991943,0.5653654535611471,0.024474755922953288,2
C_selection,ランダム選択,energetic electronic dance music with heavy bass,7,5,0.6133532524108887,0.5863623519738516,0.013827212651570638,3
C_selection,ランダム選択,energetic electronic dance music with heavy bass,7,6,0.6391099691390991,0.5954202314217886,0.046007696787516275,0
C_selection,ランダム選択,energetic electronic dance music with heavy bass,7,7,0.6094892024993896,0.5720701615015665,0.04983565807342529,0
C_selection,上位選択,energetic electronic dance music with heavy bass,8,0,0.5024479031562805,0.4526691983143489,0.07620668411254883,0
C_selection,上位選択,energetic electronic dance music with heavy bass,8,1,0.5050601959228516,0.4958172043164571,0.0544522484143575,1
C_selection,上位選択,energetic electronic dance music with heavy bass,8,2,0.5266821980476379,0.5115065773328146,0.025330408414204916,0
C_selection,上位選択,energetic electronic dance music with heavy bass,8,3,0.5357639789581299,0.5179463227589926,0.05369305610656738,1
C_selection,上位選択,energetic electronic dance music with heavy bass,8,4,0.5990150570869446,0.5520042181015015,0.05607935190200806,2
C_selection,上位選択,energetic electronic dance music with heavy bass,8,5,0.5990150570869446,0.5803125500679016,0.04193671544392904,3
C_selection,上位選択,energetic electronic dance music with heavy bass,8,6,0.6472725868225098,0.6058074434598287,0.03174734115600586,0
C_selection,上位選択,energetic electronic dance music with heavy bass,8,7,0.6472725868225098,0.6137789388497671,0.07294085025787353,1
C_selection,ランダム選択,energetic electronic dance music with heavy bass,8,0,0.5024479031562805,0.4526691983143489,0.07620668411254883,0
C_selection,ランダム選択,energetic electronic dance music with heavy bass,8,1,0.5014626979827881,0.46080245077610016,0.08766992886861165,1
C_selection,ランダム選択,energetic electronic dance music with heavy bass,8,2,0.5068399906158447,0.453242485721906,0.06890537738800048,2
C_selection,ランダム選択,energetic electronic dance music with heavy bass,8,3,0.7667990922927856,0.5336092511812845,0.04104722738265991,0
C_selection,ランダム選択,energetic electronic dance music with heavy bass,8,4,0.7667990922927856,0.6014541337887446,0.11470614671707154,1
C_selection,ランダム選択,energetic electronic dance music with heavy bass,8,5,0.666853666305542,0.6385331451892853,0.046907385190327965,2
C_selection,ランダム選択,energetic electronic dance music with heavy bass,8,6,0.6418551206588745,0.6174241006374359,0.06171026627222697,0
C_selection,ランダム選択,energetic electronic dance music with heavy bass,8,7,0.6521416902542114,0.6127077043056488,0.052782654762268066,1
C_selection,上位選択,energetic electronic dance music with heavy bass,9,0,0.469389945268631,0.4383464455604553,0.09284175237019857,0
C_selection,上位選択,energetic electronic dance music with heavy bass,9,1,0.48866188526153564,0.470869446794192,0.07126136620839436,0
C_selection,上位選択,energetic electronic dance music with heavy bass,9,2,0.5138843059539795,0.49314333001772565,0.10161834160486857,1
C_selection,上位選択,energetic electronic dance music with heavy bass,9,3,0.5286389589309692,0.47706348697344464,0.08418887853622437,2
C_selection,上位選択,energetic electronic dance music with heavy bass,9,4,0.5286389589309692,0.5085359414418539,0.038360989093780516,3
C_selection,上位選択,energetic electronic dance music with heavy bass,9,5,0.531432032585144,0.5056804567575455,0.055729417006174724,4
C_selection,上位選択,energetic electronic dance music with heavy bass,9,6,0.6053825616836548,0.5389844179153442,0.04737462600072225,5
C_selection,上位選択,energetic electronic dance music with heavy bass,9,7,0.6252413392066956,0.5769155124823252,0.028671205043792725,6
C_selection,ランダム選択,energetic electronic dance music with heavy bass,9,0,0.469389945268631,0.4383464455604553,0.09284175237019857,0
C_selection,ランダム選択,energetic electronic dance music with heavy bass,9,1,0.5009748935699463,0.4549788137276967,0.063973601659139,0
C_selection,ランダム選択,energetic electronic dance music with heavy bass,9,2,0.632178008556366,0.5186502933502197,0.056246356169382734,1
C_selection,ランダム選択,energetic electronic dance music with heavy bass,9,3,0.5210326910018921,0.4763998289903005,0.05899322430292765,2
C_selection,ランダム選択,energetic electronic dance music with heavy bass,9,4,0.5355360507965088,0.49547186493873596,0.0318943460782369,3
C_selection,ランダム選択,energetic electronic dance music with heavy bass,9,5,0.4979378283023834,0.47429930170377094,0.046134825547536215,4
C_selection,ランダム選択,energetic electronic dance music with heavy bass,9,6,0.7328868508338928,0.5360399484634399,0.03047372102737427,5
C_selection,ランダム選択,energetic electronic dance music with heavy bass,9,7,0.4973795711994171,0.47998717923959094,0.050110824902852374,6
C_selection,上位選択,gentle acoustic guitar ballad,0,0,0.4033348262310028,0.3080439269542694,0.10512704054514567,0
C_selection,上位選択,gentle acoustic guitar ballad,0,1,0.45389050245285034,0.41665396591027576,0.04873392581939697,0
C_selection,上位選択,gentle acoustic guitar ballad,0,2,0.4581540822982788,0.4506840854883194,0.07407785654067993,1
C_selection,上位選択,gentle acoustic guitar ballad,0,3,0.5369542241096497,0.469337855776151,0.057830655574798585,0
C_selection,上位選択,gentle acoustic guitar ballad,0,4,0.5369542241096497,0.5162236591180166,0.05266785224278768,0
C_selection,上位選択,gentle acoustic guitar ballad,0,5,0.5549501776695251,0.5245888431866964,0.051672248045603435,1
C_selection,上位選択,gentle acoustic guitar ballad,0,6,0.5549501776695251,0.536391943693161,0.04306031862894694,2
C_selection,上位選択,gentle acoustic guitar ballad,0,7,0.6044087409973145,0.5575069586435953,0.08577157258987426,0
C_selection,ランダム選択,gentle acoustic guitar ballad,0,0,0.4033348262310028,0.3080439269542694,0.10512704054514567,0
C_selection,ランダム選択,gentle acoustic guitar ballad,0,1,0.448347806930542,0.3051850199699402,0.0683693011601766,1
C_selection,ランダム選択,gentle acoustic guitar ballad,0,2,0.3341660499572754,0.30007175107796985,0.07017910083134969,2
C_selection,ランダム選択,gentle acoustic guitar ballad,0,3,0.342855840921402,0.31542762617270154,0.030733279387156167,3
C_selection,ランダム選択,gentle acoustic guitar ballad,0,4,0.33103039860725403,0.32208900650342304,0.030837186177571616,4
C_selection,ランダム選択,gentle acoustic guitar ballad,0,5,0.36314183473587036,0.325330729285876,0.03248207966486613,5
C_selection,ランダム選択,gentle acoustic guitar ballad,0,6,0.3538365066051483,0.32949305574099225,0.05045152107874552,6
C_selection,ランダム選択,gentle acoustic guitar ballad,0,7,0.49557480216026306,0.3605611026287079,0.042110065619150795,0
C_selection,上位選択,gentle acoustic guitar ballad,1,0,0.3476972281932831,0.2965381493171056,0.08963486750920614,0
C_selection,上位選択,gentle acoustic guitar ballad,1,1,0.35318124294281006,0.3492763141791026,0.05053942203521729,1
C_selection,上位選択,gentle acoustic guitar ballad,1,2,0.3778836131095886,0.3574830840031306,0.028012363115946452,0
C_selection,上位選択,gentle acoustic guitar ballad,1,3,0.3858090043067932,0.3692243496576945,0.0520578662554423,1
C_selection,上位選択,gentle acoustic guitar ballad,1,4,0.43071192502975464,0.3892531593640645,0.01892610788345337,0
C_selection,上位選択,gentle acoustic guitar ballad,1,5,0.4893733561038971,0.43272317945957184,0.042382991313934325,0
C_selection,上位選択,gentle acoustic guitar ballad,1,6,0.53542560338974,0.4831787546475728,0.08955148061116537,0
C_selection,上位選択,gentle acoustic guitar ballad,1,7,0.53542560338974,0.49972347418467206,0.09898856480916342,1
C_selection,ランダム選択,gentle acoustic guitar ballad,1,0,0.3476972281932831,0.2965381493171056,0.08963486750920614,0
C_selection,ランダム選択,gentle acoustic guitar ballad,1,1,0.4086959958076477,0.34363922476768494,0.07095430294672649,0
C_selection,ランダム選択,gentle acoustic guitar ballad,1,2,0.4086959958076477,0.3841135799884796,0.05960650046666463,1
C_selection,ランダム選択,gentle acoustic guitar ballad,1,3,0.40766194462776184,0.3627921591202418,0.05977768500645955,2
C_selection,ランダム選択,gentle acoustic guitar ballad,1,4,0.39081552624702454,0.3736068656047185,0.03983451128005981,0
C_selection,ランダム選択,gentle acoustic guitar ballad,1,5,0.422909677028656,0.35801460842291516,0.09784806966781616,1
C_selection,ランダム選択,gentle acoustic guitar ballad,1,6,0.422909677028656,0.3993803064028422,0.035027706623077394,2
C_selection,ランダム選択,gentle acoustic guitar ballad,1,7,0.394783616065979,0.38010768095652264,0.02979127566019694,3
C_selection,上位選択,gentle acoustic guitar ballad,2,0,0.4033348262310028,0.34687628348668414,0.11600944598515829,0
C_selection,上位選択,gentle acoustic guitar ballad,2,1,0.42696186900138855,0.4065708617369334,0.06813776890436808,1
C_selection,上位選択,gentle acoustic guitar ballad,2,2,0.42696186900138855,0.40780864655971527,0.07548544804255168,2
C_selection,上位選択,gentle acoustic guitar ballad,2,3,0.42696186900138855,0.42677415907382965,0.016268245379130044,3
C_selection,上位選択,gentle acoustic guitar ballad,2,4,0.4510798454284668,0.4267471929391225,0.04348909854888916,4
C_selection,上位選択,gentle acoustic guitar ballad,2,5,0.4510798454284668,0.4468654344479243,0.04040733575820923,5
C_selection,上位選択,gentle acoustic guitar ballad,2,6,0.5170705318450928,0.46115591128667194,0.052245012919108075,0
C_selection,上位選択,gentle acoustic guitar ballad,2,7,0.5170705318450928,0.4930775314569473,0.07309580643971761,0
C_selection,ランダム選択,gentle acoustic guitar ballad,2,0,0.4033348262310028,0.34687628348668414,0.11600944598515829,0
C_selection,ランダム選択,gentle acoustic guitar ballad,2,1,0.4033348262310028,0.37943661709626514,0.06394392649332682,1
C_selection,ランダム選択,gentle acoustic guitar ballad,2,2,0.46178409457206726,0.40960967540740967,0.03978941837946574,2
C_selection,ランダム選択,gentle acoustic guitar ballad,2,3,0.4311557412147522,0.39201057453950244,0.06664953231811524,3
C_selection,ランダム選択,gentle acoustic guitar ballad,2,4,0.47108855843544006,0.4181695481141408,0.03441074291865031,0
C_selection,ランダム選択,gentle acoustic guitar ballad,2,5,0.5391981601715088,0.46282850205898285,0.054077359040578206,1
C_selection,ランダム選択,gentle acoustic guitar ballad,2,6,0.47108855843544006,0.46289026240507763,0.04738511641820272,2
C_selection,ランダム選択,gentle acoustic guitar ballad,2,7,0.573887050151825,0.47985034187634784,0.09515051444371542,3
C_selection,上位選択,gentle acoustic guitar ballad,3,0,0.3476972281932831,0.28957971433798474,0.10517722765604655,0
C_selection,上位選択,gentle acoustic guitar ballad,3,1,0.41041576862335205,0.350393404563268,0.05912362337112427,0
C_selection,上位選択,gentle acoustic guitar ballad,3,2,0.4347010850906372,0.3882320324579875,0.09815699656804402,1
C_selection,上位選択,gentle acoustic guitar ballad,3,3,0.4347010850906372,0.4183250963687897,0.03310598532358806,2
C_selection,上位選択,gentle acoustic guitar ballad,3,4,0.5609733462333679,0.45596274236838025,0.08954761823018392,0
C_selection,上位選択,gentle acoustic guitar ballad,3,5,0.5609733462333679,0.5234425216913223,0.0913441260655721,0
C_selection,上位選択,gentle acoustic guitar ballad,3,6,0.5636411905288696,0.5354044735431671,0.06777909994125367,1
C_selection,上位選択,gentle acoustic guitar ballad,3,7,0.581698477268219,0.5523564120133718,0.06704508463541667,2
C_selection,ランダム選択,gentle acoustic guitar ballad,3,0,0.3476972281932831,0.28957971433798474,0.10517722765604655,0
C_selection,ランダム選択,gentle acoustic guitar ballad,3,1,0.4149881899356842,0.34077860911687213,0.0879116694132487,1
C_selection,ランダム選択,gentle acoustic guitar ballad,3,2,0.5232563018798828,0.37731173634529114,0.09453173081080118,2
C_selection,ランダム選択,gentle acoustic guitar ballad,3,3,0.3733794689178467,0.35319097340106964,0.07324256499608357,3
C_selection,ランダム選択,gentle acoustic guitar ballad,3,4,0.48539644479751587,0.3731473584969838,0.03568468888600667,0
C_selection,ランダム選択,gentle acoustic guitar ballad,3,5,0.6008942723274231,0.4485514412323634,0.05972625811894735,1
C_selection,ランダム選択,gentle acoustic guitar ballad,3,6,0.48539644479751587,0.43548313279946643,0.03484544356664022,2
C_selection,ランダム選択,gentle acoustic guitar ballad,3,7,0.4619712829589844,0.4402650793393453,0.05482853253682454,0
C_selection,上位選択,gentle acoustic guitar ballad,4,0,0.39707502722740173,0.3264918526013692,0.10416859785715739,0
C_selection,上位選択,gentle acoustic guitar ballad,4,1,0.47762322425842285,0.4236704856157303,0.0696057915687561,0
C_selection,上位選択,gentle acoustic guitar ballad,4,2,0.4966925382614136,0.47506604095300037,0.038876624902089436,0
C_selection,上位選択,gentle acoustic guitar ballad,4,3,0.555250346660614,0.5025150229533514,0.06311331590016683,0
C_selection,上位選択,gentle acoustic guitar ballad,4,4,0.5723128318786621,0.5299538324276606,0.07508846521377563,0
C_selection,上位選択,gentle acoustic guitar ballad,4,5,0.5723128318786621,0.5459959159294764,0.04164500633875529,1
C_selection,上位選択,gentle acoustic guitar ballad,4,6,0.5723128318786621,0.5691967209180196,0.011025830109914144,2
C_selection,上位選択,gentle acoustic guitar ballad,4,7,0.5723128318786621,0.5631522039572397,0.027363145351409913,3
C_selection,ランダム選択,gentle acoustic guitar ballad,4,0,0.39707502722740173,0.3264918526013692,0.10416859785715739,0
C_selection,ランダム選択,gentle acoustic guitar ballad,4,1,0.5017672181129456,0.392645796140035,0.08634535868962606,0
C_selection,ランダム選択,gentle acoustic guitar ballad,4,2,0.3821302056312561,0.3657085696856181,0.054901373386383054,0
C_selection,ランダム選択,gentle acoustic guitar ballad,4,3,0.49959346652030945,0.3890536328156789,0.08505277236302694,1
C_selection,ランダム選択,gentle acoustic guitar ballad,4,4,0.44107741117477417,0.3702990661064784,0.094144872824351,0
C_selection,ランダム選択,gentle acoustic guitar ballad,4,5,0.3787497282028198,0.3354902317126592,0.07376621166865031,1
C_selection,ランダム選択,gentle acoustic guitar ballad,4,6,0.3653789758682251,0.3169979403416316,0.05364797512690226,2
C_selection,ランダム選択,gentle acoustic guitar ballad,4,7,0.42803388833999634,0.3409569561481476,0.0584461768468221,3
C_selection,上位選択,gentle acoustic guitar ballad,5,0,0.3725655674934387,0.32056715587774914,0.10043558677037558,0
C_selection,上位選択,gentle acoustic guitar ballad,5,1,0.41266128420829773,0.37941040595372516,0.062424206733703615,1
C_selection,上位選択,gentle acoustic guitar ballad,5,2,0.43695956468582153,0.40358659128348034,0.0600172758102417,2
C_selection,上位選択,gentle acoustic guitar ballad,5,3,0.5434092879295349,0.4590621143579483,0.04672842025756836,0
C_selection,上位選択,gentle acoustic guitar ballad,5,4,0.5482915043830872,0.5266497234503428,0.04394005537033081,0
C_selection,上位選択,gentle acoustic guitar ballad,5,5,0.5526148676872253,0.531779815753301,0.03836518923441569,1
C_selection,上位選択,gentle acoustic guitar ballad,5,6,0.5701841115951538,0.5452838291724523,0.03570024967193604,2
C_selection,上位選択,gentle acoustic guitar ballad,5,7,0.5701841115951538,0.5413943529129028,0.06530669530232748,3
C_selection,ランダム選択,gentle acoustic guitar ballad,5,0,0.3725655674934387,0.32056715587774914,0.10043558677037558,0
C_selection,ランダム選択,gentle acoustic guitar ballad,5,1,0.5169110298156738,0.36435871322949726,0.0828471819559733,1
C_selection,ランダム選択,gentle acoustic guitar ballad,5,2,0.3699936866760254,0.3521453042825063,0.08451505899429321,0
C_selection,ランダム選択,gentle acoustic guitar ballad,5,3,0.3914887309074402,0.378081018726031,0.13637113968531292,1
C_selection,ランダム選択,gentle acoustic guitar ballad,5,4,0.5099210739135742,0.4110622803370158,0.11202499469121298,0
C_selection,ランダム選択,gentle acoustic guitar ballad,5,5,0.51968914270401,0.4903574238220851,0.05621005296707153,0
C_selection,ランダム選択,gentle acoustic guitar ballad,5,6,0.5632965564727783,0.5244518717130026,0.060799026489257814,1
C_selection,ランダム選択,gentle acoustic guitar ballad,5,7,0.518684983253479,0.5011853774388632,0.056152403354644775,2
C_selection,上位選択,gentle acoustic guitar ballad,6,0,0.4033348262310028,0.328225056330363,0.097114364306132,0
C_selection,上位選択,gentle acoustic guitar ballad,6,1,0.41939231753349304,0.3945804138978322,0.034957416852315265,0
C_selection,上位選択,gentle acoustic guitar ballad,6,2,0.4225594699382782,0.4051593740781148,0.0730211853981018,1
C_selection,上位選択,gentle acoustic guitar ballad,6,3,0.5362030267715454,0.4453357309103012,0.021029933293660482,0
C_selection,上位選択,gentle acoustic guitar ballad,6,4,0.5362030267715454,0.49317918717861176,0.045287648836771645,1
C_selection,上位選択,gentle acoustic guitar ballad,6,5,0.5362030267715454,0.5242036879062653,0.04667840798695882,0
C_selection,上位選択,gentle acoustic guitar ballad,6,6,0.5776578783988953,0.5288302699724833,0.07517582178115845,1
C_selection,上位選択,gentle acoustic guitar ballad,6,7,0.5776578783988953,0.546617458264033,0.0288161834081014,2
C_selection,ランダム選択,gentle acoustic guitar ballad,6,0,0.4033348262310028,0.328225056330363,0.097114364306132,0
C_selection,ランダム選択,gentle acoustic guitar ballad,6,1,0.4328039884567261,0.3879684458176295,0.0973434845606486,0
C_selection,ランダム選択,gentle acoustic guitar ballad,6,2,0.4197099506855011,0.4031081348657608,0.08435549736022949,1
C_selection,ランダム選択,gentle acoustic guitar ballad,6,3,0.4214262068271637,0.41778014103571576,0.06603333552678427,2
C_selection,ランダム選択,gentle acoustic guitar ballad,6,4,0.4210829436779022,0.40972311794757843,0.06091007391611735,0
C_selection,ランダム選択,gentle acoustic guitar ballad,6,5,0.5070206522941589,0.4201190918684006,0.06378360191980997,0
C_selection,ランダム選択,gentle acoustic guitar ballad,6,6,0.42304113507270813,0.4023978461821874,0.05994378725687663,1
C_selection,ランダム選択,gentle acoustic guitar ballad,6,7,0.4210829436779022,0.4158107141653697,0.042901821931203205,0
C_selection,上位選択,gentle acoustic guitar ballad,7,0,0.3565823435783386,0.31191735963026684,0.09527833461761474,0
C_selection,上位選択,gentle acoustic guitar ballad,7,1,0.3602488338947296,0.3487561494112015,0.12503994305928548,1
C_selection,上位選択,gentle acoustic guitar ballad,7,2,0.37772881984710693,0.3573162953058879,0.046665342648824056,2
C_selection,上位選択,gentle acoustic guitar ballad,7,3,0.4889078736305237,0.39120084544022876,0.056267619132995605,0
C_selection,上位選択,gentle acoustic guitar ballad,7,4,0.4889078736305237,0.43212248384952545,0.10833800236384074,1
C_selection,上位選択,gentle acoustic guitar ballad,7,5,0.5093057751655579,0.48064546783765155,0.05057492653528849,0
C_selection,上位選択,gentle acoustic guitar ballad,7,6,0.5137854814529419,0.501963252822558,0.03951419591903686,1
C_selection,上位選択,gentle acoustic guitar ballad,7,7,0.5137854814529419,0.5066958963871002,0.030195045471191406,2
C_selection,ランダム選択,gentle acoustic guitar ballad,7,0,0.3565823435783386,0.31191735963026684,0.09527833461761474,0
C_selection,ランダム選択,gentle acoustic guitar ballad,7,1,0.3411976099014282,0.31263912717501324,0.0726298173268636,1
C_selection,ランダム選択,gentle acoustic guitar ballad,7,2,0.38170966506004333,0.3335159619649251,0.047938179969787595,2
C_selection,ランダム選択,gentle acoustic guitar ballad,7,3,0.45515474677085876,0.3509492874145508,0.05529969533284505,0
C_selection,ランダム選択,gentle acoustic guitar ballad,7,4,0.47018811106681824,0.40383149186770123,0.08230560620625814,0
C_selection,ランダム選択,gentle acoustic guitar ballad,7,5,0.5687436461448669,0.43786634504795074,0.08253757158915202,0
C_selection,ランダム選択,gentle acoustic guitar ballad,7,6,0.5417460203170776,0.4633486767609914,0.07395718097686768,1
C_selection,ランダム選択,gentle acoustic guitar ballad,7,7,0.48847121000289917,0.4672140081723531,0.01841122309366862,2
C_selection,上位選択,gentle acoustic guitar ballad,8,0,0.4033348262310028,0.29583320518334705,0.09843323230743409,0
C_selection,上位選択,gentle acoustic guitar ballad,8,1,0.5327454805374146,0.39531348645687103,0.07729002237319946,0
C_selection,上位選択,gentle acoustic guitar ballad,8,2,0.5327454805374146,0.4751530687014262,0.06417621771494547,1
C_selection,上位選択,gentle acoustic guitar ballad,8,3,0.5524926781654358,0.5219836433728536,0.051277653376261396,0
C_selection,上位選択,gentle acoustic guitar ballad,8,4,0.5625432133674622,0.551191488901774,0.048285269737243654,0
C_selection,上位選択,gentle acoustic guitar ballad,8,5,0.5781641006469727,0.5552093088626862,0.041122615337371826,1
C_selection,上位選択,gentle acoustic guitar ballad,8,6,0.5781641006469727,0.5728241006533304,0.061788201332092285,2
C_selection,上位選択,gentle acoustic guitar ballad,8,7,0.5781641006469727,0.5513895054658254,0.056482402483622234,3
C_selection,ランダム選択,gentle acoustic guitar ballad,8,0,0.4033348262310028,0.29583320518334705,0.09843323230743409,0
C_selection,ランダム選択,gentle acoustic guitar ballad,8,1,0.3552711009979248,0.269318625330925,0.043375428517659506,0
C_selection,ランダム選択,gentle acoustic guitar ballad,8,2,0.3755432069301605,0.3303528626759847,0.05682095686594645,0
C_selection,ランダム選択,gentle acoustic guitar ballad,8,3,0.3821474611759186,0.36245012283325195,0.11915873686472575,1
C_selection,ランダム選択,gentle acoustic guitar ballad,8,4,0.4797925055027008,0.36663346985975903,0.05465477705001831,2
C_selection,ランダム選択,gentle acoustic guitar ballad,8,5,0.39183035492897034,0.37209320068359375,0.03436686197916667,3
C_selection,ランダム選択,gentle acoustic guitar ballad,8,6,0.4056905210018158,0.3618040978908539,0.022917075951894125,4
C_selection,ランダム選択,gentle acoustic guitar ballad,8,7,0.42753028869628906,0.3949054181575775,0.028864598274230956,0
C_selection,上位選択,gentle acoustic guitar ballad,9,0,0.4033348262310028,0.33397896587848663,0.10627808173497517,0
C_selection,上位選択,gentle acoustic guitar ballad,9,1,0.49326711893081665,0.4306525985399882,0.06810302337010701,0
C_selection,上位選択,gentle acoustic guitar ballad,9,2,0.5185551643371582,0.4912377248207728,0.08477526903152466,0
C_selection,上位選択,gentle acoustic guitar ballad,9,3,0.5393529534339905,0.501452753941218,0.0981840173403422,1
C_selection,上位選択,gentle acoustic guitar ballad,9,4,0.5827907919883728,0.5413044095039368,0.04314821163813273,0
C_selection,上位選択,gentle acoustic guitar ballad,9,5,0.5830371379852295,0.5684151450792948,0.07690966526667277,0
C_selection,上位選択,gentle acoustic guitar ballad,9,6,0.584467351436615,0.5785749753316244,0.04222437540690104,1
C_selection,上位選択,gentle acoustic guitar ballad,9,7,0.5847281217575073,0.5806175271670023,0.02863320509592692,2
C_selection,ランダム選択,gentle acoustic guitar ballad,9,0,0.4033348262310028,0.33397896587848663,0.10627808173497517,0
C_selection,ランダム選択,gentle acoustic guitar ballad,9,1,0.4033348262310028,0.3604266991217931,0.046917434533437094,1
C_selection,ランダム選択,gentle acoustic guitar ballad,9,2,0.42093101143836975,0.3843703866004944,0.08203488190968831,0
C_selection,ランダム選択,gentle acoustic guitar ballad,9,3,0.39096203446388245,0.3733561436335246,0.08959763447443644,0
C_selection,ランダム選択,gentle acoustic guitar ballad,9,4,0.5075684189796448,0.4092792769273122,0.04862014849980672,0
C_selection,ランダム選択,gentle acoustic guitar ballad,9,5,0.5075684189796448,0.452494536836942,0.07617261409759521,0
C_selection,ランダム選択,gentle acoustic guitar ballad,9,6,0.5075684189796448,0.4580777734518051,0.0714515248934428,0
C_selection,ランダム選択,gentle acoustic guitar ballad,9,7,0.5049241781234741,0.46639151871204376,0.10299607515335082,1
